Provinces	Sex	Period	Total
02 Albacete	Both genders	2024	83.66
02 Albacete	Both genders	2023	83.61
02 Albacete	Both genders	2022	82.99
02 Albacete	Both genders	2021	83.21
02 Albacete	Both genders	2020	81.36
02 Albacete	Both genders	2019	83.31
02 Albacete	Both genders	2018	83.36
02 Albacete	Both genders	2017	83.47
02 Albacete	Both genders	2016	83.14
02 Albacete	Both genders	2015	82.87
02 Albacete	Both genders	2014	82.66
02 Albacete	Both genders	2013	82.84
02 Albacete	Both genders	2012	82.65
02 Albacete	Both genders	2011	82.43
02 Albacete	Both genders	2010	82.65
02 Albacete	Both genders	2009	81.81
02 Albacete	Both genders	2008	81.84
02 Albacete	Both genders	2007	81.58
02 Albacete	Both genders	2006	81.55
02 Albacete	Both genders	2005	80.87
02 Albacete	Both genders	2004	81.11
02 Albacete	Both genders	2003	80.20
02 Albacete	Both genders	2002	80.62
02 Albacete	Both genders	2001	80.37
02 Albacete	Both genders	2000	79.94
02 Albacete	Both genders	1999	80.09
02 Albacete	Both genders	1998	79.13
02 Albacete	Both genders	1997	79.46
02 Albacete	Both genders	1996	78.88
02 Albacete	Both genders	1995	79.18
02 Albacete	Both genders	1994	78.44
02 Albacete	Both genders	1993	77.69
02 Albacete	Both genders	1992	78.03
02 Albacete	Both genders	1991	77.62
02 Albacete	Both genders	1990	78.33
02 Albacete	Both genders	1989	77.32
02 Albacete	Both genders	1988	77.38
02 Albacete	Both genders	1987	77.23
02 Albacete	Both genders	1986	76.84
02 Albacete	Both genders	1985	76.46
02 Albacete	Both genders	1984	76.55
02 Albacete	Both genders	1983	75.95
02 Albacete	Both genders	1982	76.27
02 Albacete	Both genders	1981	75.53
02 Albacete	Both genders	1980	75.38
02 Albacete	Both genders	1979	74.55
02 Albacete	Both genders	1978	74.34
02 Albacete	Both genders	1977	73.80
02 Albacete	Both genders	1976	73.64
02 Albacete	Both genders	1975	73.13
02 Albacete	Males	2024	81.10
02 Albacete	Males	2023	81.13
02 Albacete	Males	2022	80.30
02 Albacete	Males	2021	80.51
02 Albacete	Males	2020	78.93
02 Albacete	Males	2019	80.86
02 Albacete	Males	2018	80.83
02 Albacete	Males	2017	81.05
02 Albacete	Males	2016	80.71
02 Albacete	Males	2015	80.44
02 Albacete	Males	2014	79.82
02 Albacete	Males	2013	80.56
02 Albacete	Males	2012	80.16
02 Albacete	Males	2011	80.00
02 Albacete	Males	2010	80.28
02 Albacete	Males	2009	78.97
02 Albacete	Males	2008	79.09
02 Albacete	Males	2007	79.15
02 Albacete	Males	2006	78.82
02 Albacete	Males	2005	78.34
02 Albacete	Males	2004	78.51
02 Albacete	Males	2003	77.41
02 Albacete	Males	2002	77.68
02 Albacete	Males	2001	77.32
02 Albacete	Males	2000	77.21
02 Albacete	Males	1999	77.12
02 Albacete	Males	1998	76.31
02 Albacete	Males	1997	76.83
02 Albacete	Males	1996	76.13
02 Albacete	Males	1995	76.37
02 Albacete	Males	1994	75.93
02 Albacete	Males	1993	74.78
02 Albacete	Males	1992	75.32
02 Albacete	Males	1991	75.18
02 Albacete	Males	1990	75.56
02 Albacete	Males	1989	74.84
02 Albacete	Males	1988	74.72
02 Albacete	Males	1987	75.03
02 Albacete	Males	1986	74.53
02 Albacete	Males	1985	73.84
02 Albacete	Males	1984	73.84
02 Albacete	Males	1983	73.25
02 Albacete	Males	1982	73.81
02 Albacete	Males	1981	72.94
02 Albacete	Males	1980	72.88
02 Albacete	Males	1979	72.64
02 Albacete	Males	1978	72.19
02 Albacete	Males	1977	71.44
02 Albacete	Males	1976	71.78
02 Albacete	Males	1975	71.16
02 Albacete	Females	2024	86.28
02 Albacete	Females	2023	86.14
02 Albacete	Females	2022	85.79
02 Albacete	Females	2021	86.01
02 Albacete	Females	2020	83.92
02 Albacete	Females	2019	85.81
02 Albacete	Females	2018	85.95
02 Albacete	Females	2017	85.92
02 Albacete	Females	2016	85.59
02 Albacete	Females	2015	85.33
02 Albacete	Females	2014	85.63
02 Albacete	Females	2013	85.12
02 Albacete	Females	2012	85.18
02 Albacete	Females	2011	84.92
02 Albacete	Females	2010	85.02
02 Albacete	Females	2009	84.75
02 Albacete	Females	2008	84.68
02 Albacete	Females	2007	84.02
02 Albacete	Females	2006	84.32
02 Albacete	Females	2005	83.43
02 Albacete	Females	2004	83.77
02 Albacete	Females	2003	83.05
02 Albacete	Females	2002	83.63
02 Albacete	Females	2001	83.48
02 Albacete	Females	2000	82.74
02 Albacete	Females	1999	83.13
02 Albacete	Females	1998	82.02
02 Albacete	Females	1997	82.10
02 Albacete	Females	1996	81.70
02 Albacete	Females	1995	82.03
02 Albacete	Females	1994	80.99
02 Albacete	Females	1993	80.69
02 Albacete	Females	1992	80.81
02 Albacete	Females	1991	80.08
02 Albacete	Females	1990	81.14
02 Albacete	Females	1989	79.83
02 Albacete	Females	1988	80.10
02 Albacete	Females	1987	79.38
02 Albacete	Females	1986	79.14
02 Albacete	Females	1985	79.12
02 Albacete	Females	1984	79.32
02 Albacete	Females	1983	78.68
02 Albacete	Females	1982	78.71
02 Albacete	Females	1981	78.16
02 Albacete	Females	1980	77.93
02 Albacete	Females	1979	76.42
02 Albacete	Females	1978	76.45
02 Albacete	Females	1977	76.21
02 Albacete	Females	1976	75.50
02 Albacete	Females	1975	75.08
03 Alicante/Alacant	Both genders	2024	83.61
03 Alicante/Alacant	Both genders	2023	83.21
03 Alicante/Alacant	Both genders	2022	82.62
03 Alicante/Alacant	Both genders	2021	82.21
03 Alicante/Alacant	Both genders	2020	82.42
03 Alicante/Alacant	Both genders	2019	83.09
03 Alicante/Alacant	Both genders	2018	82.69
03 Alicante/Alacant	Both genders	2017	82.68
03 Alicante/Alacant	Both genders	2016	82.85
03 Alicante/Alacant	Both genders	2015	82.51
03 Alicante/Alacant	Both genders	2014	82.66
03 Alicante/Alacant	Both genders	2013	82.57
03 Alicante/Alacant	Both genders	2012	81.99
03 Alicante/Alacant	Both genders	2011	82.17
03 Alicante/Alacant	Both genders	2010	82.09
03 Alicante/Alacant	Both genders	2009	81.91
03 Alicante/Alacant	Both genders	2008	81.26
03 Alicante/Alacant	Both genders	2007	80.92
03 Alicante/Alacant	Both genders	2006	80.85
03 Alicante/Alacant	Both genders	2005	80.05
03 Alicante/Alacant	Both genders	2004	80.08
03 Alicante/Alacant	Both genders	2003	79.29
03 Alicante/Alacant	Both genders	2002	79.29
03 Alicante/Alacant	Both genders	2001	78.92
03 Alicante/Alacant	Both genders	2000	78.89
03 Alicante/Alacant	Both genders	1999	78.36
03 Alicante/Alacant	Both genders	1998	78.77
03 Alicante/Alacant	Both genders	1997	78.45
03 Alicante/Alacant	Both genders	1996	78.23
03 Alicante/Alacant	Both genders	1995	78.04
03 Alicante/Alacant	Both genders	1994	77.72
03 Alicante/Alacant	Both genders	1993	77.49
03 Alicante/Alacant	Both genders	1992	77.39
03 Alicante/Alacant	Both genders	1991	77.03
03 Alicante/Alacant	Both genders	1990	76.43
03 Alicante/Alacant	Both genders	1989	76.30
03 Alicante/Alacant	Both genders	1988	76.18
03 Alicante/Alacant	Both genders	1987	76.32
03 Alicante/Alacant	Both genders	1986	76.21
03 Alicante/Alacant	Both genders	1985	76.22
03 Alicante/Alacant	Both genders	1984	76.30
03 Alicante/Alacant	Both genders	1983	75.93
03 Alicante/Alacant	Both genders	1982	75.68
03 Alicante/Alacant	Both genders	1981	75.26
03 Alicante/Alacant	Both genders	1980	75.03
03 Alicante/Alacant	Both genders	1979	74.14
03 Alicante/Alacant	Both genders	1978	73.68
03 Alicante/Alacant	Both genders	1977	73.31
03 Alicante/Alacant	Both genders	1976	73.24
03 Alicante/Alacant	Both genders	1975	72.88
03 Alicante/Alacant	Males	2024	81.18
03 Alicante/Alacant	Males	2023	80.75
03 Alicante/Alacant	Males	2022	79.96
03 Alicante/Alacant	Males	2021	79.58
03 Alicante/Alacant	Males	2020	79.89
03 Alicante/Alacant	Males	2019	80.48
03 Alicante/Alacant	Males	2018	80.19
03 Alicante/Alacant	Males	2017	80.16
03 Alicante/Alacant	Males	2016	80.60
03 Alicante/Alacant	Males	2015	80.01
03 Alicante/Alacant	Males	2014	80.27
03 Alicante/Alacant	Males	2013	80.27
03 Alicante/Alacant	Males	2012	79.42
03 Alicante/Alacant	Males	2011	79.72
03 Alicante/Alacant	Males	2010	79.62
03 Alicante/Alacant	Males	2009	79.32
03 Alicante/Alacant	Males	2008	78.41
03 Alicante/Alacant	Males	2007	78.15
03 Alicante/Alacant	Males	2006	78.08
03 Alicante/Alacant	Males	2005	77.20
03 Alicante/Alacant	Males	2004	77.18
03 Alicante/Alacant	Males	2003	76.32
03 Alicante/Alacant	Males	2002	76.15
03 Alicante/Alacant	Males	2001	75.72
03 Alicante/Alacant	Males	2000	75.66
03 Alicante/Alacant	Males	1999	75.03
03 Alicante/Alacant	Males	1998	75.68
03 Alicante/Alacant	Males	1997	75.12
03 Alicante/Alacant	Males	1996	74.95
03 Alicante/Alacant	Males	1995	74.84
03 Alicante/Alacant	Males	1994	74.69
03 Alicante/Alacant	Males	1993	74.38
03 Alicante/Alacant	Males	1992	73.96
03 Alicante/Alacant	Males	1991	73.63
03 Alicante/Alacant	Males	1990	73.16
03 Alicante/Alacant	Males	1989	73.07
03 Alicante/Alacant	Males	1988	72.98
03 Alicante/Alacant	Males	1987	73.22
03 Alicante/Alacant	Males	1986	73.24
03 Alicante/Alacant	Males	1985	73.16
03 Alicante/Alacant	Males	1984	73.41
03 Alicante/Alacant	Males	1983	73.00
03 Alicante/Alacant	Males	1982	72.99
03 Alicante/Alacant	Males	1981	72.38
03 Alicante/Alacant	Males	1980	72.18
03 Alicante/Alacant	Males	1979	71.09
03 Alicante/Alacant	Males	1978	71.10
03 Alicante/Alacant	Males	1977	70.50
03 Alicante/Alacant	Males	1976	70.31
03 Alicante/Alacant	Males	1975	70.09
03 Alicante/Alacant	Females	2024	86.02
03 Alicante/Alacant	Females	2023	85.67
03 Alicante/Alacant	Females	2022	85.36
03 Alicante/Alacant	Females	2021	84.91
03 Alicante/Alacant	Females	2020	84.99
03 Alicante/Alacant	Females	2019	85.72
03 Alicante/Alacant	Females	2018	85.21
03 Alicante/Alacant	Females	2017	85.23
03 Alicante/Alacant	Females	2016	85.10
03 Alicante/Alacant	Females	2015	85.07
03 Alicante/Alacant	Females	2014	85.06
03 Alicante/Alacant	Females	2013	84.89
03 Alicante/Alacant	Females	2012	84.64
03 Alicante/Alacant	Females	2011	84.66
03 Alicante/Alacant	Females	2010	84.58
03 Alicante/Alacant	Females	2009	84.54
03 Alicante/Alacant	Females	2008	84.20
03 Alicante/Alacant	Females	2007	83.76
03 Alicante/Alacant	Females	2006	83.68
03 Alicante/Alacant	Females	2005	82.97
03 Alicante/Alacant	Females	2004	83.08
03 Alicante/Alacant	Females	2003	82.35
03 Alicante/Alacant	Females	2002	82.53
03 Alicante/Alacant	Females	2001	82.21
03 Alicante/Alacant	Females	2000	82.19
03 Alicante/Alacant	Females	1999	81.80
03 Alicante/Alacant	Females	1998	81.89
03 Alicante/Alacant	Females	1997	81.86
03 Alicante/Alacant	Females	1996	81.56
03 Alicante/Alacant	Females	1995	81.28
03 Alicante/Alacant	Females	1994	80.78
03 Alicante/Alacant	Females	1993	80.61
03 Alicante/Alacant	Females	1992	80.90
03 Alicante/Alacant	Females	1991	80.48
03 Alicante/Alacant	Females	1990	79.73
03 Alicante/Alacant	Females	1989	79.56
03 Alicante/Alacant	Females	1988	79.40
03 Alicante/Alacant	Females	1987	79.38
03 Alicante/Alacant	Females	1986	79.13
03 Alicante/Alacant	Females	1985	79.28
03 Alicante/Alacant	Females	1984	79.12
03 Alicante/Alacant	Females	1983	78.79
03 Alicante/Alacant	Females	1982	78.29
03 Alicante/Alacant	Females	1981	78.08
03 Alicante/Alacant	Females	1980	77.84
03 Alicante/Alacant	Females	1979	77.18
03 Alicante/Alacant	Females	1978	76.18
03 Alicante/Alacant	Females	1977	76.08
03 Alicante/Alacant	Females	1976	76.14
03 Alicante/Alacant	Females	1975	75.65
04 Almería	Both genders	2024	82.10
04 Almería	Both genders	2023	81.81
04 Almería	Both genders	2022	81.31
04 Almería	Both genders	2021	80.61
04 Almería	Both genders	2020	81.20
04 Almería	Both genders	2019	81.93
04 Almería	Both genders	2018	81.14
04 Almería	Both genders	2017	81.75
04 Almería	Both genders	2016	81.70
04 Almería	Both genders	2015	81.11
04 Almería	Both genders	2014	81.82
04 Almería	Both genders	2013	81.58
04 Almería	Both genders	2012	81.03
04 Almería	Both genders	2011	80.79
04 Almería	Both genders	2010	80.96
04 Almería	Both genders	2009	80.23
04 Almería	Both genders	2008	79.95
04 Almería	Both genders	2007	79.52
04 Almería	Both genders	2006	79.47
04 Almería	Both genders	2005	78.75
04 Almería	Both genders	2004	78.83
04 Almería	Both genders	2003	78.36
04 Almería	Both genders	2002	77.95
04 Almería	Both genders	2001	78.33
04 Almería	Both genders	2000	78.46
04 Almería	Both genders	1999	77.82
04 Almería	Both genders	1998	77.99
04 Almería	Both genders	1997	77.61
04 Almería	Both genders	1996	77.17
04 Almería	Both genders	1995	77.73
04 Almería	Both genders	1994	77.58
04 Almería	Both genders	1993	76.88
04 Almería	Both genders	1992	77.11
04 Almería	Both genders	1991	76.72
04 Almería	Both genders	1990	76.13
04 Almería	Both genders	1989	75.90
04 Almería	Both genders	1988	76.09
04 Almería	Both genders	1987	76.20
04 Almería	Both genders	1986	76.14
04 Almería	Both genders	1985	76.59
04 Almería	Both genders	1984	76.72
04 Almería	Both genders	1983	75.81
04 Almería	Both genders	1982	76.04
04 Almería	Both genders	1981	74.75
04 Almería	Both genders	1980	74.99
04 Almería	Both genders	1979	74.01
04 Almería	Both genders	1978	73.19
04 Almería	Both genders	1977	73.89
04 Almería	Both genders	1976	73.21
04 Almería	Both genders	1975	72.68
04 Almería	Males	2024	79.43
04 Almería	Males	2023	79.11
04 Almería	Males	2022	78.68
04 Almería	Males	2021	77.85
04 Almería	Males	2020	78.54
04 Almería	Males	2019	79.16
04 Almería	Males	2018	78.34
04 Almería	Males	2017	79.36
04 Almería	Males	2016	79.21
04 Almería	Males	2015	78.45
04 Almería	Males	2014	79.06
04 Almería	Males	2013	79.23
04 Almería	Males	2012	78.36
04 Almería	Males	2011	78.06
04 Almería	Males	2010	78.36
04 Almería	Males	2009	77.45
04 Almería	Males	2008	76.79
04 Almería	Males	2007	76.74
04 Almería	Males	2006	76.16
04 Almería	Males	2005	75.75
04 Almería	Males	2004	75.54
04 Almería	Males	2003	74.89
04 Almería	Males	2002	74.81
04 Almería	Males	2001	74.88
04 Almería	Males	2000	75.27
04 Almería	Males	1999	74.21
04 Almería	Males	1998	74.64
04 Almería	Males	1997	74.48
04 Almería	Males	1996	73.74
04 Almería	Males	1995	74.43
04 Almería	Males	1994	74.23
04 Almería	Males	1993	73.41
04 Almería	Males	1992	73.63
04 Almería	Males	1991	73.43
04 Almería	Males	1990	72.53
04 Almería	Males	1989	72.55
04 Almería	Males	1988	72.71
04 Almería	Males	1987	73.09
04 Almería	Males	1986	72.88
04 Almería	Males	1985	73.67
04 Almería	Males	1984	73.58
04 Almería	Males	1983	72.62
04 Almería	Males	1982	73.60
04 Almería	Males	1981	71.90
04 Almería	Males	1980	72.37
04 Almería	Males	1979	71.13
04 Almería	Males	1978	69.93
04 Almería	Males	1977	71.40
04 Almería	Males	1976	70.59
04 Almería	Males	1975	69.66
04 Almería	Females	2024	84.90
04 Almería	Females	2023	84.69
04 Almería	Females	2022	84.10
04 Almería	Females	2021	83.60
04 Almería	Females	2020	84.02
04 Almería	Females	2019	84.86
04 Almería	Females	2018	84.13
04 Almería	Females	2017	84.22
04 Almería	Females	2016	84.29
04 Almería	Females	2015	83.91
04 Almería	Females	2014	84.70
04 Almería	Females	2013	83.97
04 Almería	Females	2012	83.81
04 Almería	Females	2011	83.69
04 Almería	Females	2010	83.64
04 Almería	Females	2009	83.18
04 Almería	Females	2008	83.34
04 Almería	Females	2007	82.44
04 Almería	Females	2006	82.98
04 Almería	Females	2005	81.95
04 Almería	Females	2004	82.35
04 Almería	Females	2003	82.12
04 Almería	Females	2002	81.28
04 Almería	Females	2001	82.00
04 Almería	Females	2000	81.80
04 Almería	Females	1999	81.73
04 Almería	Females	1998	81.50
04 Almería	Females	1997	80.85
04 Almería	Females	1996	80.77
04 Almería	Females	1995	81.16
04 Almería	Females	1994	81.04
04 Almería	Females	1993	80.49
04 Almería	Females	1992	80.70
04 Almería	Females	1991	80.08
04 Almería	Females	1990	79.88
04 Almería	Females	1989	79.34
04 Almería	Females	1988	79.54
04 Almería	Females	1987	79.33
04 Almería	Females	1986	79.41
04 Almería	Females	1985	79.47
04 Almería	Females	1984	79.82
04 Almería	Females	1983	78.93
04 Almería	Females	1982	78.37
04 Almería	Females	1981	77.53
04 Almería	Females	1980	77.49
04 Almería	Females	1979	76.87
04 Almería	Females	1978	76.43
04 Almería	Females	1977	76.23
04 Almería	Females	1976	75.72
04 Almería	Females	1975	75.65
01 Araba/Álava	Both genders	2024	85.02
01 Araba/Álava	Both genders	2023	85.07
01 Araba/Álava	Both genders	2022	84.13
01 Araba/Álava	Both genders	2021	84.31
01 Araba/Álava	Both genders	2020	83.59
01 Araba/Álava	Both genders	2019	84.76
01 Araba/Álava	Both genders	2018	84.32
01 Araba/Álava	Both genders	2017	83.89
01 Araba/Álava	Both genders	2016	84.18
01 Araba/Álava	Both genders	2015	83.49
01 Araba/Álava	Both genders	2014	84.38
01 Araba/Álava	Both genders	2013	83.36
01 Araba/Álava	Both genders	2012	83.53
01 Araba/Álava	Both genders	2011	83.04
01 Araba/Álava	Both genders	2010	83.19
01 Araba/Álava	Both genders	2009	82.35
01 Araba/Álava	Both genders	2008	82.55
01 Araba/Álava	Both genders	2007	81.92
01 Araba/Álava	Both genders	2006	82.20
01 Araba/Álava	Both genders	2005	80.85
01 Araba/Álava	Both genders	2004	81.78
01 Araba/Álava	Both genders	2003	81.22
01 Araba/Álava	Both genders	2002	81.44
01 Araba/Álava	Both genders	2001	80.60
01 Araba/Álava	Both genders	2000	80.15
01 Araba/Álava	Both genders	1999	79.87
01 Araba/Álava	Both genders	1998	79.88
01 Araba/Álava	Both genders	1997	79.88
01 Araba/Álava	Both genders	1996	79.22
01 Araba/Álava	Both genders	1995	79.00
01 Araba/Álava	Both genders	1994	79.23
01 Araba/Álava	Both genders	1993	78.99
01 Araba/Álava	Both genders	1992	78.99
01 Araba/Álava	Both genders	1991	77.83
01 Araba/Álava	Both genders	1990	77.51
01 Araba/Álava	Both genders	1989	77.94
01 Araba/Álava	Both genders	1988	77.33
01 Araba/Álava	Both genders	1987	77.78
01 Araba/Álava	Both genders	1986	77.31
01 Araba/Álava	Both genders	1985	77.57
01 Araba/Álava	Both genders	1984	77.86
01 Araba/Álava	Both genders	1983	76.95
01 Araba/Álava	Both genders	1982	77.66
01 Araba/Álava	Both genders	1981	76.67
01 Araba/Álava	Both genders	1980	75.44
01 Araba/Álava	Both genders	1979	74.49
01 Araba/Álava	Both genders	1978	73.43
01 Araba/Álava	Both genders	1977	74.06
01 Araba/Álava	Both genders	1976	73.12
01 Araba/Álava	Both genders	1975	72.99
01 Araba/Álava	Males	2024	82.43
01 Araba/Álava	Males	2023	82.37
01 Araba/Álava	Males	2022	81.70
01 Araba/Álava	Males	2021	81.69
01 Araba/Álava	Males	2020	80.73
01 Araba/Álava	Males	2019	81.80
01 Araba/Álava	Males	2018	81.58
01 Araba/Álava	Males	2017	81.16
01 Araba/Álava	Males	2016	81.18
01 Araba/Álava	Males	2015	80.80
01 Araba/Álava	Males	2014	81.76
01 Araba/Álava	Males	2013	80.21
01 Araba/Álava	Males	2012	80.71
01 Araba/Álava	Males	2011	79.95
01 Araba/Álava	Males	2010	80.30
01 Araba/Álava	Males	2009	79.46
01 Araba/Álava	Males	2008	79.52
01 Araba/Álava	Males	2007	78.83
01 Araba/Álava	Males	2006	78.82
01 Araba/Álava	Males	2005	77.13
01 Araba/Álava	Males	2004	78.57
01 Araba/Álava	Males	2003	78.11
01 Araba/Álava	Males	2002	78.44
01 Araba/Álava	Males	2001	77.01
01 Araba/Álava	Males	2000	76.64
01 Araba/Álava	Males	1999	76.36
01 Araba/Álava	Males	1998	76.56
01 Araba/Álava	Males	1997	76.29
01 Araba/Álava	Males	1996	75.74
01 Araba/Álava	Males	1995	75.12
01 Araba/Álava	Males	1994	75.35
01 Araba/Álava	Males	1993	75.09
01 Araba/Álava	Males	1992	75.18
01 Araba/Álava	Males	1991	74.09
01 Araba/Álava	Males	1990	74.28
01 Araba/Álava	Males	1989	74.41
01 Araba/Álava	Males	1988	74.25
01 Araba/Álava	Males	1987	74.55
01 Araba/Álava	Males	1986	74.09
01 Araba/Álava	Males	1985	74.99
01 Araba/Álava	Males	1984	74.98
01 Araba/Álava	Males	1983	74.43
01 Araba/Álava	Males	1982	75.10
01 Araba/Álava	Males	1981	74.13
01 Araba/Álava	Males	1980	72.31
01 Araba/Álava	Males	1979	71.50
01 Araba/Álava	Males	1978	70.10
01 Araba/Álava	Males	1977	70.55
01 Araba/Álava	Males	1976	69.28
01 Araba/Álava	Males	1975	69.04
01 Araba/Álava	Females	2024	87.54
01 Araba/Álava	Females	2023	87.67
01 Araba/Álava	Females	2022	86.47
01 Araba/Álava	Females	2021	86.87
01 Araba/Álava	Females	2020	86.50
01 Araba/Álava	Females	2019	87.71
01 Araba/Álava	Females	2018	87.02
01 Araba/Álava	Females	2017	86.60
01 Araba/Álava	Females	2016	87.18
01 Araba/Álava	Females	2015	86.16
01 Araba/Álava	Females	2014	86.87
01 Araba/Álava	Females	2013	86.54
01 Araba/Álava	Females	2012	86.34
01 Araba/Álava	Females	2011	86.21
01 Araba/Álava	Females	2010	86.13
01 Araba/Álava	Females	2009	85.27
01 Araba/Álava	Females	2008	85.62
01 Araba/Álava	Females	2007	85.07
01 Araba/Álava	Females	2006	85.67
01 Araba/Álava	Females	2005	84.83
01 Araba/Álava	Females	2004	85.09
01 Araba/Álava	Females	2003	84.42
01 Araba/Álava	Females	2002	84.38
01 Araba/Álava	Females	2001	84.33
01 Araba/Álava	Females	2000	83.79
01 Araba/Álava	Females	1999	83.46
01 Araba/Álava	Females	1998	83.25
01 Araba/Álava	Females	1997	83.57
01 Araba/Álava	Females	1996	82.82
01 Araba/Álava	Females	1995	83.11
01 Araba/Álava	Females	1994	83.23
01 Araba/Álava	Females	1993	83.05
01 Araba/Álava	Females	1992	82.92
01 Araba/Álava	Females	1991	81.79
01 Araba/Álava	Females	1990	80.86
01 Araba/Álava	Females	1989	81.62
01 Araba/Álava	Females	1988	80.51
01 Araba/Álava	Females	1987	81.04
01 Araba/Álava	Females	1986	80.60
01 Araba/Álava	Females	1985	80.10
01 Araba/Álava	Females	1984	80.72
01 Araba/Álava	Females	1983	79.42
01 Araba/Álava	Females	1982	80.12
01 Araba/Álava	Females	1981	79.14
01 Araba/Álava	Females	1980	78.63
01 Araba/Álava	Females	1979	77.55
01 Araba/Álava	Females	1978	76.94
01 Araba/Álava	Females	1977	77.81
01 Araba/Álava	Females	1976	77.23
01 Araba/Álava	Females	1975	77.21
33 Asturias	Both genders	2024	83.32
33 Asturias	Both genders	2023	83.11
33 Asturias	Both genders	2022	82.46
33 Asturias	Both genders	2021	82.75
33 Asturias	Both genders	2020	82.10
33 Asturias	Both genders	2019	82.84
33 Asturias	Both genders	2018	82.64
33 Asturias	Both genders	2017	82.59
33 Asturias	Both genders	2016	82.38
33 Asturias	Both genders	2015	82.21
33 Asturias	Both genders	2014	82.11
33 Asturias	Both genders	2013	82.19
33 Asturias	Both genders	2012	81.52
33 Asturias	Both genders	2011	81.30
33 Asturias	Both genders	2010	81.18
33 Asturias	Both genders	2009	81.09
33 Asturias	Both genders	2008	80.70
33 Asturias	Both genders	2007	80.37
33 Asturias	Both genders	2006	80.19
33 Asturias	Both genders	2005	79.90
33 Asturias	Both genders	2004	79.84
33 Asturias	Both genders	2003	79.18
33 Asturias	Both genders	2002	79.52
33 Asturias	Both genders	2001	79.50
33 Asturias	Both genders	2000	78.79
33 Asturias	Both genders	1999	78.40
33 Asturias	Both genders	1998	78.36
33 Asturias	Both genders	1997	78.31
33 Asturias	Both genders	1996	77.59
33 Asturias	Both genders	1995	77.37
33 Asturias	Both genders	1994	77.57
33 Asturias	Both genders	1993	76.89
33 Asturias	Both genders	1992	77.10
33 Asturias	Both genders	1991	76.46
33 Asturias	Both genders	1990	76.08
33 Asturias	Both genders	1989	76.27
33 Asturias	Both genders	1988	76.00
33 Asturias	Both genders	1987	76.00
33 Asturias	Both genders	1986	76.00
33 Asturias	Both genders	1985	75.53
33 Asturias	Both genders	1984	75.57
33 Asturias	Both genders	1983	75.46
33 Asturias	Both genders	1982	75.13
33 Asturias	Both genders	1981	75.04
33 Asturias	Both genders	1980	74.42
33 Asturias	Both genders	1979	74.20
33 Asturias	Both genders	1978	74.11
33 Asturias	Both genders	1977	73.35
33 Asturias	Both genders	1976	73.37
33 Asturias	Both genders	1975	73.15
33 Asturias	Males	2024	80.35
33 Asturias	Males	2023	80.30
33 Asturias	Males	2022	79.65
33 Asturias	Males	2021	80.01
33 Asturias	Males	2020	79.12
33 Asturias	Males	2019	79.87
33 Asturias	Males	2018	79.62
33 Asturias	Males	2017	79.50
33 Asturias	Males	2016	79.17
33 Asturias	Males	2015	79.03
33 Asturias	Males	2014	78.99
33 Asturias	Males	2013	78.91
33 Asturias	Males	2012	78.21
33 Asturias	Males	2011	77.79
33 Asturias	Males	2010	77.57
33 Asturias	Males	2009	77.71
33 Asturias	Males	2008	77.05
33 Asturias	Males	2007	76.74
33 Asturias	Males	2006	76.29
33 Asturias	Males	2005	76.20
33 Asturias	Males	2004	76.12
33 Asturias	Males	2003	75.31
33 Asturias	Males	2002	75.71
33 Asturias	Males	2001	75.64
33 Asturias	Males	2000	74.98
33 Asturias	Males	1999	74.48
33 Asturias	Males	1998	74.24
33 Asturias	Males	1997	74.20
33 Asturias	Males	1996	73.44
33 Asturias	Males	1995	73.39
33 Asturias	Males	1994	73.41
33 Asturias	Males	1993	72.88
33 Asturias	Males	1992	72.94
33 Asturias	Males	1991	72.47
33 Asturias	Males	1990	71.90
33 Asturias	Males	1989	72.21
33 Asturias	Males	1988	72.11
33 Asturias	Males	1987	72.30
33 Asturias	Males	1986	72.26
33 Asturias	Males	1985	71.70
33 Asturias	Males	1984	71.70
33 Asturias	Males	1983	71.84
33 Asturias	Males	1982	71.44
33 Asturias	Males	1981	71.24
33 Asturias	Males	1980	70.83
33 Asturias	Males	1979	70.56
33 Asturias	Males	1978	70.64
33 Asturias	Males	1977	69.99
33 Asturias	Males	1976	69.90
33 Asturias	Males	1975	69.67
33 Asturias	Females	2024	86.14
33 Asturias	Females	2023	85.74
33 Asturias	Females	2022	85.14
33 Asturias	Females	2021	85.32
33 Asturias	Females	2020	85.00
33 Asturias	Females	2019	85.65
33 Asturias	Females	2018	85.51
33 Asturias	Females	2017	85.52
33 Asturias	Females	2016	85.47
33 Asturias	Females	2015	85.27
33 Asturias	Females	2014	85.07
33 Asturias	Females	2013	85.35
33 Asturias	Females	2012	84.72
33 Asturias	Females	2011	84.74
33 Asturias	Females	2010	84.73
33 Asturias	Females	2009	84.37
33 Asturias	Females	2008	84.32
33 Asturias	Females	2007	83.95
33 Asturias	Females	2006	84.06
33 Asturias	Females	2005	83.57
33 Asturias	Females	2004	83.51
33 Asturias	Females	2003	83.05
33 Asturias	Females	2002	83.31
33 Asturias	Females	2001	83.34
33 Asturias	Females	2000	82.58
33 Asturias	Females	1999	82.33
33 Asturias	Females	1998	82.54
33 Asturias	Females	1997	82.46
33 Asturias	Females	1996	81.78
33 Asturias	Females	1995	81.38
33 Asturias	Females	1994	81.74
33 Asturias	Females	1993	80.94
33 Asturias	Females	1992	81.31
33 Asturias	Females	1991	80.51
33 Asturias	Females	1990	80.37
33 Asturias	Females	1989	80.38
33 Asturias	Females	1988	79.90
33 Asturias	Females	1987	79.68
33 Asturias	Females	1986	79.73
33 Asturias	Females	1985	79.36
33 Asturias	Females	1984	79.43
33 Asturias	Females	1983	79.01
33 Asturias	Females	1982	78.81
33 Asturias	Females	1981	78.81
33 Asturias	Females	1980	77.96
33 Asturias	Females	1979	77.80
33 Asturias	Females	1978	77.49
33 Asturias	Females	1977	76.64
33 Asturias	Females	1976	76.72
33 Asturias	Females	1975	76.52
05 Ávila	Both genders	2024	84.45
05 Ávila	Both genders	2023	84.41
05 Ávila	Both genders	2022	83.41
05 Ávila	Both genders	2021	83.57
05 Ávila	Both genders	2020	82.24
05 Ávila	Both genders	2019	83.95
05 Ávila	Both genders	2018	83.44
05 Ávila	Both genders	2017	83.32
05 Ávila	Both genders	2016	83.28
05 Ávila	Both genders	2015	82.57
05 Ávila	Both genders	2014	83.15
05 Ávila	Both genders	2013	82.88
05 Ávila	Both genders	2012	83.31
05 Ávila	Both genders	2011	82.72
05 Ávila	Both genders	2010	82.23
05 Ávila	Both genders	2009	82.96
05 Ávila	Both genders	2008	82.07
05 Ávila	Both genders	2007	81.07
05 Ávila	Both genders	2006	81.34
05 Ávila	Both genders	2005	81.00
05 Ávila	Both genders	2004	81.37
05 Ávila	Both genders	2003	81.11
05 Ávila	Both genders	2002	80.12
05 Ávila	Both genders	2001	80.76
05 Ávila	Both genders	2000	80.51
05 Ávila	Both genders	1999	80.09
05 Ávila	Both genders	1998	79.72
05 Ávila	Both genders	1997	80.38
05 Ávila	Both genders	1996	79.45
05 Ávila	Both genders	1995	79.76
05 Ávila	Both genders	1994	79.37
05 Ávila	Both genders	1993	79.45
05 Ávila	Both genders	1992	79.21
05 Ávila	Both genders	1991	78.97
05 Ávila	Both genders	1990	78.33
05 Ávila	Both genders	1989	78.36
05 Ávila	Both genders	1988	78.61
05 Ávila	Both genders	1987	78.48
05 Ávila	Both genders	1986	78.60
05 Ávila	Both genders	1985	78.65
05 Ávila	Both genders	1984	78.49
05 Ávila	Both genders	1983	78.84
05 Ávila	Both genders	1982	78.29
05 Ávila	Both genders	1981	77.71
05 Ávila	Both genders	1980	78.25
05 Ávila	Both genders	1979	76.79
05 Ávila	Both genders	1978	76.62
05 Ávila	Both genders	1977	75.57
05 Ávila	Both genders	1976	75.11
05 Ávila	Both genders	1975	73.58
05 Ávila	Males	2024	81.99
05 Ávila	Males	2023	82.44
05 Ávila	Males	2022	81.43
05 Ávila	Males	2021	80.73
05 Ávila	Males	2020	79.82
05 Ávila	Males	2019	81.15
05 Ávila	Males	2018	81.08
05 Ávila	Males	2017	81.30
05 Ávila	Males	2016	81.26
05 Ávila	Males	2015	79.77
05 Ávila	Males	2014	80.61
05 Ávila	Males	2013	80.01
05 Ávila	Males	2012	80.73
05 Ávila	Males	2011	80.66
05 Ávila	Males	2010	79.19
05 Ávila	Males	2009	80.38
05 Ávila	Males	2008	79.76
05 Ávila	Males	2007	78.54
05 Ávila	Males	2006	78.16
05 Ávila	Males	2005	78.15
05 Ávila	Males	2004	78.54
05 Ávila	Males	2003	78.18
05 Ávila	Males	2002	76.83
05 Ávila	Males	2001	77.63
05 Ávila	Males	2000	77.36
05 Ávila	Males	1999	76.82
05 Ávila	Males	1998	76.31
05 Ávila	Males	1997	77.48
05 Ávila	Males	1996	76.43
05 Ávila	Males	1995	76.38
05 Ávila	Males	1994	76.32
05 Ávila	Males	1993	76.30
05 Ávila	Males	1992	77.01
05 Ávila	Males	1991	76.03
05 Ávila	Males	1990	75.95
05 Ávila	Males	1989	76.48
05 Ávila	Males	1988	76.38
05 Ávila	Males	1987	75.72
05 Ávila	Males	1986	76.42
05 Ávila	Males	1985	76.58
05 Ávila	Males	1984	76.28
05 Ávila	Males	1983	77.00
05 Ávila	Males	1982	75.75
05 Ávila	Males	1981	75.76
05 Ávila	Males	1980	75.64
05 Ávila	Males	1979	74.64
05 Ávila	Males	1978	75.02
05 Ávila	Males	1977	74.09
05 Ávila	Males	1976	72.88
05 Ávila	Males	1975	71.60
05 Ávila	Females	2024	87.12
05 Ávila	Females	2023	86.46
05 Ávila	Females	2022	85.53
05 Ávila	Females	2021	86.77
05 Ávila	Females	2020	84.94
05 Ávila	Females	2019	87.05
05 Ávila	Females	2018	85.97
05 Ávila	Females	2017	85.49
05 Ávila	Females	2016	85.45
05 Ávila	Females	2015	85.66
05 Ávila	Females	2014	85.95
05 Ávila	Females	2013	86.07
05 Ávila	Females	2012	86.12
05 Ávila	Females	2011	84.91
05 Ávila	Females	2010	85.59
05 Ávila	Females	2009	85.75
05 Ávila	Females	2008	84.50
05 Ávila	Females	2007	83.80
05 Ávila	Females	2006	84.83
05 Ávila	Females	2005	84.11
05 Ávila	Females	2004	84.44
05 Ávila	Females	2003	84.32
05 Ávila	Females	2002	83.75
05 Ávila	Females	2001	84.18
05 Ávila	Females	2000	83.95
05 Ávila	Females	1999	83.65
05 Ávila	Females	1998	83.53
05 Ávila	Females	1997	83.53
05 Ávila	Females	1996	82.68
05 Ávila	Females	1995	83.41
05 Ávila	Females	1994	82.70
05 Ávila	Females	1993	82.87
05 Ávila	Females	1992	81.49
05 Ávila	Females	1991	82.06
05 Ávila	Females	1990	80.81
05 Ávila	Females	1989	80.32
05 Ávila	Females	1988	80.94
05 Ávila	Females	1987	81.42
05 Ávila	Females	1986	80.88
05 Ávila	Females	1985	80.77
05 Ávila	Females	1984	80.74
05 Ávila	Females	1983	80.62
05 Ávila	Females	1982	80.92
05 Ávila	Females	1981	79.63
05 Ávila	Females	1980	80.87
05 Ávila	Females	1979	78.99
05 Ávila	Females	1978	78.22
05 Ávila	Females	1977	77.06
05 Ávila	Females	1976	77.43
05 Ávila	Females	1975	75.61
06 Badajoz	Both genders	2024	82.83
06 Badajoz	Both genders	2023	82.90
06 Badajoz	Both genders	2022	82.29
06 Badajoz	Both genders	2021	81.89
06 Badajoz	Both genders	2020	81.90
06 Badajoz	Both genders	2019	82.43
06 Badajoz	Both genders	2018	82.26
06 Badajoz	Both genders	2017	82.09
06 Badajoz	Both genders	2016	81.96
06 Badajoz	Both genders	2015	81.70
06 Badajoz	Both genders	2014	81.80
06 Badajoz	Both genders	2013	81.54
06 Badajoz	Both genders	2012	81.05
06 Badajoz	Both genders	2011	81.42
06 Badajoz	Both genders	2010	80.69
06 Badajoz	Both genders	2009	80.52
06 Badajoz	Both genders	2008	80.60
06 Badajoz	Both genders	2007	80.27
06 Badajoz	Both genders	2006	79.91
06 Badajoz	Both genders	2005	79.22
06 Badajoz	Both genders	2004	79.55
06 Badajoz	Both genders	2003	78.77
06 Badajoz	Both genders	2002	78.89
06 Badajoz	Both genders	2001	78.98
06 Badajoz	Both genders	2000	78.39
06 Badajoz	Both genders	1999	78.17
06 Badajoz	Both genders	1998	78.39
06 Badajoz	Both genders	1997	78.15
06 Badajoz	Both genders	1996	77.46
06 Badajoz	Both genders	1995	77.72
06 Badajoz	Both genders	1994	77.29
06 Badajoz	Both genders	1993	76.60
06 Badajoz	Both genders	1992	76.81
06 Badajoz	Both genders	1991	76.32
06 Badajoz	Both genders	1990	76.04
06 Badajoz	Both genders	1989	76.03
06 Badajoz	Both genders	1988	76.07
06 Badajoz	Both genders	1987	75.92
06 Badajoz	Both genders	1986	75.36
06 Badajoz	Both genders	1985	75.70
06 Badajoz	Both genders	1984	75.60
06 Badajoz	Both genders	1983	74.90
06 Badajoz	Both genders	1982	75.48
06 Badajoz	Both genders	1981	74.68
06 Badajoz	Both genders	1980	74.68
06 Badajoz	Both genders	1979	73.84
06 Badajoz	Both genders	1978	73.35
06 Badajoz	Both genders	1977	73.39
06 Badajoz	Both genders	1976	73.19
06 Badajoz	Both genders	1975	73.02
06 Badajoz	Males	2024	80.06
06 Badajoz	Males	2023	80.34
06 Badajoz	Males	2022	79.55
06 Badajoz	Males	2021	79.08
06 Badajoz	Males	2020	79.13
06 Badajoz	Males	2019	79.48
06 Badajoz	Males	2018	79.47
06 Badajoz	Males	2017	79.41
06 Badajoz	Males	2016	79.29
06 Badajoz	Males	2015	78.78
06 Badajoz	Males	2014	78.95
06 Badajoz	Males	2013	78.69
06 Badajoz	Males	2012	78.17
06 Badajoz	Males	2011	78.16
06 Badajoz	Males	2010	77.75
06 Badajoz	Males	2009	77.18
06 Badajoz	Males	2008	77.74
06 Badajoz	Males	2007	77.10
06 Badajoz	Males	2006	76.67
06 Badajoz	Males	2005	75.94
06 Badajoz	Males	2004	76.29
06 Badajoz	Males	2003	75.73
06 Badajoz	Males	2002	75.47
06 Badajoz	Males	2001	75.62
06 Badajoz	Males	2000	74.85
06 Badajoz	Males	1999	74.81
06 Badajoz	Males	1998	75.13
06 Badajoz	Males	1997	74.59
06 Badajoz	Males	1996	74.01
06 Badajoz	Males	1995	74.28
06 Badajoz	Males	1994	73.70
06 Badajoz	Males	1993	73.38
06 Badajoz	Males	1992	73.42
06 Badajoz	Males	1991	72.73
06 Badajoz	Males	1990	72.92
06 Badajoz	Males	1989	72.78
06 Badajoz	Males	1988	72.56
06 Badajoz	Males	1987	72.82
06 Badajoz	Males	1986	72.00
06 Badajoz	Males	1985	72.65
06 Badajoz	Males	1984	72.30
06 Badajoz	Males	1983	71.76
06 Badajoz	Males	1982	72.53
06 Badajoz	Males	1981	71.38
06 Badajoz	Males	1980	71.36
06 Badajoz	Males	1979	70.70
06 Badajoz	Males	1978	70.11
06 Badajoz	Males	1977	70.07
06 Badajoz	Males	1976	70.25
06 Badajoz	Males	1975	70.04
06 Badajoz	Females	2024	85.66
06 Badajoz	Females	2023	85.50
06 Badajoz	Females	2022	85.12
06 Badajoz	Females	2021	84.83
06 Badajoz	Females	2020	84.78
06 Badajoz	Females	2019	85.49
06 Badajoz	Females	2018	85.15
06 Badajoz	Females	2017	84.84
06 Badajoz	Females	2016	84.67
06 Badajoz	Females	2015	84.70
06 Badajoz	Females	2014	84.74
06 Badajoz	Females	2013	84.44
06 Badajoz	Females	2012	83.99
06 Badajoz	Females	2011	84.79
06 Badajoz	Females	2010	83.69
06 Badajoz	Females	2009	84.03
06 Badajoz	Females	2008	83.54
06 Badajoz	Females	2007	83.58
06 Badajoz	Females	2006	83.26
06 Badajoz	Females	2005	82.64
06 Badajoz	Females	2004	82.91
06 Badajoz	Females	2003	81.89
06 Badajoz	Females	2002	82.42
06 Badajoz	Females	2001	82.47
06 Badajoz	Females	2000	82.08
06 Badajoz	Females	1999	81.64
06 Badajoz	Females	1998	81.72
06 Badajoz	Females	1997	81.85
06 Badajoz	Females	1996	81.01
06 Badajoz	Females	1995	81.25
06 Badajoz	Females	1994	80.97
06 Badajoz	Females	1993	79.89
06 Badajoz	Females	1992	80.26
06 Badajoz	Females	1991	80.05
06 Badajoz	Females	1990	79.19
06 Badajoz	Females	1989	79.31
06 Badajoz	Females	1988	79.65
06 Badajoz	Females	1987	79.00
06 Badajoz	Females	1986	78.74
06 Badajoz	Females	1985	78.69
06 Badajoz	Females	1984	78.86
06 Badajoz	Females	1983	78.01
06 Badajoz	Females	1982	78.34
06 Badajoz	Females	1981	77.95
06 Badajoz	Females	1980	77.95
06 Badajoz	Females	1979	76.96
06 Badajoz	Females	1978	76.60
06 Badajoz	Females	1977	76.77
06 Badajoz	Females	1976	76.10
06 Badajoz	Females	1975	75.99
07 Balears, Illes	Both genders	2024	83.46
07 Balears, Illes	Both genders	2023	83.71
07 Balears, Illes	Both genders	2022	82.90
07 Balears, Illes	Both genders	2021	83.00
07 Balears, Illes	Both genders	2020	83.11
07 Balears, Illes	Both genders	2019	83.40
07 Balears, Illes	Both genders	2018	82.97
07 Balears, Illes	Both genders	2017	82.68
07 Balears, Illes	Both genders	2016	82.86
07 Balears, Illes	Both genders	2015	82.28
07 Balears, Illes	Both genders	2014	82.60
07 Balears, Illes	Both genders	2013	82.56
07 Balears, Illes	Both genders	2012	81.85
07 Balears, Illes	Both genders	2011	81.93
07 Balears, Illes	Both genders	2010	81.56
07 Balears, Illes	Both genders	2009	81.15
07 Balears, Illes	Both genders	2008	81.19
07 Balears, Illes	Both genders	2007	81.26
07 Balears, Illes	Both genders	2006	80.85
07 Balears, Illes	Both genders	2005	80.33
07 Balears, Illes	Both genders	2004	80.27
07 Balears, Illes	Both genders	2003	79.78
07 Balears, Illes	Both genders	2002	79.47
07 Balears, Illes	Both genders	2001	79.14
07 Balears, Illes	Both genders	2000	78.42
07 Balears, Illes	Both genders	1999	78.13
07 Balears, Illes	Both genders	1998	78.46
07 Balears, Illes	Both genders	1997	78.28
07 Balears, Illes	Both genders	1996	77.66
07 Balears, Illes	Both genders	1995	77.32
07 Balears, Illes	Both genders	1994	77.63
07 Balears, Illes	Both genders	1993	76.97
07 Balears, Illes	Both genders	1992	76.76
07 Balears, Illes	Both genders	1991	76.10
07 Balears, Illes	Both genders	1990	75.82
07 Balears, Illes	Both genders	1989	75.73
07 Balears, Illes	Both genders	1988	75.96
07 Balears, Illes	Both genders	1987	75.48
07 Balears, Illes	Both genders	1986	74.99
07 Balears, Illes	Both genders	1985	75.15
07 Balears, Illes	Both genders	1984	75.22
07 Balears, Illes	Both genders	1983	74.43
07 Balears, Illes	Both genders	1982	75.76
07 Balears, Illes	Both genders	1981	76.09
07 Balears, Illes	Both genders	1980	75.34
07 Balears, Illes	Both genders	1979	74.61
07 Balears, Illes	Both genders	1978	74.62
07 Balears, Illes	Both genders	1977	74.11
07 Balears, Illes	Both genders	1976	73.67
07 Balears, Illes	Both genders	1975	73.63
07 Balears, Illes	Males	2024	81.06
07 Balears, Illes	Males	2023	81.33
07 Balears, Illes	Males	2022	80.19
07 Balears, Illes	Males	2021	80.36
07 Balears, Illes	Males	2020	80.60
07 Balears, Illes	Males	2019	80.97
07 Balears, Illes	Males	2018	80.44
07 Balears, Illes	Males	2017	80.07
07 Balears, Illes	Males	2016	80.35
07 Balears, Illes	Males	2015	79.64
07 Balears, Illes	Males	2014	79.93
07 Balears, Illes	Males	2013	80.02
07 Balears, Illes	Males	2012	79.22
07 Balears, Illes	Males	2011	79.14
07 Balears, Illes	Males	2010	78.77
07 Balears, Illes	Males	2009	78.39
07 Balears, Illes	Males	2008	78.33
07 Balears, Illes	Males	2007	78.30
07 Balears, Illes	Males	2006	77.69
07 Balears, Illes	Males	2005	77.25
07 Balears, Illes	Males	2004	77.14
07 Balears, Illes	Males	2003	76.71
07 Balears, Illes	Males	2002	76.23
07 Balears, Illes	Males	2001	75.90
07 Balears, Illes	Males	2000	74.94
07 Balears, Illes	Males	1999	74.56
07 Balears, Illes	Males	1998	75.26
07 Balears, Illes	Males	1997	74.73
07 Balears, Illes	Males	1996	73.81
07 Balears, Illes	Males	1995	73.66
07 Balears, Illes	Males	1994	74.27
07 Balears, Illes	Males	1993	73.40
07 Balears, Illes	Males	1992	73.05
07 Balears, Illes	Males	1991	72.41
07 Balears, Illes	Males	1990	72.19
07 Balears, Illes	Males	1989	72.04
07 Balears, Illes	Males	1988	72.54
07 Balears, Illes	Males	1987	71.97
07 Balears, Illes	Males	1986	71.41
07 Balears, Illes	Males	1985	71.15
07 Balears, Illes	Males	1984	71.82
07 Balears, Illes	Males	1983	70.95
07 Balears, Illes	Males	1982	72.48
07 Balears, Illes	Males	1981	72.92
07 Balears, Illes	Males	1980	72.16
07 Balears, Illes	Males	1979	71.42
07 Balears, Illes	Males	1978	71.74
07 Balears, Illes	Males	1977	71.26
07 Balears, Illes	Males	1976	70.81
07 Balears, Illes	Males	1975	71.04
07 Balears, Illes	Females	2024	85.81
07 Balears, Illes	Females	2023	86.04
07 Balears, Illes	Females	2022	85.64
07 Balears, Illes	Females	2021	85.65
07 Balears, Illes	Females	2020	85.60
07 Balears, Illes	Females	2019	85.77
07 Balears, Illes	Females	2018	85.48
07 Balears, Illes	Females	2017	85.28
07 Balears, Illes	Females	2016	85.31
07 Balears, Illes	Females	2015	84.96
07 Balears, Illes	Females	2014	85.27
07 Balears, Illes	Females	2013	85.08
07 Balears, Illes	Females	2012	84.51
07 Balears, Illes	Females	2011	84.74
07 Balears, Illes	Females	2010	84.39
07 Balears, Illes	Females	2009	83.95
07 Balears, Illes	Females	2008	84.10
07 Balears, Illes	Females	2007	84.23
07 Balears, Illes	Females	2006	84.11
07 Balears, Illes	Females	2005	83.48
07 Balears, Illes	Females	2004	83.43
07 Balears, Illes	Females	2003	82.91
07 Balears, Illes	Females	2002	82.78
07 Balears, Illes	Females	2001	82.44
07 Balears, Illes	Females	2000	82.03
07 Balears, Illes	Females	1999	81.87
07 Balears, Illes	Females	1998	81.71
07 Balears, Illes	Females	1997	81.97
07 Balears, Illes	Females	1996	81.69
07 Balears, Illes	Females	1995	81.15
07 Balears, Illes	Females	1994	81.05
07 Balears, Illes	Females	1993	80.68
07 Balears, Illes	Females	1992	80.64
07 Balears, Illes	Females	1991	79.97
07 Balears, Illes	Females	1990	79.63
07 Balears, Illes	Females	1989	79.56
07 Balears, Illes	Females	1988	79.46
07 Balears, Illes	Females	1987	79.10
07 Balears, Illes	Females	1986	78.76
07 Balears, Illes	Females	1985	79.44
07 Balears, Illes	Females	1984	78.73
07 Balears, Illes	Females	1983	78.06
07 Balears, Illes	Females	1982	79.10
07 Balears, Illes	Females	1981	79.27
07 Balears, Illes	Females	1980	78.52
07 Balears, Illes	Females	1979	77.83
07 Balears, Illes	Females	1978	77.46
07 Balears, Illes	Females	1977	76.94
07 Balears, Illes	Females	1976	76.51
07 Balears, Illes	Females	1975	76.17
08 Barcelona	Both genders	2024	84.45
08 Barcelona	Both genders	2023	84.15
08 Barcelona	Both genders	2022	83.69
08 Barcelona	Both genders	2021	83.48
08 Barcelona	Both genders	2020	82.22
08 Barcelona	Both genders	2019	84.01
08 Barcelona	Both genders	2018	83.54
08 Barcelona	Both genders	2017	83.40
08 Barcelona	Both genders	2016	83.53
08 Barcelona	Both genders	2015	83.23
08 Barcelona	Both genders	2014	83.27
08 Barcelona	Both genders	2013	83.06
08 Barcelona	Both genders	2012	82.57
08 Barcelona	Both genders	2011	82.66
08 Barcelona	Both genders	2010	82.34
08 Barcelona	Both genders	2009	81.98
08 Barcelona	Both genders	2008	81.69
08 Barcelona	Both genders	2007	81.40
08 Barcelona	Both genders	2006	81.38
08 Barcelona	Both genders	2005	80.54
08 Barcelona	Both genders	2004	80.74
08 Barcelona	Both genders	2003	80.05
08 Barcelona	Both genders	2002	80.15
08 Barcelona	Both genders	2001	79.87
08 Barcelona	Both genders	2000	79.71
08 Barcelona	Both genders	1999	79.00
08 Barcelona	Both genders	1998	79.20
08 Barcelona	Both genders	1997	78.92
08 Barcelona	Both genders	1996	78.65
08 Barcelona	Both genders	1995	78.33
08 Barcelona	Both genders	1994	78.27
08 Barcelona	Both genders	1993	77.84
08 Barcelona	Both genders	1992	77.52
08 Barcelona	Both genders	1991	77.25
08 Barcelona	Both genders	1990	76.81
08 Barcelona	Both genders	1989	76.73
08 Barcelona	Both genders	1988	76.99
08 Barcelona	Both genders	1987	77.07
08 Barcelona	Both genders	1986	76.96
08 Barcelona	Both genders	1985	77.07
08 Barcelona	Both genders	1984	77.23
08 Barcelona	Both genders	1983	76.89
08 Barcelona	Both genders	1982	77.48
08 Barcelona	Both genders	1981	76.98
08 Barcelona	Both genders	1980	76.65
08 Barcelona	Both genders	1979	75.87
08 Barcelona	Both genders	1978	75.35
08 Barcelona	Both genders	1977	75.15
08 Barcelona	Both genders	1976	74.42
08 Barcelona	Both genders	1975	73.74
08 Barcelona	Males	2024	81.84
08 Barcelona	Males	2023	81.46
08 Barcelona	Males	2022	80.95
08 Barcelona	Males	2021	80.62
08 Barcelona	Males	2020	79.46
08 Barcelona	Males	2019	81.18
08 Barcelona	Males	2018	80.69
08 Barcelona	Males	2017	80.54
08 Barcelona	Males	2016	80.71
08 Barcelona	Males	2015	80.41
08 Barcelona	Males	2014	80.39
08 Barcelona	Males	2013	80.04
08 Barcelona	Males	2012	79.58
08 Barcelona	Males	2011	79.61
08 Barcelona	Males	2010	79.23
08 Barcelona	Males	2009	78.92
08 Barcelona	Males	2008	78.59
08 Barcelona	Males	2007	78.09
08 Barcelona	Males	2006	78.04
08 Barcelona	Males	2005	77.12
08 Barcelona	Males	2004	77.30
08 Barcelona	Males	2003	76.68
08 Barcelona	Males	2002	76.70
08 Barcelona	Males	2001	76.36
08 Barcelona	Males	2000	76.10
08 Barcelona	Males	1999	75.38
08 Barcelona	Males	1998	75.67
08 Barcelona	Males	1997	75.41
08 Barcelona	Males	1996	74.73
08 Barcelona	Males	1995	74.46
08 Barcelona	Males	1994	74.46
08 Barcelona	Males	1993	74.03
08 Barcelona	Males	1992	73.58
08 Barcelona	Males	1991	73.50
08 Barcelona	Males	1990	73.19
08 Barcelona	Males	1989	73.10
08 Barcelona	Males	1988	73.60
08 Barcelona	Males	1987	73.87
08 Barcelona	Males	1986	73.73
08 Barcelona	Males	1985	73.94
08 Barcelona	Males	1984	74.11
08 Barcelona	Males	1983	73.92
08 Barcelona	Males	1982	74.54
08 Barcelona	Males	1981	74.09
08 Barcelona	Males	1980	73.72
08 Barcelona	Males	1979	72.70
08 Barcelona	Males	1978	72.43
08 Barcelona	Males	1977	72.26
08 Barcelona	Males	1976	71.51
08 Barcelona	Males	1975	70.81
08 Barcelona	Females	2024	86.84
08 Barcelona	Females	2023	86.65
08 Barcelona	Females	2022	86.24
08 Barcelona	Females	2021	86.19
08 Barcelona	Females	2020	84.88
08 Barcelona	Females	2019	86.65
08 Barcelona	Females	2018	86.23
08 Barcelona	Females	2017	86.09
08 Barcelona	Females	2016	86.14
08 Barcelona	Females	2015	85.87
08 Barcelona	Females	2014	85.95
08 Barcelona	Females	2013	85.90
08 Barcelona	Females	2012	85.39
08 Barcelona	Females	2011	85.52
08 Barcelona	Females	2010	85.28
08 Barcelona	Females	2009	84.85
08 Barcelona	Females	2008	84.61
08 Barcelona	Females	2007	84.58
08 Barcelona	Females	2006	84.57
08 Barcelona	Females	2005	83.87
08 Barcelona	Females	2004	84.05
08 Barcelona	Females	2003	83.32
08 Barcelona	Females	2002	83.49
08 Barcelona	Females	2001	83.26
08 Barcelona	Females	2000	83.21
08 Barcelona	Females	1999	82.54
08 Barcelona	Females	1998	82.61
08 Barcelona	Females	1997	82.28
08 Barcelona	Females	1996	82.50
08 Barcelona	Females	1995	82.12
08 Barcelona	Females	1994	81.97
08 Barcelona	Females	1993	81.54
08 Barcelona	Females	1992	81.38
08 Barcelona	Females	1991	80.89
08 Barcelona	Females	1990	80.33
08 Barcelona	Females	1989	80.27
08 Barcelona	Females	1988	80.24
08 Barcelona	Females	1987	80.08
08 Barcelona	Females	1986	80.00
08 Barcelona	Females	1985	79.98
08 Barcelona	Females	1984	80.12
08 Barcelona	Females	1983	79.62
08 Barcelona	Females	1982	80.13
08 Barcelona	Females	1981	79.60
08 Barcelona	Females	1980	79.29
08 Barcelona	Females	1979	78.79
08 Barcelona	Females	1978	78.00
08 Barcelona	Females	1977	77.78
08 Barcelona	Females	1976	77.07
08 Barcelona	Females	1975	76.44
48 Bizkaia	Both genders	2024	84.64
48 Bizkaia	Both genders	2023	84.42
48 Bizkaia	Both genders	2022	83.39
48 Bizkaia	Both genders	2021	83.70
48 Bizkaia	Both genders	2020	82.99
48 Bizkaia	Both genders	2019	83.65
48 Bizkaia	Both genders	2018	83.49
48 Bizkaia	Both genders	2017	83.50
48 Bizkaia	Both genders	2016	83.14
48 Bizkaia	Both genders	2015	82.98
48 Bizkaia	Both genders	2014	83.10
48 Bizkaia	Both genders	2013	83.13
48 Bizkaia	Both genders	2012	82.50
48 Bizkaia	Both genders	2011	82.14
48 Bizkaia	Both genders	2010	82.03
48 Bizkaia	Both genders	2009	81.74
48 Bizkaia	Both genders	2008	81.48
48 Bizkaia	Both genders	2007	81.19
48 Bizkaia	Both genders	2006	81.11
48 Bizkaia	Both genders	2005	80.64
48 Bizkaia	Both genders	2004	80.45
48 Bizkaia	Both genders	2003	79.94
48 Bizkaia	Both genders	2002	79.85
48 Bizkaia	Both genders	2001	80.08
48 Bizkaia	Both genders	2000	79.30
48 Bizkaia	Both genders	1999	79.29
48 Bizkaia	Both genders	1998	78.91
48 Bizkaia	Both genders	1997	78.90
48 Bizkaia	Both genders	1996	78.05
48 Bizkaia	Both genders	1995	77.73
48 Bizkaia	Both genders	1994	78.22
48 Bizkaia	Both genders	1993	77.91
48 Bizkaia	Both genders	1992	77.33
48 Bizkaia	Both genders	1991	77.09
48 Bizkaia	Both genders	1990	76.44
48 Bizkaia	Both genders	1989	76.94
48 Bizkaia	Both genders	1988	76.53
48 Bizkaia	Both genders	1987	76.29
48 Bizkaia	Both genders	1986	75.72
48 Bizkaia	Both genders	1985	75.75
48 Bizkaia	Both genders	1984	75.33
48 Bizkaia	Both genders	1983	75.40
48 Bizkaia	Both genders	1982	75.28
48 Bizkaia	Both genders	1981	74.31
48 Bizkaia	Both genders	1980	73.98
48 Bizkaia	Both genders	1979	73.83
48 Bizkaia	Both genders	1978	73.59
48 Bizkaia	Both genders	1977	73.22
48 Bizkaia	Both genders	1976	73.11
48 Bizkaia	Both genders	1975	72.50
48 Bizkaia	Males	2024	81.95
48 Bizkaia	Males	2023	81.67
48 Bizkaia	Males	2022	80.66
48 Bizkaia	Males	2021	80.81
48 Bizkaia	Males	2020	80.05
48 Bizkaia	Males	2019	80.57
48 Bizkaia	Males	2018	80.64
48 Bizkaia	Males	2017	80.55
48 Bizkaia	Males	2016	80.07
48 Bizkaia	Males	2015	79.91
48 Bizkaia	Males	2014	80.09
48 Bizkaia	Males	2013	79.91
48 Bizkaia	Males	2012	79.24
48 Bizkaia	Males	2011	78.90
48 Bizkaia	Males	2010	78.59
48 Bizkaia	Males	2009	78.18
48 Bizkaia	Males	2008	78.04
48 Bizkaia	Males	2007	77.77
48 Bizkaia	Males	2006	77.47
48 Bizkaia	Males	2005	76.98
48 Bizkaia	Males	2004	76.87
48 Bizkaia	Males	2003	76.44
48 Bizkaia	Males	2002	76.27
48 Bizkaia	Males	2001	76.29
48 Bizkaia	Males	2000	75.57
48 Bizkaia	Males	1999	75.50
48 Bizkaia	Males	1998	75.22
48 Bizkaia	Males	1997	74.94
48 Bizkaia	Males	1996	73.86
48 Bizkaia	Males	1995	73.47
48 Bizkaia	Males	1994	73.90
48 Bizkaia	Males	1993	73.64
48 Bizkaia	Males	1992	72.95
48 Bizkaia	Males	1991	72.79
48 Bizkaia	Males	1990	72.50
48 Bizkaia	Males	1989	72.99
48 Bizkaia	Males	1988	72.87
48 Bizkaia	Males	1987	72.46
48 Bizkaia	Males	1986	71.96
48 Bizkaia	Males	1985	72.11
48 Bizkaia	Males	1984	71.45
48 Bizkaia	Males	1983	71.75
48 Bizkaia	Males	1982	71.48
48 Bizkaia	Males	1981	70.37
48 Bizkaia	Males	1980	70.02
48 Bizkaia	Males	1979	70.26
48 Bizkaia	Males	1978	69.86
48 Bizkaia	Males	1977	69.59
48 Bizkaia	Males	1976	69.47
48 Bizkaia	Males	1975	69.02
48 Bizkaia	Females	2024	87.11
48 Bizkaia	Females	2023	86.95
48 Bizkaia	Females	2022	85.92
48 Bizkaia	Females	2021	86.41
48 Bizkaia	Females	2020	85.78
48 Bizkaia	Females	2019	86.55
48 Bizkaia	Females	2018	86.13
48 Bizkaia	Females	2017	86.26
48 Bizkaia	Females	2016	86.03
48 Bizkaia	Females	2015	85.86
48 Bizkaia	Females	2014	85.88
48 Bizkaia	Females	2013	86.15
48 Bizkaia	Females	2012	85.58
48 Bizkaia	Females	2011	85.21
48 Bizkaia	Females	2010	85.31
48 Bizkaia	Females	2009	85.18
48 Bizkaia	Females	2008	84.78
48 Bizkaia	Females	2007	84.48
48 Bizkaia	Females	2006	84.63
48 Bizkaia	Females	2005	84.24
48 Bizkaia	Females	2004	83.95
48 Bizkaia	Females	2003	83.34
48 Bizkaia	Females	2002	83.35
48 Bizkaia	Females	2001	83.82
48 Bizkaia	Females	2000	82.98
48 Bizkaia	Females	1999	83.04
48 Bizkaia	Females	1998	82.54
48 Bizkaia	Females	1997	82.82
48 Bizkaia	Females	1996	82.28
48 Bizkaia	Females	1995	82.03
48 Bizkaia	Females	1994	82.59
48 Bizkaia	Females	1993	82.24
48 Bizkaia	Females	1992	81.77
48 Bizkaia	Females	1991	81.44
48 Bizkaia	Females	1990	80.41
48 Bizkaia	Females	1989	80.89
48 Bizkaia	Females	1988	80.16
48 Bizkaia	Females	1987	80.12
48 Bizkaia	Females	1986	79.51
48 Bizkaia	Females	1985	79.37
48 Bizkaia	Females	1984	79.27
48 Bizkaia	Females	1983	79.05
48 Bizkaia	Females	1982	79.12
48 Bizkaia	Females	1981	78.34
48 Bizkaia	Females	1980	78.02
48 Bizkaia	Females	1979	77.41
48 Bizkaia	Females	1978	77.35
48 Bizkaia	Females	1977	76.90
48 Bizkaia	Females	1976	76.79
48 Bizkaia	Females	1975	76.00
09 Burgos	Both genders	2024	84.56
09 Burgos	Both genders	2023	84.23
09 Burgos	Both genders	2022	83.87
09 Burgos	Both genders	2021	84.55
09 Burgos	Both genders	2020	83.18
09 Burgos	Both genders	2019	84.52
09 Burgos	Both genders	2018	84.08
09 Burgos	Both genders	2017	83.82
09 Burgos	Both genders	2016	84.09
09 Burgos	Both genders	2015	84.22
09 Burgos	Both genders	2014	83.60
09 Burgos	Both genders	2013	83.57
09 Burgos	Both genders	2012	82.89
09 Burgos	Both genders	2011	82.96
09 Burgos	Both genders	2010	83.17
09 Burgos	Both genders	2009	82.34
09 Burgos	Both genders	2008	82.09
09 Burgos	Both genders	2007	82.09
09 Burgos	Both genders	2006	82.15
09 Burgos	Both genders	2005	80.81
09 Burgos	Both genders	2004	81.95
09 Burgos	Both genders	2003	80.91
09 Burgos	Both genders	2002	80.88
09 Burgos	Both genders	2001	81.40
09 Burgos	Both genders	2000	80.47
09 Burgos	Both genders	1999	80.26
09 Burgos	Both genders	1998	79.79
09 Burgos	Both genders	1997	79.54
09 Burgos	Both genders	1996	79.61
09 Burgos	Both genders	1995	79.25
09 Burgos	Both genders	1994	79.15
09 Burgos	Both genders	1993	78.70
09 Burgos	Both genders	1992	78.64
09 Burgos	Both genders	1991	77.75
09 Burgos	Both genders	1990	77.78
09 Burgos	Both genders	1989	77.47
09 Burgos	Both genders	1988	77.15
09 Burgos	Both genders	1987	77.59
09 Burgos	Both genders	1986	77.26
09 Burgos	Both genders	1985	77.09
09 Burgos	Both genders	1984	77.66
09 Burgos	Both genders	1983	77.50
09 Burgos	Both genders	1982	77.97
09 Burgos	Both genders	1981	76.86
09 Burgos	Both genders	1980	76.37
09 Burgos	Both genders	1979	75.74
09 Burgos	Both genders	1978	75.29
09 Burgos	Both genders	1977	74.18
09 Burgos	Both genders	1976	73.71
09 Burgos	Both genders	1975	73.43
09 Burgos	Males	2024	81.94
09 Burgos	Males	2023	81.72
09 Burgos	Males	2022	81.05
09 Burgos	Males	2021	81.59
09 Burgos	Males	2020	80.28
09 Burgos	Males	2019	81.62
09 Burgos	Males	2018	81.35
09 Burgos	Males	2017	81.07
09 Burgos	Males	2016	81.14
09 Burgos	Males	2015	81.21
09 Burgos	Males	2014	80.44
09 Burgos	Males	2013	80.60
09 Burgos	Males	2012	79.60
09 Burgos	Males	2011	80.18
09 Burgos	Males	2010	80.17
09 Burgos	Males	2009	79.15
09 Burgos	Males	2008	78.74
09 Burgos	Males	2007	78.95
09 Burgos	Males	2006	78.87
09 Burgos	Males	2005	77.24
09 Burgos	Males	2004	78.79
09 Burgos	Males	2003	77.46
09 Burgos	Males	2002	77.36
09 Burgos	Males	2001	77.85
09 Burgos	Males	2000	77.25
09 Burgos	Males	1999	76.67
09 Burgos	Males	1998	76.22
09 Burgos	Males	1997	76.37
09 Burgos	Males	1996	76.37
09 Burgos	Males	1995	75.39
09 Burgos	Males	1994	75.69
09 Burgos	Males	1993	75.12
09 Burgos	Males	1992	75.11
09 Burgos	Males	1991	74.01
09 Burgos	Males	1990	74.20
09 Burgos	Males	1989	73.74
09 Burgos	Males	1988	73.38
09 Burgos	Males	1987	74.36
09 Burgos	Males	1986	74.19
09 Burgos	Males	1985	74.13
09 Burgos	Males	1984	74.46
09 Burgos	Males	1983	75.27
09 Burgos	Males	1982	75.08
09 Burgos	Males	1981	74.05
09 Burgos	Males	1980	73.50
09 Burgos	Males	1979	72.79
09 Burgos	Males	1978	71.87
09 Burgos	Males	1977	71.14
09 Burgos	Males	1976	70.87
09 Burgos	Males	1975	70.69
09 Burgos	Females	2024	87.30
09 Burgos	Females	2023	86.86
09 Burgos	Females	2022	86.89
09 Burgos	Females	2021	87.72
09 Burgos	Females	2020	86.38
09 Burgos	Females	2019	87.63
09 Burgos	Females	2018	86.94
09 Burgos	Females	2017	86.72
09 Burgos	Females	2016	87.19
09 Burgos	Females	2015	87.39
09 Burgos	Females	2014	87.03
09 Burgos	Females	2013	86.69
09 Burgos	Females	2012	86.47
09 Burgos	Females	2011	85.87
09 Burgos	Females	2010	86.36
09 Burgos	Females	2009	85.79
09 Burgos	Females	2008	85.73
09 Burgos	Females	2007	85.45
09 Burgos	Females	2006	85.59
09 Burgos	Females	2005	84.71
09 Burgos	Females	2004	85.26
09 Burgos	Females	2003	84.61
09 Burgos	Females	2002	84.66
09 Burgos	Females	2001	85.20
09 Burgos	Females	2000	83.80
09 Burgos	Females	1999	84.11
09 Burgos	Females	1998	83.61
09 Burgos	Females	1997	82.87
09 Burgos	Females	1996	83.02
09 Burgos	Females	1995	83.43
09 Burgos	Females	1994	82.83
09 Burgos	Females	1993	82.52
09 Burgos	Females	1992	82.33
09 Burgos	Females	1991	81.78
09 Burgos	Females	1990	81.63
09 Burgos	Females	1989	81.50
09 Burgos	Females	1988	81.23
09 Burgos	Females	1987	81.00
09 Burgos	Females	1986	80.45
09 Burgos	Females	1985	80.20
09 Burgos	Females	1984	81.01
09 Burgos	Females	1983	79.70
09 Burgos	Females	1982	80.92
09 Burgos	Females	1981	79.74
09 Burgos	Females	1980	79.34
09 Burgos	Females	1979	78.83
09 Burgos	Females	1978	78.93
09 Burgos	Females	1977	77.36
09 Burgos	Females	1976	76.67
09 Burgos	Females	1975	76.26
10 Cáceres	Both genders	2024	83.62
10 Cáceres	Both genders	2023	83.28
10 Cáceres	Both genders	2022	82.53
10 Cáceres	Both genders	2021	82.62
10 Cáceres	Both genders	2020	81.72
10 Cáceres	Both genders	2019	83.47
10 Cáceres	Both genders	2018	82.88
10 Cáceres	Both genders	2017	82.47
10 Cáceres	Both genders	2016	82.82
10 Cáceres	Both genders	2015	82.54
10 Cáceres	Both genders	2014	83.21
10 Cáceres	Both genders	2013	82.34
10 Cáceres	Both genders	2012	82.01
10 Cáceres	Both genders	2011	82.19
10 Cáceres	Both genders	2010	81.99
10 Cáceres	Both genders	2009	81.86
10 Cáceres	Both genders	2008	81.69
10 Cáceres	Both genders	2007	80.73
10 Cáceres	Both genders	2006	81.20
10 Cáceres	Both genders	2005	80.17
10 Cáceres	Both genders	2004	80.19
10 Cáceres	Both genders	2003	79.43
10 Cáceres	Both genders	2002	80.13
10 Cáceres	Both genders	2001	79.67
10 Cáceres	Both genders	2000	79.49
10 Cáceres	Both genders	1999	79.16
10 Cáceres	Both genders	1998	78.89
10 Cáceres	Both genders	1997	78.91
10 Cáceres	Both genders	1996	78.70
10 Cáceres	Both genders	1995	78.56
10 Cáceres	Both genders	1994	78.59
10 Cáceres	Both genders	1993	78.24
10 Cáceres	Both genders	1992	77.95
10 Cáceres	Both genders	1991	77.64
10 Cáceres	Both genders	1990	77.11
10 Cáceres	Both genders	1989	77.14
10 Cáceres	Both genders	1988	76.94
10 Cáceres	Both genders	1987	76.85
10 Cáceres	Both genders	1986	76.18
10 Cáceres	Both genders	1985	76.22
10 Cáceres	Both genders	1984	75.85
10 Cáceres	Both genders	1983	75.42
10 Cáceres	Both genders	1982	76.27
10 Cáceres	Both genders	1981	75.40
10 Cáceres	Both genders	1980	74.62
10 Cáceres	Both genders	1979	74.56
10 Cáceres	Both genders	1978	74.46
10 Cáceres	Both genders	1977	74.15
10 Cáceres	Both genders	1976	73.70
10 Cáceres	Both genders	1975	73.24
10 Cáceres	Males	2024	80.87
10 Cáceres	Males	2023	80.80
10 Cáceres	Males	2022	80.11
10 Cáceres	Males	2021	79.81
10 Cáceres	Males	2020	79.15
10 Cáceres	Males	2019	80.65
10 Cáceres	Males	2018	79.97
10 Cáceres	Males	2017	79.68
10 Cáceres	Males	2016	79.97
10 Cáceres	Males	2015	79.66
10 Cáceres	Males	2014	80.48
10 Cáceres	Males	2013	79.54
10 Cáceres	Males	2012	78.97
10 Cáceres	Males	2011	79.34
10 Cáceres	Males	2010	78.90
10 Cáceres	Males	2009	78.93
10 Cáceres	Males	2008	78.50
10 Cáceres	Males	2007	77.85
10 Cáceres	Males	2006	77.83
10 Cáceres	Males	2005	76.91
10 Cáceres	Males	2004	76.63
10 Cáceres	Males	2003	76.26
10 Cáceres	Males	2002	76.74
10 Cáceres	Males	2001	76.56
10 Cáceres	Males	2000	76.58
10 Cáceres	Males	1999	75.90
10 Cáceres	Males	1998	75.51
10 Cáceres	Males	1997	75.51
10 Cáceres	Males	1996	75.49
10 Cáceres	Males	1995	75.14
10 Cáceres	Males	1994	75.43
10 Cáceres	Males	1993	75.03
10 Cáceres	Males	1992	74.82
10 Cáceres	Males	1991	74.70
10 Cáceres	Males	1990	74.09
10 Cáceres	Males	1989	73.92
10 Cáceres	Males	1988	74.17
10 Cáceres	Males	1987	73.79
10 Cáceres	Males	1986	73.21
10 Cáceres	Males	1985	73.21
10 Cáceres	Males	1984	72.95
10 Cáceres	Males	1983	72.40
10 Cáceres	Males	1982	73.31
10 Cáceres	Males	1981	72.61
10 Cáceres	Males	1980	71.54
10 Cáceres	Males	1979	71.80
10 Cáceres	Males	1978	71.62
10 Cáceres	Males	1977	71.45
10 Cáceres	Males	1976	71.00
10 Cáceres	Males	1975	70.50
10 Cáceres	Females	2024	86.49
10 Cáceres	Females	2023	85.83
10 Cáceres	Females	2022	85.05
10 Cáceres	Females	2021	85.60
10 Cáceres	Females	2020	84.45
10 Cáceres	Females	2019	86.40
10 Cáceres	Females	2018	85.91
10 Cáceres	Females	2017	85.38
10 Cáceres	Females	2016	85.78
10 Cáceres	Females	2015	85.58
10 Cáceres	Females	2014	86.01
10 Cáceres	Females	2013	85.30
10 Cáceres	Females	2012	85.26
10 Cáceres	Females	2011	85.16
10 Cáceres	Females	2010	85.25
10 Cáceres	Females	2009	84.88
10 Cáceres	Females	2008	85.00
10 Cáceres	Females	2007	83.73
10 Cáceres	Females	2006	84.70
10 Cáceres	Females	2005	83.60
10 Cáceres	Females	2004	83.93
10 Cáceres	Females	2003	82.76
10 Cáceres	Females	2002	83.66
10 Cáceres	Females	2001	82.92
10 Cáceres	Females	2000	82.43
10 Cáceres	Females	1999	82.54
10 Cáceres	Females	1998	82.40
10 Cáceres	Females	1997	82.43
10 Cáceres	Females	1996	81.96
10 Cáceres	Females	1995	82.07
10 Cáceres	Females	1994	81.80
10 Cáceres	Females	1993	81.46
10 Cáceres	Females	1992	81.09
10 Cáceres	Females	1991	80.60
10 Cáceres	Females	1990	80.17
10 Cáceres	Females	1989	80.38
10 Cáceres	Females	1988	79.64
10 Cáceres	Females	1987	79.88
10 Cáceres	Females	1986	79.12
10 Cáceres	Females	1985	79.21
10 Cáceres	Females	1984	78.71
10 Cáceres	Females	1983	78.44
10 Cáceres	Females	1982	79.19
10 Cáceres	Females	1981	78.15
10 Cáceres	Females	1980	77.71
10 Cáceres	Females	1979	77.30
10 Cáceres	Females	1978	77.24
10 Cáceres	Females	1977	76.79
10 Cáceres	Females	1976	76.35
10 Cáceres	Females	1975	75.93
11 Cádiz	Both genders	2024	82.55
11 Cádiz	Both genders	2023	82.01
11 Cádiz	Both genders	2022	81.44
11 Cádiz	Both genders	2021	80.75
11 Cádiz	Both genders	2020	81.08
11 Cádiz	Both genders	2019	81.71
11 Cádiz	Both genders	2018	81.01
11 Cádiz	Both genders	2017	81.27
11 Cádiz	Both genders	2016	81.05
11 Cádiz	Both genders	2015	80.82
11 Cádiz	Both genders	2014	81.17
11 Cádiz	Both genders	2013	80.66
11 Cádiz	Both genders	2012	80.02
11 Cádiz	Both genders	2011	80.26
11 Cádiz	Both genders	2010	80.18
11 Cádiz	Both genders	2009	79.75
11 Cádiz	Both genders	2008	79.57
11 Cádiz	Both genders	2007	79.86
11 Cádiz	Both genders	2006	79.34
11 Cádiz	Both genders	2005	78.09
11 Cádiz	Both genders	2004	78.02
11 Cádiz	Both genders	2003	77.69
11 Cádiz	Both genders	2002	77.88
11 Cádiz	Both genders	2001	77.84
11 Cádiz	Both genders	2000	77.32
11 Cádiz	Both genders	1999	76.93
11 Cádiz	Both genders	1998	76.89
11 Cádiz	Both genders	1997	76.77
11 Cádiz	Both genders	1996	76.19
11 Cádiz	Both genders	1995	75.59
11 Cádiz	Both genders	1994	76.35
11 Cádiz	Both genders	1993	75.77
11 Cádiz	Both genders	1992	75.80
11 Cádiz	Both genders	1991	75.04
11 Cádiz	Both genders	1990	74.37
11 Cádiz	Both genders	1989	75.07
11 Cádiz	Both genders	1988	74.81
11 Cádiz	Both genders	1987	74.66
11 Cádiz	Both genders	1986	74.61
11 Cádiz	Both genders	1985	74.31
11 Cádiz	Both genders	1984	74.13
11 Cádiz	Both genders	1983	74.33
11 Cádiz	Both genders	1982	73.66
11 Cádiz	Both genders	1981	73.78
11 Cádiz	Both genders	1980	73.30
11 Cádiz	Both genders	1979	73.02
11 Cádiz	Both genders	1978	72.38
11 Cádiz	Both genders	1977	71.76
11 Cádiz	Both genders	1976	71.46
11 Cádiz	Both genders	1975	71.49
11 Cádiz	Males	2024	79.89
11 Cádiz	Males	2023	79.24
11 Cádiz	Males	2022	78.75
11 Cádiz	Males	2021	78.05
11 Cádiz	Males	2020	78.25
11 Cádiz	Males	2019	78.98
11 Cádiz	Males	2018	78.29
11 Cádiz	Males	2017	78.74
11 Cádiz	Males	2016	78.33
11 Cádiz	Males	2015	78.24
11 Cádiz	Males	2014	78.44
11 Cádiz	Males	2013	77.88
11 Cádiz	Males	2012	77.19
11 Cádiz	Males	2011	77.39
11 Cádiz	Males	2010	77.24
11 Cádiz	Males	2009	76.80
11 Cádiz	Males	2008	76.54
11 Cádiz	Males	2007	76.97
11 Cádiz	Males	2006	76.42
11 Cádiz	Males	2005	74.69
11 Cádiz	Males	2004	74.54
11 Cádiz	Males	2003	74.37
11 Cádiz	Males	2002	74.64
11 Cádiz	Males	2001	74.47
11 Cádiz	Males	2000	74.03
11 Cádiz	Males	1999	73.43
11 Cádiz	Males	1998	73.47
11 Cádiz	Males	1997	73.47
11 Cádiz	Males	1996	72.34
11 Cádiz	Males	1995	71.98
11 Cádiz	Males	1994	72.93
11 Cádiz	Males	1993	72.13
11 Cádiz	Males	1992	72.11
11 Cádiz	Males	1991	71.20
11 Cádiz	Males	1990	70.83
11 Cádiz	Males	1989	71.59
11 Cádiz	Males	1988	71.43
11 Cádiz	Males	1987	71.16
11 Cádiz	Males	1986	71.03
11 Cádiz	Males	1985	70.46
11 Cádiz	Males	1984	70.79
11 Cádiz	Males	1983	70.81
11 Cádiz	Males	1982	70.24
11 Cádiz	Males	1981	70.20
11 Cádiz	Males	1980	70.17
11 Cádiz	Males	1979	69.49
11 Cádiz	Males	1978	68.91
11 Cádiz	Males	1977	68.13
11 Cádiz	Males	1976	68.17
11 Cádiz	Males	1975	68.09
11 Cádiz	Females	2024	85.18
11 Cádiz	Females	2023	84.77
11 Cádiz	Females	2022	84.16
11 Cádiz	Females	2021	83.48
11 Cádiz	Females	2020	83.97
11 Cádiz	Females	2019	84.45
11 Cádiz	Females	2018	83.74
11 Cádiz	Females	2017	83.78
11 Cádiz	Females	2016	83.79
11 Cádiz	Females	2015	83.43
11 Cádiz	Females	2014	83.90
11 Cádiz	Females	2013	83.45
11 Cádiz	Females	2012	82.90
11 Cádiz	Females	2011	83.16
11 Cádiz	Females	2010	83.18
11 Cádiz	Females	2009	82.74
11 Cádiz	Females	2008	82.63
11 Cádiz	Females	2007	82.72
11 Cádiz	Females	2006	82.23
11 Cádiz	Females	2005	81.61
11 Cádiz	Females	2004	81.62
11 Cádiz	Females	2003	81.11
11 Cádiz	Females	2002	81.18
11 Cádiz	Females	2001	81.26
11 Cádiz	Females	2000	80.66
11 Cádiz	Females	1999	80.56
11 Cádiz	Females	1998	80.40
11 Cádiz	Females	1997	80.12
11 Cádiz	Females	1996	80.24
11 Cádiz	Females	1995	79.34
11 Cádiz	Females	1994	79.81
11 Cádiz	Females	1993	79.50
11 Cádiz	Females	1992	79.58
11 Cádiz	Females	1991	79.05
11 Cádiz	Females	1990	78.02
11 Cádiz	Females	1989	78.59
11 Cádiz	Females	1988	78.21
11 Cádiz	Females	1987	78.21
11 Cádiz	Females	1986	78.25
11 Cádiz	Females	1985	78.26
11 Cádiz	Females	1984	77.44
11 Cádiz	Females	1983	77.83
11 Cádiz	Females	1982	77.09
11 Cádiz	Females	1981	77.38
11 Cádiz	Females	1980	76.34
11 Cádiz	Females	1979	76.52
11 Cádiz	Females	1978	75.86
11 Cádiz	Females	1977	75.46
11 Cádiz	Females	1976	74.73
11 Cádiz	Females	1975	74.87
39 Cantabria	Both genders	2024	83.89
39 Cantabria	Both genders	2023	84.20
39 Cantabria	Both genders	2022	83.06
39 Cantabria	Both genders	2021	83.63
39 Cantabria	Both genders	2020	83.00
39 Cantabria	Both genders	2019	83.58
39 Cantabria	Both genders	2018	83.33
39 Cantabria	Both genders	2017	83.31
39 Cantabria	Both genders	2016	83.14
39 Cantabria	Both genders	2015	82.69
39 Cantabria	Both genders	2014	82.78
39 Cantabria	Both genders	2013	82.96
39 Cantabria	Both genders	2012	82.54
39 Cantabria	Both genders	2011	82.42
39 Cantabria	Both genders	2010	82.06
39 Cantabria	Both genders	2009	81.96
39 Cantabria	Both genders	2008	81.62
39 Cantabria	Both genders	2007	80.99
39 Cantabria	Both genders	2006	80.99
39 Cantabria	Both genders	2005	81.07
39 Cantabria	Both genders	2004	80.82
39 Cantabria	Both genders	2003	80.39
39 Cantabria	Both genders	2002	80.11
39 Cantabria	Both genders	2001	80.27
39 Cantabria	Both genders	2000	79.35
39 Cantabria	Both genders	1999	79.23
39 Cantabria	Both genders	1998	79.55
39 Cantabria	Both genders	1997	78.80
39 Cantabria	Both genders	1996	78.57
39 Cantabria	Both genders	1995	78.25
39 Cantabria	Both genders	1994	78.48
39 Cantabria	Both genders	1993	77.96
39 Cantabria	Both genders	1992	77.75
39 Cantabria	Both genders	1991	77.62
39 Cantabria	Both genders	1990	77.00
39 Cantabria	Both genders	1989	76.96
39 Cantabria	Both genders	1988	77.04
39 Cantabria	Both genders	1987	76.92
39 Cantabria	Both genders	1986	76.89
39 Cantabria	Both genders	1985	76.44
39 Cantabria	Both genders	1984	76.68
39 Cantabria	Both genders	1983	75.92
39 Cantabria	Both genders	1982	76.09
39 Cantabria	Both genders	1981	75.72
39 Cantabria	Both genders	1980	75.08
39 Cantabria	Both genders	1979	74.77
39 Cantabria	Both genders	1978	75.24
39 Cantabria	Both genders	1977	74.13
39 Cantabria	Both genders	1976	73.68
39 Cantabria	Both genders	1975	73.07
39 Cantabria	Males	2024	81.01
39 Cantabria	Males	2023	81.37
39 Cantabria	Males	2022	80.43
39 Cantabria	Males	2021	80.66
39 Cantabria	Males	2020	80.30
39 Cantabria	Males	2019	80.89
39 Cantabria	Males	2018	80.31
39 Cantabria	Males	2017	80.30
39 Cantabria	Males	2016	80.09
39 Cantabria	Males	2015	79.71
39 Cantabria	Males	2014	79.61
39 Cantabria	Males	2013	79.99
39 Cantabria	Males	2012	79.34
39 Cantabria	Males	2011	79.07
39 Cantabria	Males	2010	78.50
39 Cantabria	Males	2009	78.51
39 Cantabria	Males	2008	78.22
39 Cantabria	Males	2007	77.42
39 Cantabria	Males	2006	77.48
39 Cantabria	Males	2005	77.39
39 Cantabria	Males	2004	76.99
39 Cantabria	Males	2003	76.65
39 Cantabria	Males	2002	76.25
39 Cantabria	Males	2001	76.54
39 Cantabria	Males	2000	75.65
39 Cantabria	Males	1999	75.44
39 Cantabria	Males	1998	75.51
39 Cantabria	Males	1997	74.90
39 Cantabria	Males	1996	74.61
39 Cantabria	Males	1995	74.27
39 Cantabria	Males	1994	74.71
39 Cantabria	Males	1993	74.25
39 Cantabria	Males	1992	73.64
39 Cantabria	Males	1991	73.68
39 Cantabria	Males	1990	73.32
39 Cantabria	Males	1989	73.13
39 Cantabria	Males	1988	73.27
39 Cantabria	Males	1987	73.35
39 Cantabria	Males	1986	73.40
39 Cantabria	Males	1985	72.67
39 Cantabria	Males	1984	73.02
39 Cantabria	Males	1983	72.51
39 Cantabria	Males	1982	72.78
39 Cantabria	Males	1981	71.87
39 Cantabria	Males	1980	71.17
39 Cantabria	Males	1979	71.02
39 Cantabria	Males	1978	71.92
39 Cantabria	Males	1977	70.74
39 Cantabria	Males	1976	70.34
39 Cantabria	Males	1975	69.43
39 Cantabria	Females	2024	86.62
39 Cantabria	Females	2023	86.91
39 Cantabria	Females	2022	85.57
39 Cantabria	Females	2021	86.50
39 Cantabria	Females	2020	85.61
39 Cantabria	Females	2019	86.13
39 Cantabria	Females	2018	86.28
39 Cantabria	Females	2017	86.21
39 Cantabria	Females	2016	86.10
39 Cantabria	Females	2015	85.59
39 Cantabria	Females	2014	85.89
39 Cantabria	Females	2013	85.80
39 Cantabria	Females	2012	85.68
39 Cantabria	Females	2011	85.71
39 Cantabria	Females	2010	85.60
39 Cantabria	Females	2009	85.37
39 Cantabria	Females	2008	84.98
39 Cantabria	Females	2007	84.58
39 Cantabria	Females	2006	84.47
39 Cantabria	Females	2005	84.75
39 Cantabria	Females	2004	84.67
39 Cantabria	Females	2003	84.13
39 Cantabria	Females	2002	84.02
39 Cantabria	Females	2001	84.01
39 Cantabria	Females	2000	83.04
39 Cantabria	Females	1999	83.07
39 Cantabria	Females	1998	83.70
39 Cantabria	Females	1997	82.74
39 Cantabria	Females	1996	82.60
39 Cantabria	Females	1995	82.27
39 Cantabria	Females	1994	82.25
39 Cantabria	Females	1993	81.67
39 Cantabria	Females	1992	81.96
39 Cantabria	Females	1991	81.59
39 Cantabria	Females	1990	80.68
39 Cantabria	Females	1989	80.82
39 Cantabria	Females	1988	80.80
39 Cantabria	Females	1987	80.42
39 Cantabria	Females	1986	80.31
39 Cantabria	Females	1985	80.22
39 Cantabria	Females	1984	80.29
39 Cantabria	Females	1983	79.23
39 Cantabria	Females	1982	79.27
39 Cantabria	Females	1981	79.49
39 Cantabria	Females	1980	78.97
39 Cantabria	Females	1979	78.47
39 Cantabria	Females	1978	78.45
39 Cantabria	Females	1977	77.42
39 Cantabria	Females	1976	76.90
39 Cantabria	Females	1975	76.63
12 Castellón/Castelló	Both genders	2024	83.27
12 Castellón/Castelló	Both genders	2023	83.29
12 Castellón/Castelló	Both genders	2022	82.57
12 Castellón/Castelló	Both genders	2021	82.15
12 Castellón/Castelló	Both genders	2020	82.70
12 Castellón/Castelló	Both genders	2019	82.83
12 Castellón/Castelló	Both genders	2018	82.40
12 Castellón/Castelló	Both genders	2017	82.72
12 Castellón/Castelló	Both genders	2016	82.68
12 Castellón/Castelló	Both genders	2015	82.32
12 Castellón/Castelló	Both genders	2014	82.41
12 Castellón/Castelló	Both genders	2013	82.43
12 Castellón/Castelló	Both genders	2012	82.48
12 Castellón/Castelló	Both genders	2011	81.91
12 Castellón/Castelló	Both genders	2010	81.91
12 Castellón/Castelló	Both genders	2009	80.94
12 Castellón/Castelló	Both genders	2008	80.98
12 Castellón/Castelló	Both genders	2007	80.66
12 Castellón/Castelló	Both genders	2006	80.46
12 Castellón/Castelló	Both genders	2005	79.68
12 Castellón/Castelló	Both genders	2004	80.07
12 Castellón/Castelló	Both genders	2003	79.35
12 Castellón/Castelló	Both genders	2002	79.29
12 Castellón/Castelló	Both genders	2001	78.98
12 Castellón/Castelló	Both genders	2000	79.17
12 Castellón/Castelló	Both genders	1999	78.41
12 Castellón/Castelló	Both genders	1998	78.40
12 Castellón/Castelló	Both genders	1997	78.29
12 Castellón/Castelló	Both genders	1996	77.71
12 Castellón/Castelló	Both genders	1995	77.82
12 Castellón/Castelló	Both genders	1994	77.84
12 Castellón/Castelló	Both genders	1993	77.99
12 Castellón/Castelló	Both genders	1992	77.74
12 Castellón/Castelló	Both genders	1991	76.80
12 Castellón/Castelló	Both genders	1990	76.90
12 Castellón/Castelló	Both genders	1989	76.95
12 Castellón/Castelló	Both genders	1988	76.99
12 Castellón/Castelló	Both genders	1987	76.85
12 Castellón/Castelló	Both genders	1986	76.66
12 Castellón/Castelló	Both genders	1985	76.30
12 Castellón/Castelló	Both genders	1984	76.49
12 Castellón/Castelló	Both genders	1983	76.03
12 Castellón/Castelló	Both genders	1982	76.07
12 Castellón/Castelló	Both genders	1981	75.63
12 Castellón/Castelló	Both genders	1980	75.63
12 Castellón/Castelló	Both genders	1979	74.49
12 Castellón/Castelló	Both genders	1978	74.09
12 Castellón/Castelló	Both genders	1977	74.44
12 Castellón/Castelló	Both genders	1976	74.28
12 Castellón/Castelló	Both genders	1975	73.58
12 Castellón/Castelló	Males	2024	80.62
12 Castellón/Castelló	Males	2023	80.69
12 Castellón/Castelló	Males	2022	79.82
12 Castellón/Castelló	Males	2021	79.35
12 Castellón/Castelló	Males	2020	80.37
12 Castellón/Castelló	Males	2019	80.15
12 Castellón/Castelló	Males	2018	79.94
12 Castellón/Castelló	Males	2017	80.18
12 Castellón/Castelló	Males	2016	79.90
12 Castellón/Castelló	Males	2015	79.53
12 Castellón/Castelló	Males	2014	79.78
12 Castellón/Castelló	Males	2013	79.75
12 Castellón/Castelló	Males	2012	79.67
12 Castellón/Castelló	Males	2011	79.08
12 Castellón/Castelló	Males	2010	79.28
12 Castellón/Castelló	Males	2009	77.67
12 Castellón/Castelló	Males	2008	78.32
12 Castellón/Castelló	Males	2007	77.64
12 Castellón/Castelló	Males	2006	77.27
12 Castellón/Castelló	Males	2005	76.75
12 Castellón/Castelló	Males	2004	77.09
12 Castellón/Castelló	Males	2003	76.38
12 Castellón/Castelló	Males	2002	76.47
12 Castellón/Castelló	Males	2001	75.85
12 Castellón/Castelló	Males	2000	75.95
12 Castellón/Castelló	Males	1999	75.25
12 Castellón/Castelló	Males	1998	75.26
12 Castellón/Castelló	Males	1997	75.24
12 Castellón/Castelló	Males	1996	74.23
12 Castellón/Castelló	Males	1995	74.74
12 Castellón/Castelló	Males	1994	75.26
12 Castellón/Castelló	Males	1993	75.14
12 Castellón/Castelló	Males	1992	74.68
12 Castellón/Castelló	Males	1991	73.67
12 Castellón/Castelló	Males	1990	74.00
12 Castellón/Castelló	Males	1989	74.11
12 Castellón/Castelló	Males	1988	74.11
12 Castellón/Castelló	Males	1987	73.85
12 Castellón/Castelló	Males	1986	74.46
12 Castellón/Castelló	Males	1985	73.80
12 Castellón/Castelló	Males	1984	73.90
12 Castellón/Castelló	Males	1983	73.49
12 Castellón/Castelló	Males	1982	73.55
12 Castellón/Castelló	Males	1981	73.43
12 Castellón/Castelló	Males	1980	73.23
12 Castellón/Castelló	Males	1979	71.93
12 Castellón/Castelló	Males	1978	71.58
12 Castellón/Castelló	Males	1977	72.26
12 Castellón/Castelló	Males	1976	71.66
12 Castellón/Castelló	Males	1975	71.07
12 Castellón/Castelló	Females	2024	85.95
12 Castellón/Castelló	Females	2023	85.92
12 Castellón/Castelló	Females	2022	85.41
12 Castellón/Castelló	Females	2021	85.04
12 Castellón/Castelló	Females	2020	85.05
12 Castellón/Castelló	Females	2019	85.57
12 Castellón/Castelló	Females	2018	84.91
12 Castellón/Castelló	Females	2017	85.28
12 Castellón/Castelló	Females	2016	85.53
12 Castellón/Castelló	Females	2015	85.20
12 Castellón/Castelló	Females	2014	85.11
12 Castellón/Castelló	Females	2013	85.19
12 Castellón/Castelló	Females	2012	85.37
12 Castellón/Castelló	Females	2011	84.81
12 Castellón/Castelló	Females	2010	84.55
12 Castellón/Castelló	Females	2009	84.39
12 Castellón/Castelló	Females	2008	83.76
12 Castellón/Castelló	Females	2007	83.80
12 Castellón/Castelló	Females	2006	83.80
12 Castellón/Castelló	Females	2005	82.73
12 Castellón/Castelló	Females	2004	83.17
12 Castellón/Castelló	Females	2003	82.44
12 Castellón/Castelló	Females	2002	82.18
12 Castellón/Castelló	Females	2001	82.25
12 Castellón/Castelló	Females	2000	82.54
12 Castellón/Castelló	Females	1999	81.73
12 Castellón/Castelló	Females	1998	81.66
12 Castellón/Castelló	Females	1997	81.45
12 Castellón/Castelló	Females	1996	81.42
12 Castellón/Castelló	Females	1995	81.02
12 Castellón/Castelló	Females	1994	80.45
12 Castellón/Castelló	Females	1993	80.90
12 Castellón/Castelló	Females	1992	80.86
12 Castellón/Castelló	Females	1991	80.05
12 Castellón/Castelló	Females	1990	79.87
12 Castellón/Castelló	Females	1989	79.82
12 Castellón/Castelló	Females	1988	79.92
12 Castellón/Castelló	Females	1987	79.94
12 Castellón/Castelló	Females	1986	78.80
12 Castellón/Castelló	Females	1985	78.79
12 Castellón/Castelló	Females	1984	79.08
12 Castellón/Castelló	Females	1983	78.55
12 Castellón/Castelló	Females	1982	78.58
12 Castellón/Castelló	Females	1981	77.75
12 Castellón/Castelló	Females	1980	78.01
12 Castellón/Castelló	Females	1979	77.06
12 Castellón/Castelló	Females	1978	76.61
12 Castellón/Castelló	Females	1977	76.59
12 Castellón/Castelló	Females	1976	76.92
12 Castellón/Castelló	Females	1975	76.09
13 Ciudad Real	Both genders	2024	83.04
13 Ciudad Real	Both genders	2023	83.05
13 Ciudad Real	Both genders	2022	82.95
13 Ciudad Real	Both genders	2021	82.44
13 Ciudad Real	Both genders	2020	80.36
13 Ciudad Real	Both genders	2019	82.98
13 Ciudad Real	Both genders	2018	82.87
13 Ciudad Real	Both genders	2017	82.37
13 Ciudad Real	Both genders	2016	82.68
13 Ciudad Real	Both genders	2015	82.09
13 Ciudad Real	Both genders	2014	82.63
13 Ciudad Real	Both genders	2013	82.43
13 Ciudad Real	Both genders	2012	81.89
13 Ciudad Real	Both genders	2011	81.96
13 Ciudad Real	Both genders	2010	82.11
13 Ciudad Real	Both genders	2009	81.49
13 Ciudad Real	Both genders	2008	80.85
13 Ciudad Real	Both genders	2007	80.70
13 Ciudad Real	Both genders	2006	80.76
13 Ciudad Real	Both genders	2005	79.89
13 Ciudad Real	Both genders	2004	79.90
13 Ciudad Real	Both genders	2003	79.55
13 Ciudad Real	Both genders	2002	79.18
13 Ciudad Real	Both genders	2001	79.49
13 Ciudad Real	Both genders	2000	79.56
13 Ciudad Real	Both genders	1999	78.69
13 Ciudad Real	Both genders	1998	78.69
13 Ciudad Real	Both genders	1997	78.93
13 Ciudad Real	Both genders	1996	78.16
13 Ciudad Real	Both genders	1995	78.10
13 Ciudad Real	Both genders	1994	77.65
13 Ciudad Real	Both genders	1993	77.46
13 Ciudad Real	Both genders	1992	77.33
13 Ciudad Real	Both genders	1991	76.30
13 Ciudad Real	Both genders	1990	76.62
13 Ciudad Real	Both genders	1989	76.87
13 Ciudad Real	Both genders	1988	76.63
13 Ciudad Real	Both genders	1987	76.33
13 Ciudad Real	Both genders	1986	75.76
13 Ciudad Real	Both genders	1985	76.22
13 Ciudad Real	Both genders	1984	75.81
13 Ciudad Real	Both genders	1983	75.28
13 Ciudad Real	Both genders	1982	75.62
13 Ciudad Real	Both genders	1981	74.86
13 Ciudad Real	Both genders	1980	75.19
13 Ciudad Real	Both genders	1979	74.41
13 Ciudad Real	Both genders	1978	73.89
13 Ciudad Real	Both genders	1977	74.09
13 Ciudad Real	Both genders	1976	73.95
13 Ciudad Real	Both genders	1975	72.98
13 Ciudad Real	Males	2024	80.54
13 Ciudad Real	Males	2023	80.49
13 Ciudad Real	Males	2022	80.25
13 Ciudad Real	Males	2021	79.44
13 Ciudad Real	Males	2020	77.62
13 Ciudad Real	Males	2019	80.61
13 Ciudad Real	Males	2018	80.15
13 Ciudad Real	Males	2017	79.63
13 Ciudad Real	Males	2016	79.74
13 Ciudad Real	Males	2015	79.19
13 Ciudad Real	Males	2014	79.67
13 Ciudad Real	Males	2013	79.71
13 Ciudad Real	Males	2012	79.39
13 Ciudad Real	Males	2011	79.59
13 Ciudad Real	Males	2010	79.32
13 Ciudad Real	Males	2009	78.73
13 Ciudad Real	Males	2008	78.23
13 Ciudad Real	Males	2007	78.09
13 Ciudad Real	Males	2006	77.90
13 Ciudad Real	Males	2005	77.15
13 Ciudad Real	Males	2004	76.70
13 Ciudad Real	Males	2003	76.43
13 Ciudad Real	Males	2002	76.22
13 Ciudad Real	Males	2001	76.60
13 Ciudad Real	Males	2000	76.92
13 Ciudad Real	Males	1999	75.62
13 Ciudad Real	Males	1998	75.62
13 Ciudad Real	Males	1997	75.93
13 Ciudad Real	Males	1996	75.16
13 Ciudad Real	Males	1995	75.36
13 Ciudad Real	Males	1994	74.45
13 Ciudad Real	Males	1993	74.84
13 Ciudad Real	Males	1992	74.08
13 Ciudad Real	Males	1991	73.20
13 Ciudad Real	Males	1990	73.47
13 Ciudad Real	Males	1989	74.10
13 Ciudad Real	Males	1988	73.74
13 Ciudad Real	Males	1987	73.60
13 Ciudad Real	Males	1986	72.54
13 Ciudad Real	Males	1985	73.38
13 Ciudad Real	Males	1984	73.39
13 Ciudad Real	Males	1983	72.62
13 Ciudad Real	Males	1982	73.48
13 Ciudad Real	Males	1981	71.87
13 Ciudad Real	Males	1980	72.72
13 Ciudad Real	Males	1979	71.79
13 Ciudad Real	Males	1978	71.24
13 Ciudad Real	Males	1977	71.63
13 Ciudad Real	Males	1976	71.52
13 Ciudad Real	Males	1975	70.41
13 Ciudad Real	Females	2024	85.51
13 Ciudad Real	Females	2023	85.60
13 Ciudad Real	Females	2022	85.67
13 Ciudad Real	Females	2021	85.52
13 Ciudad Real	Females	2020	83.20
13 Ciudad Real	Females	2019	85.30
13 Ciudad Real	Females	2018	85.56
13 Ciudad Real	Females	2017	85.12
13 Ciudad Real	Females	2016	85.67
13 Ciudad Real	Females	2015	85.03
13 Ciudad Real	Females	2014	85.61
13 Ciudad Real	Females	2013	85.14
13 Ciudad Real	Females	2012	84.35
13 Ciudad Real	Females	2011	84.28
13 Ciudad Real	Females	2010	84.89
13 Ciudad Real	Females	2009	84.25
13 Ciudad Real	Females	2008	83.44
13 Ciudad Real	Females	2007	83.30
13 Ciudad Real	Females	2006	83.66
13 Ciudad Real	Females	2005	82.61
13 Ciudad Real	Females	2004	83.14
13 Ciudad Real	Females	2003	82.68
13 Ciudad Real	Females	2002	82.18
13 Ciudad Real	Females	2001	82.34
13 Ciudad Real	Females	2000	82.16
13 Ciudad Real	Females	1999	81.77
13 Ciudad Real	Females	1998	81.74
13 Ciudad Real	Females	1997	81.88
13 Ciudad Real	Females	1996	81.14
13 Ciudad Real	Females	1995	80.76
13 Ciudad Real	Females	1994	80.88
13 Ciudad Real	Females	1993	79.98
13 Ciudad Real	Females	1992	80.57
13 Ciudad Real	Females	1991	79.40
13 Ciudad Real	Females	1990	79.77
13 Ciudad Real	Females	1989	79.55
13 Ciudad Real	Females	1988	79.45
13 Ciudad Real	Females	1987	78.94
13 Ciudad Real	Females	1986	78.93
13 Ciudad Real	Females	1985	78.96
13 Ciudad Real	Females	1984	78.06
13 Ciudad Real	Females	1983	77.84
13 Ciudad Real	Females	1982	77.62
13 Ciudad Real	Females	1981	77.76
13 Ciudad Real	Females	1980	77.44
13 Ciudad Real	Females	1979	76.90
13 Ciudad Real	Females	1978	76.46
13 Ciudad Real	Females	1977	76.40
13 Ciudad Real	Females	1976	76.24
13 Ciudad Real	Females	1975	75.45
14 Córdoba	Both genders	2024	83.18
14 Córdoba	Both genders	2023	82.63
14 Córdoba	Both genders	2022	81.94
14 Córdoba	Both genders	2021	82.12
14 Córdoba	Both genders	2020	82.25
14 Córdoba	Both genders	2019	82.75
14 Córdoba	Both genders	2018	82.51
14 Córdoba	Both genders	2017	82.22
14 Córdoba	Both genders	2016	82.49
14 Córdoba	Both genders	2015	82.01
14 Córdoba	Both genders	2014	82.39
14 Córdoba	Both genders	2013	82.11
14 Córdoba	Both genders	2012	81.46
14 Córdoba	Both genders	2011	81.67
14 Córdoba	Both genders	2010	81.55
14 Córdoba	Both genders	2009	81.06
14 Córdoba	Both genders	2008	80.74
14 Córdoba	Both genders	2007	80.38
14 Córdoba	Both genders	2006	80.49
14 Córdoba	Both genders	2005	79.65
14 Córdoba	Both genders	2004	79.76
14 Córdoba	Both genders	2003	79.20
14 Córdoba	Both genders	2002	79.06
14 Córdoba	Both genders	2001	79.32
14 Córdoba	Both genders	2000	79.20
14 Córdoba	Both genders	1999	78.55
14 Córdoba	Both genders	1998	78.28
14 Córdoba	Both genders	1997	78.80
14 Córdoba	Both genders	1996	78.09
14 Córdoba	Both genders	1995	77.65
14 Córdoba	Both genders	1994	77.74
14 Córdoba	Both genders	1993	77.11
14 Córdoba	Both genders	1992	77.66
14 Córdoba	Both genders	1991	76.82
14 Córdoba	Both genders	1990	76.63
14 Córdoba	Both genders	1989	76.65
14 Córdoba	Both genders	1988	76.77
14 Córdoba	Both genders	1987	76.55
14 Córdoba	Both genders	1986	76.33
14 Córdoba	Both genders	1985	76.13
14 Córdoba	Both genders	1984	76.11
14 Córdoba	Both genders	1983	76.17
14 Córdoba	Both genders	1982	76.12
14 Córdoba	Both genders	1981	75.19
14 Córdoba	Both genders	1980	75.01
14 Córdoba	Both genders	1979	75.01
14 Córdoba	Both genders	1978	74.42
14 Córdoba	Both genders	1977	74.53
14 Córdoba	Both genders	1976	73.94
14 Córdoba	Both genders	1975	73.60
14 Córdoba	Males	2024	80.39
14 Córdoba	Males	2023	80.00
14 Córdoba	Males	2022	79.02
14 Córdoba	Males	2021	79.07
14 Córdoba	Males	2020	79.54
14 Córdoba	Males	2019	79.99
14 Córdoba	Males	2018	79.73
14 Córdoba	Males	2017	79.16
14 Córdoba	Males	2016	79.36
14 Córdoba	Males	2015	79.16
14 Córdoba	Males	2014	79.21
14 Córdoba	Males	2013	79.07
14 Córdoba	Males	2012	78.45
14 Córdoba	Males	2011	78.71
14 Córdoba	Males	2010	78.38
14 Córdoba	Males	2009	77.88
14 Córdoba	Males	2008	77.59
14 Córdoba	Males	2007	77.21
14 Córdoba	Males	2006	77.17
14 Córdoba	Males	2005	76.26
14 Córdoba	Males	2004	76.47
14 Córdoba	Males	2003	75.89
14 Córdoba	Males	2002	75.90
14 Córdoba	Males	2001	76.03
14 Córdoba	Males	2000	76.05
14 Córdoba	Males	1999	75.18
14 Córdoba	Males	1998	74.97
14 Córdoba	Males	1997	75.52
14 Córdoba	Males	1996	74.49
14 Córdoba	Males	1995	74.10
14 Córdoba	Males	1994	74.19
14 Córdoba	Males	1993	73.28
14 Córdoba	Males	1992	74.20
14 Córdoba	Males	1991	73.28
14 Córdoba	Males	1990	73.07
14 Córdoba	Males	1989	73.31
14 Córdoba	Males	1988	73.77
14 Córdoba	Males	1987	73.35
14 Córdoba	Males	1986	73.10
14 Córdoba	Males	1985	73.04
14 Córdoba	Males	1984	72.70
14 Córdoba	Males	1983	73.19
14 Córdoba	Males	1982	72.92
14 Córdoba	Males	1981	72.16
14 Córdoba	Males	1980	71.96
14 Córdoba	Males	1979	72.10
14 Córdoba	Males	1978	71.47
14 Córdoba	Males	1977	71.25
14 Córdoba	Males	1976	70.89
14 Córdoba	Males	1975	70.89
14 Córdoba	Females	2024	85.88
14 Córdoba	Females	2023	85.18
14 Córdoba	Females	2022	84.85
14 Córdoba	Females	2021	85.18
14 Córdoba	Females	2020	84.90
14 Córdoba	Females	2019	85.44
14 Córdoba	Females	2018	85.23
14 Córdoba	Females	2017	85.26
14 Córdoba	Females	2016	85.57
14 Córdoba	Females	2015	84.79
14 Córdoba	Females	2014	85.51
14 Córdoba	Females	2013	85.08
14 Córdoba	Females	2012	84.41
14 Córdoba	Females	2011	84.56
14 Córdoba	Females	2010	84.67
14 Córdoba	Females	2009	84.18
14 Córdoba	Females	2008	83.85
14 Córdoba	Females	2007	83.52
14 Córdoba	Females	2006	83.79
14 Córdoba	Females	2005	83.05
14 Córdoba	Females	2004	83.01
14 Córdoba	Females	2003	82.51
14 Córdoba	Females	2002	82.18
14 Córdoba	Females	2001	82.55
14 Córdoba	Females	2000	82.25
14 Córdoba	Females	1999	81.90
14 Córdoba	Females	1998	81.56
14 Córdoba	Females	1997	82.03
14 Córdoba	Females	1996	81.69
14 Córdoba	Females	1995	81.20
14 Córdoba	Females	1994	81.28
14 Córdoba	Females	1993	80.97
14 Córdoba	Females	1992	81.07
14 Córdoba	Females	1991	80.34
14 Córdoba	Females	1990	80.15
14 Córdoba	Females	1989	79.94
14 Córdoba	Females	1988	79.65
14 Córdoba	Females	1987	79.64
14 Córdoba	Females	1986	79.46
14 Córdoba	Females	1985	79.13
14 Córdoba	Females	1984	79.41
14 Córdoba	Females	1983	78.99
14 Córdoba	Females	1982	79.19
14 Córdoba	Females	1981	78.09
14 Córdoba	Females	1980	77.92
14 Córdoba	Females	1979	77.72
14 Córdoba	Females	1978	77.20
14 Córdoba	Females	1977	77.67
14 Córdoba	Females	1976	76.86
14 Córdoba	Females	1975	76.14
15 Coruña, A	Both genders	2024	84.10
15 Coruña, A	Both genders	2023	83.72
15 Coruña, A	Both genders	2022	83.11
15 Coruña, A	Both genders	2021	83.14
15 Coruña, A	Both genders	2020	83.43
15 Coruña, A	Both genders	2019	83.35
15 Coruña, A	Both genders	2018	82.76
15 Coruña, A	Both genders	2017	82.92
15 Coruña, A	Both genders	2016	82.53
15 Coruña, A	Both genders	2015	82.32
15 Coruña, A	Both genders	2014	82.62
15 Coruña, A	Both genders	2013	82.34
15 Coruña, A	Both genders	2012	82.22
15 Coruña, A	Both genders	2011	81.96
15 Coruña, A	Both genders	2010	81.69
15 Coruña, A	Both genders	2009	81.16
15 Coruña, A	Both genders	2008	81.07
15 Coruña, A	Both genders	2007	80.54
15 Coruña, A	Both genders	2006	80.66
15 Coruña, A	Both genders	2005	80.29
15 Coruña, A	Both genders	2004	80.33
15 Coruña, A	Both genders	2003	79.56
15 Coruña, A	Both genders	2002	80.03
15 Coruña, A	Both genders	2001	79.75
15 Coruña, A	Both genders	2000	79.10
15 Coruña, A	Both genders	1999	78.78
15 Coruña, A	Both genders	1998	78.86
15 Coruña, A	Both genders	1997	78.52
15 Coruña, A	Both genders	1996	77.62
15 Coruña, A	Both genders	1995	77.67
15 Coruña, A	Both genders	1994	77.54
15 Coruña, A	Both genders	1993	77.25
15 Coruña, A	Both genders	1992	77.04
15 Coruña, A	Both genders	1991	76.65
15 Coruña, A	Both genders	1990	76.23
15 Coruña, A	Both genders	1989	76.49
15 Coruña, A	Both genders	1988	76.10
15 Coruña, A	Both genders	1987	76.19
15 Coruña, A	Both genders	1986	75.75
15 Coruña, A	Both genders	1985	75.76
15 Coruña, A	Both genders	1984	75.88
15 Coruña, A	Both genders	1983	75.69
15 Coruña, A	Both genders	1982	75.39
15 Coruña, A	Both genders	1981	74.97
15 Coruña, A	Both genders	1980	75.05
15 Coruña, A	Both genders	1979	74.33
15 Coruña, A	Both genders	1978	73.79
15 Coruña, A	Both genders	1977	73.24
15 Coruña, A	Both genders	1976	73.24
15 Coruña, A	Both genders	1975	72.69
15 Coruña, A	Males	2024	81.17
15 Coruña, A	Males	2023	80.78
15 Coruña, A	Males	2022	80.13
15 Coruña, A	Males	2021	80.28
15 Coruña, A	Males	2020	80.48
15 Coruña, A	Males	2019	80.51
15 Coruña, A	Males	2018	79.74
15 Coruña, A	Males	2017	79.96
15 Coruña, A	Males	2016	79.17
15 Coruña, A	Males	2015	79.25
15 Coruña, A	Males	2014	79.42
15 Coruña, A	Males	2013	79.38
15 Coruña, A	Males	2012	79.04
15 Coruña, A	Males	2011	78.66
15 Coruña, A	Males	2010	78.40
15 Coruña, A	Males	2009	77.85
15 Coruña, A	Males	2008	77.53
15 Coruña, A	Males	2007	76.95
15 Coruña, A	Males	2006	77.09
15 Coruña, A	Males	2005	76.51
15 Coruña, A	Males	2004	76.71
15 Coruña, A	Males	2003	76.03
15 Coruña, A	Males	2002	76.36
15 Coruña, A	Males	2001	76.14
15 Coruña, A	Males	2000	75.38
15 Coruña, A	Males	1999	74.93
15 Coruña, A	Males	1998	75.13
15 Coruña, A	Males	1997	74.70
15 Coruña, A	Males	1996	73.41
15 Coruña, A	Males	1995	73.63
15 Coruña, A	Males	1994	73.40
15 Coruña, A	Males	1993	73.27
15 Coruña, A	Males	1992	73.22
15 Coruña, A	Males	1991	72.60
15 Coruña, A	Males	1990	72.38
15 Coruña, A	Males	1989	72.82
15 Coruña, A	Males	1988	72.11
15 Coruña, A	Males	1987	72.49
15 Coruña, A	Males	1986	72.15
15 Coruña, A	Males	1985	72.13
15 Coruña, A	Males	1984	72.23
15 Coruña, A	Males	1983	72.38
15 Coruña, A	Males	1982	71.59
15 Coruña, A	Males	1981	71.59
15 Coruña, A	Males	1980	71.77
15 Coruña, A	Males	1979	70.91
15 Coruña, A	Males	1978	70.44
15 Coruña, A	Males	1977	69.78
15 Coruña, A	Males	1976	69.82
15 Coruña, A	Males	1975	69.33
15 Coruña, A	Females	2024	86.88
15 Coruña, A	Females	2023	86.53
15 Coruña, A	Females	2022	85.99
15 Coruña, A	Females	2021	85.88
15 Coruña, A	Females	2020	86.25
15 Coruña, A	Females	2019	86.04
15 Coruña, A	Females	2018	85.67
15 Coruña, A	Females	2017	85.74
15 Coruña, A	Females	2016	85.83
15 Coruña, A	Females	2015	85.28
15 Coruña, A	Females	2014	85.72
15 Coruña, A	Females	2013	85.17
15 Coruña, A	Females	2012	85.29
15 Coruña, A	Females	2011	85.13
15 Coruña, A	Females	2010	84.88
15 Coruña, A	Females	2009	84.36
15 Coruña, A	Females	2008	84.51
15 Coruña, A	Females	2007	84.04
15 Coruña, A	Females	2006	84.11
15 Coruña, A	Females	2005	84.00
15 Coruña, A	Females	2004	83.82
15 Coruña, A	Females	2003	82.98
15 Coruña, A	Females	2002	83.56
15 Coruña, A	Females	2001	83.20
15 Coruña, A	Females	2000	82.70
15 Coruña, A	Females	1999	82.56
15 Coruña, A	Females	1998	82.46
15 Coruña, A	Females	1997	82.22
15 Coruña, A	Females	1996	81.80
15 Coruña, A	Females	1995	81.63
15 Coruña, A	Females	1994	81.61
15 Coruña, A	Females	1993	81.13
15 Coruña, A	Females	1992	80.75
15 Coruña, A	Females	1991	80.62
15 Coruña, A	Females	1990	79.97
15 Coruña, A	Females	1989	80.00
15 Coruña, A	Females	1988	80.01
15 Coruña, A	Females	1987	79.71
15 Coruña, A	Females	1986	79.15
15 Coruña, A	Females	1985	79.20
15 Coruña, A	Females	1984	79.33
15 Coruña, A	Females	1983	78.72
15 Coruña, A	Females	1982	78.99
15 Coruña, A	Females	1981	78.11
15 Coruña, A	Females	1980	78.03
15 Coruña, A	Females	1979	77.50
15 Coruña, A	Females	1978	76.87
15 Coruña, A	Females	1977	76.42
15 Coruña, A	Females	1976	76.39
15 Coruña, A	Females	1975	75.78
16 Cuenca	Both genders	2024	83.70
16 Cuenca	Both genders	2023	83.30
16 Cuenca	Both genders	2022	83.09
16 Cuenca	Both genders	2021	83.36
16 Cuenca	Both genders	2020	80.78
16 Cuenca	Both genders	2019	83.62
16 Cuenca	Both genders	2018	83.28
16 Cuenca	Both genders	2017	83.24
16 Cuenca	Both genders	2016	83.18
16 Cuenca	Both genders	2015	82.87
16 Cuenca	Both genders	2014	83.37
16 Cuenca	Both genders	2013	82.51
16 Cuenca	Both genders	2012	82.11
16 Cuenca	Both genders	2011	83.09
16 Cuenca	Both genders	2010	82.87
16 Cuenca	Both genders	2009	83.13
16 Cuenca	Both genders	2008	82.01
16 Cuenca	Both genders	2007	82.20
16 Cuenca	Both genders	2006	82.16
16 Cuenca	Both genders	2005	81.66
16 Cuenca	Both genders	2004	81.62
16 Cuenca	Both genders	2003	81.51
16 Cuenca	Both genders	2002	80.92
16 Cuenca	Both genders	2001	80.88
16 Cuenca	Both genders	2000	81.16
16 Cuenca	Both genders	1999	80.49
16 Cuenca	Both genders	1998	80.60
16 Cuenca	Both genders	1997	80.41
16 Cuenca	Both genders	1996	79.53
16 Cuenca	Both genders	1995	79.80
16 Cuenca	Both genders	1994	79.43
16 Cuenca	Both genders	1993	79.58
16 Cuenca	Both genders	1992	79.51
16 Cuenca	Both genders	1991	78.94
16 Cuenca	Both genders	1990	78.91
16 Cuenca	Both genders	1989	78.02
16 Cuenca	Both genders	1988	78.14
16 Cuenca	Both genders	1987	78.00
16 Cuenca	Both genders	1986	77.15
16 Cuenca	Both genders	1985	76.35
16 Cuenca	Both genders	1984	76.55
16 Cuenca	Both genders	1983	76.42
16 Cuenca	Both genders	1982	76.82
16 Cuenca	Both genders	1981	75.63
16 Cuenca	Both genders	1980	76.07
16 Cuenca	Both genders	1979	75.44
16 Cuenca	Both genders	1978	75.49
16 Cuenca	Both genders	1977	75.34
16 Cuenca	Both genders	1976	75.38
16 Cuenca	Both genders	1975	74.98
16 Cuenca	Males	2024	81.16
16 Cuenca	Males	2023	80.70
16 Cuenca	Males	2022	80.96
16 Cuenca	Males	2021	80.40
16 Cuenca	Males	2020	77.86
16 Cuenca	Males	2019	81.21
16 Cuenca	Males	2018	81.03
16 Cuenca	Males	2017	80.50
16 Cuenca	Males	2016	80.61
16 Cuenca	Males	2015	80.30
16 Cuenca	Males	2014	81.05
16 Cuenca	Males	2013	79.74
16 Cuenca	Males	2012	79.37
16 Cuenca	Males	2011	80.31
16 Cuenca	Males	2010	80.35
16 Cuenca	Males	2009	80.65
16 Cuenca	Males	2008	79.11
16 Cuenca	Males	2007	79.78
16 Cuenca	Males	2006	79.04
16 Cuenca	Males	2005	78.81
16 Cuenca	Males	2004	78.68
16 Cuenca	Males	2003	78.96
16 Cuenca	Males	2002	78.32
16 Cuenca	Males	2001	78.32
16 Cuenca	Males	2000	78.41
16 Cuenca	Males	1999	77.58
16 Cuenca	Males	1998	77.93
16 Cuenca	Males	1997	77.73
16 Cuenca	Males	1996	77.07
16 Cuenca	Males	1995	77.45
16 Cuenca	Males	1994	77.06
16 Cuenca	Males	1993	77.03
16 Cuenca	Males	1992	76.74
16 Cuenca	Males	1991	76.85
16 Cuenca	Males	1990	77.38
16 Cuenca	Males	1989	75.88
16 Cuenca	Males	1988	75.88
16 Cuenca	Males	1987	76.24
16 Cuenca	Males	1986	75.49
16 Cuenca	Males	1985	73.47
16 Cuenca	Males	1984	74.79
16 Cuenca	Males	1983	74.16
16 Cuenca	Males	1982	74.87
16 Cuenca	Males	1981	73.42
16 Cuenca	Males	1980	73.91
16 Cuenca	Males	1979	73.06
16 Cuenca	Males	1978	74.13
16 Cuenca	Males	1977	72.98
16 Cuenca	Males	1976	73.32
16 Cuenca	Males	1975	73.11
16 Cuenca	Females	2024	86.41
16 Cuenca	Females	2023	86.12
16 Cuenca	Females	2022	85.35
16 Cuenca	Females	2021	86.63
16 Cuenca	Females	2020	84.06
16 Cuenca	Females	2019	86.24
16 Cuenca	Females	2018	85.65
16 Cuenca	Females	2017	86.18
16 Cuenca	Females	2016	85.92
16 Cuenca	Females	2015	85.58
16 Cuenca	Females	2014	85.87
16 Cuenca	Females	2013	85.53
16 Cuenca	Females	2012	85.07
16 Cuenca	Females	2011	86.08
16 Cuenca	Females	2010	85.52
16 Cuenca	Females	2009	85.71
16 Cuenca	Females	2008	85.13
16 Cuenca	Females	2007	84.72
16 Cuenca	Females	2006	85.50
16 Cuenca	Females	2005	84.68
16 Cuenca	Females	2004	84.75
16 Cuenca	Females	2003	84.15
16 Cuenca	Females	2002	83.62
16 Cuenca	Females	2001	83.51
16 Cuenca	Females	2000	84.02
16 Cuenca	Females	1999	83.56
16 Cuenca	Females	1998	83.35
16 Cuenca	Females	1997	83.15
16 Cuenca	Females	1996	82.01
16 Cuenca	Females	1995	82.22
16 Cuenca	Females	1994	81.86
16 Cuenca	Females	1993	82.21
16 Cuenca	Females	1992	82.37
16 Cuenca	Females	1991	81.06
16 Cuenca	Females	1990	80.41
16 Cuenca	Females	1989	80.19
16 Cuenca	Females	1988	80.42
16 Cuenca	Females	1987	79.75
16 Cuenca	Females	1986	78.82
16 Cuenca	Females	1985	79.40
16 Cuenca	Females	1984	78.34
16 Cuenca	Females	1983	78.70
16 Cuenca	Females	1982	78.76
16 Cuenca	Females	1981	77.86
16 Cuenca	Females	1980	78.33
16 Cuenca	Females	1979	77.88
16 Cuenca	Females	1978	76.79
16 Cuenca	Females	1977	77.80
16 Cuenca	Females	1976	77.53
16 Cuenca	Females	1975	76.89
20 Gipuzkoa	Both genders	2024	84.49
20 Gipuzkoa	Both genders	2023	84.15
20 Gipuzkoa	Both genders	2022	83.39
20 Gipuzkoa	Both genders	2021	83.47
20 Gipuzkoa	Both genders	2020	83.33
20 Gipuzkoa	Both genders	2019	84.17
20 Gipuzkoa	Both genders	2018	83.65
20 Gipuzkoa	Both genders	2017	83.48
20 Gipuzkoa	Both genders	2016	83.60
20 Gipuzkoa	Both genders	2015	83.10
20 Gipuzkoa	Both genders	2014	83.30
20 Gipuzkoa	Both genders	2013	83.04
20 Gipuzkoa	Both genders	2012	82.86
20 Gipuzkoa	Both genders	2011	82.74
20 Gipuzkoa	Both genders	2010	82.74
20 Gipuzkoa	Both genders	2009	82.22
20 Gipuzkoa	Both genders	2008	81.83
20 Gipuzkoa	Both genders	2007	81.34
20 Gipuzkoa	Both genders	2006	81.83
20 Gipuzkoa	Both genders	2005	81.22
20 Gipuzkoa	Both genders	2004	80.92
20 Gipuzkoa	Both genders	2003	80.39
20 Gipuzkoa	Both genders	2002	80.17
20 Gipuzkoa	Both genders	2001	80.18
20 Gipuzkoa	Both genders	2000	79.91
20 Gipuzkoa	Both genders	1999	79.38
20 Gipuzkoa	Both genders	1998	78.83
20 Gipuzkoa	Both genders	1997	78.95
20 Gipuzkoa	Both genders	1996	78.00
20 Gipuzkoa	Both genders	1995	78.55
20 Gipuzkoa	Both genders	1994	78.25
20 Gipuzkoa	Both genders	1993	77.91
20 Gipuzkoa	Both genders	1992	77.72
20 Gipuzkoa	Both genders	1991	76.88
20 Gipuzkoa	Both genders	1990	77.21
20 Gipuzkoa	Both genders	1989	76.92
20 Gipuzkoa	Both genders	1988	76.49
20 Gipuzkoa	Both genders	1987	76.56
20 Gipuzkoa	Both genders	1986	76.04
20 Gipuzkoa	Both genders	1985	75.87
20 Gipuzkoa	Both genders	1984	76.22
20 Gipuzkoa	Both genders	1983	75.45
20 Gipuzkoa	Both genders	1982	75.85
20 Gipuzkoa	Both genders	1981	75.39
20 Gipuzkoa	Both genders	1980	75.52
20 Gipuzkoa	Both genders	1979	75.13
20 Gipuzkoa	Both genders	1978	74.40
20 Gipuzkoa	Both genders	1977	73.76
20 Gipuzkoa	Both genders	1976	73.00
20 Gipuzkoa	Both genders	1975	72.76
20 Gipuzkoa	Males	2024	81.64
20 Gipuzkoa	Males	2023	81.34
20 Gipuzkoa	Males	2022	80.37
20 Gipuzkoa	Males	2021	80.64
20 Gipuzkoa	Males	2020	80.52
20 Gipuzkoa	Males	2019	81.47
20 Gipuzkoa	Males	2018	80.85
20 Gipuzkoa	Males	2017	80.42
20 Gipuzkoa	Males	2016	80.57
20 Gipuzkoa	Males	2015	80.14
20 Gipuzkoa	Males	2014	80.26
20 Gipuzkoa	Males	2013	79.68
20 Gipuzkoa	Males	2012	79.58
20 Gipuzkoa	Males	2011	79.40
20 Gipuzkoa	Males	2010	79.67
20 Gipuzkoa	Males	2009	78.94
20 Gipuzkoa	Males	2008	78.34
20 Gipuzkoa	Males	2007	77.77
20 Gipuzkoa	Males	2006	78.32
20 Gipuzkoa	Males	2005	77.47
20 Gipuzkoa	Males	2004	77.39
20 Gipuzkoa	Males	2003	76.65
20 Gipuzkoa	Males	2002	76.32
20 Gipuzkoa	Males	2001	76.39
20 Gipuzkoa	Males	2000	76.11
20 Gipuzkoa	Males	1999	75.71
20 Gipuzkoa	Males	1998	75.02
20 Gipuzkoa	Males	1997	74.97
20 Gipuzkoa	Males	1996	74.18
20 Gipuzkoa	Males	1995	74.74
20 Gipuzkoa	Males	1994	74.27
20 Gipuzkoa	Males	1993	73.74
20 Gipuzkoa	Males	1992	73.71
20 Gipuzkoa	Males	1991	72.56
20 Gipuzkoa	Males	1990	73.38
20 Gipuzkoa	Males	1989	72.83
20 Gipuzkoa	Males	1988	72.90
20 Gipuzkoa	Males	1987	72.56
20 Gipuzkoa	Males	1986	72.56
20 Gipuzkoa	Males	1985	71.90
20 Gipuzkoa	Males	1984	72.20
20 Gipuzkoa	Males	1983	71.81
20 Gipuzkoa	Males	1982	72.13
20 Gipuzkoa	Males	1981	71.75
20 Gipuzkoa	Males	1980	71.91
20 Gipuzkoa	Males	1979	71.18
20 Gipuzkoa	Males	1978	70.88
20 Gipuzkoa	Males	1977	70.21
20 Gipuzkoa	Males	1976	69.69
20 Gipuzkoa	Males	1975	69.60
20 Gipuzkoa	Females	2024	87.24
20 Gipuzkoa	Females	2023	86.86
20 Gipuzkoa	Females	2022	86.35
20 Gipuzkoa	Females	2021	86.21
20 Gipuzkoa	Females	2020	86.07
20 Gipuzkoa	Females	2019	86.69
20 Gipuzkoa	Females	2018	86.29
20 Gipuzkoa	Females	2017	86.41
20 Gipuzkoa	Females	2016	86.50
20 Gipuzkoa	Females	2015	85.90
20 Gipuzkoa	Females	2014	86.19
20 Gipuzkoa	Females	2013	86.31
20 Gipuzkoa	Females	2012	86.07
20 Gipuzkoa	Females	2011	85.95
20 Gipuzkoa	Females	2010	85.64
20 Gipuzkoa	Females	2009	85.37
20 Gipuzkoa	Females	2008	85.25
20 Gipuzkoa	Females	2007	84.85
20 Gipuzkoa	Females	2006	85.24
20 Gipuzkoa	Females	2005	84.93
20 Gipuzkoa	Females	2004	84.36
20 Gipuzkoa	Females	2003	84.10
20 Gipuzkoa	Females	2002	83.99
20 Gipuzkoa	Females	2001	83.92
20 Gipuzkoa	Females	2000	83.65
20 Gipuzkoa	Females	1999	82.99
20 Gipuzkoa	Females	1998	82.60
20 Gipuzkoa	Females	1997	82.93
20 Gipuzkoa	Females	1996	81.79
20 Gipuzkoa	Females	1995	82.29
20 Gipuzkoa	Females	1994	82.19
20 Gipuzkoa	Females	1993	82.09
20 Gipuzkoa	Females	1992	81.71
20 Gipuzkoa	Females	1991	81.27
20 Gipuzkoa	Females	1990	80.98
20 Gipuzkoa	Females	1989	81.01
20 Gipuzkoa	Females	1988	80.02
20 Gipuzkoa	Females	1987	80.58
20 Gipuzkoa	Females	1986	79.45
20 Gipuzkoa	Females	1985	79.85
20 Gipuzkoa	Females	1984	80.24
20 Gipuzkoa	Females	1983	79.05
20 Gipuzkoa	Females	1982	79.52
20 Gipuzkoa	Females	1981	78.99
20 Gipuzkoa	Females	1980	79.05
20 Gipuzkoa	Females	1979	79.06
20 Gipuzkoa	Females	1978	77.85
20 Gipuzkoa	Females	1977	77.29
20 Gipuzkoa	Females	1976	76.30
20 Gipuzkoa	Females	1975	75.88
17 Girona	Both genders	2024	83.83
17 Girona	Both genders	2023	83.50
17 Girona	Both genders	2022	83.02
17 Girona	Both genders	2021	83.02
17 Girona	Both genders	2020	82.63
17 Girona	Both genders	2019	83.15
17 Girona	Both genders	2018	83.13
17 Girona	Both genders	2017	83.12
17 Girona	Both genders	2016	83.29
17 Girona	Both genders	2015	82.74
17 Girona	Both genders	2014	82.86
17 Girona	Both genders	2013	83.00
17 Girona	Both genders	2012	82.35
17 Girona	Both genders	2011	82.58
17 Girona	Both genders	2010	82.25
17 Girona	Both genders	2009	81.84
17 Girona	Both genders	2008	81.76
17 Girona	Both genders	2007	81.56
17 Girona	Both genders	2006	81.39
17 Girona	Both genders	2005	80.62
17 Girona	Both genders	2004	80.57
17 Girona	Both genders	2003	80.03
17 Girona	Both genders	2002	79.89
17 Girona	Both genders	2001	79.79
17 Girona	Both genders	2000	79.76
17 Girona	Both genders	1999	79.17
17 Girona	Both genders	1998	79.56
17 Girona	Both genders	1997	79.09
17 Girona	Both genders	1996	78.72
17 Girona	Both genders	1995	78.34
17 Girona	Both genders	1994	78.60
17 Girona	Both genders	1993	78.12
17 Girona	Both genders	1992	77.64
17 Girona	Both genders	1991	77.51
17 Girona	Both genders	1990	77.25
17 Girona	Both genders	1989	77.16
17 Girona	Both genders	1988	76.71
17 Girona	Both genders	1987	76.77
17 Girona	Both genders	1986	76.77
17 Girona	Both genders	1985	76.65
17 Girona	Both genders	1984	76.09
17 Girona	Both genders	1983	75.72
17 Girona	Both genders	1982	75.78
17 Girona	Both genders	1981	75.23
17 Girona	Both genders	1980	75.00
17 Girona	Both genders	1979	74.54
17 Girona	Both genders	1978	73.95
17 Girona	Both genders	1977	74.14
17 Girona	Both genders	1976	73.11
17 Girona	Both genders	1975	72.94
17 Girona	Males	2024	81.20
17 Girona	Males	2023	80.88
17 Girona	Males	2022	80.42
17 Girona	Males	2021	80.36
17 Girona	Males	2020	80.14
17 Girona	Males	2019	80.46
17 Girona	Males	2018	80.69
17 Girona	Males	2017	80.56
17 Girona	Males	2016	80.32
17 Girona	Males	2015	80.10
17 Girona	Males	2014	80.13
17 Girona	Males	2013	80.37
17 Girona	Males	2012	79.70
17 Girona	Males	2011	79.69
17 Girona	Males	2010	79.51
17 Girona	Males	2009	79.01
17 Girona	Males	2008	78.83
17 Girona	Males	2007	78.64
17 Girona	Males	2006	78.28
17 Girona	Males	2005	77.63
17 Girona	Males	2004	77.39
17 Girona	Males	2003	77.20
17 Girona	Males	2002	76.83
17 Girona	Males	2001	76.57
17 Girona	Males	2000	76.46
17 Girona	Males	1999	76.08
17 Girona	Males	1998	76.39
17 Girona	Males	1997	75.94
17 Girona	Males	1996	75.34
17 Girona	Males	1995	75.00
17 Girona	Males	1994	75.24
17 Girona	Males	1993	74.65
17 Girona	Males	1992	74.20
17 Girona	Males	1991	74.21
17 Girona	Males	1990	73.79
17 Girona	Males	1989	73.95
17 Girona	Males	1988	73.48
17 Girona	Males	1987	73.88
17 Girona	Males	1986	74.03
17 Girona	Males	1985	74.25
17 Girona	Males	1984	73.29
17 Girona	Males	1983	72.42
17 Girona	Males	1982	72.82
17 Girona	Males	1981	72.15
17 Girona	Males	1980	72.07
17 Girona	Males	1979	71.77
17 Girona	Males	1978	71.31
17 Girona	Males	1977	71.38
17 Girona	Males	1976	70.65
17 Girona	Males	1975	70.67
17 Girona	Females	2024	86.47
17 Girona	Females	2023	86.17
17 Girona	Females	2022	85.68
17 Girona	Females	2021	85.76
17 Girona	Females	2020	85.17
17 Girona	Females	2019	85.88
17 Girona	Females	2018	85.59
17 Girona	Females	2017	85.72
17 Girona	Females	2016	86.38
17 Girona	Females	2015	85.44
17 Girona	Females	2014	85.63
17 Girona	Females	2013	85.67
17 Girona	Females	2012	85.08
17 Girona	Females	2011	85.54
17 Girona	Females	2010	85.08
17 Girona	Females	2009	84.77
17 Girona	Females	2008	84.83
17 Girona	Females	2007	84.57
17 Girona	Females	2006	84.64
17 Girona	Females	2005	83.72
17 Girona	Females	2004	83.90
17 Girona	Females	2003	82.94
17 Girona	Females	2002	83.05
17 Girona	Females	2001	83.14
17 Girona	Females	2000	83.21
17 Girona	Females	1999	82.39
17 Girona	Females	1998	82.82
17 Girona	Females	1997	82.36
17 Girona	Females	1996	82.25
17 Girona	Females	1995	81.84
17 Girona	Females	1994	82.14
17 Girona	Females	1993	81.75
17 Girona	Females	1992	81.25
17 Girona	Females	1991	80.95
17 Girona	Females	1990	80.90
17 Girona	Females	1989	80.48
17 Girona	Females	1988	80.07
17 Girona	Females	1987	79.72
17 Girona	Females	1986	79.52
17 Girona	Females	1985	79.00
17 Girona	Females	1984	78.89
17 Girona	Females	1983	79.09
17 Girona	Females	1982	78.78
17 Girona	Females	1981	78.36
17 Girona	Females	1980	77.96
17 Girona	Females	1979	77.33
17 Girona	Females	1978	76.57
17 Girona	Females	1977	76.93
17 Girona	Females	1976	75.56
17 Girona	Females	1975	75.19
18 Granada	Both genders	2024	83.42
18 Granada	Both genders	2023	82.94
18 Granada	Both genders	2022	82.67
18 Granada	Both genders	2021	81.80
18 Granada	Both genders	2020	81.40
18 Granada	Both genders	2019	82.43
18 Granada	Both genders	2018	81.83
18 Granada	Both genders	2017	82.13
18 Granada	Both genders	2016	82.21
18 Granada	Both genders	2015	81.40
18 Granada	Both genders	2014	81.94
18 Granada	Both genders	2013	81.94
18 Granada	Both genders	2012	81.16
18 Granada	Both genders	2011	81.06
18 Granada	Both genders	2010	80.77
18 Granada	Both genders	2009	80.39
18 Granada	Both genders	2008	80.19
18 Granada	Both genders	2007	79.58
18 Granada	Both genders	2006	79.73
18 Granada	Both genders	2005	79.16
18 Granada	Both genders	2004	79.06
18 Granada	Both genders	2003	78.76
18 Granada	Both genders	2002	78.70
18 Granada	Both genders	2001	78.92
18 Granada	Both genders	2000	78.33
18 Granada	Both genders	1999	77.55
18 Granada	Both genders	1998	77.74
18 Granada	Both genders	1997	77.99
18 Granada	Both genders	1996	77.65
18 Granada	Both genders	1995	77.87
18 Granada	Both genders	1994	77.41
18 Granada	Both genders	1993	76.92
18 Granada	Both genders	1992	77.05
18 Granada	Both genders	1991	76.65
18 Granada	Both genders	1990	76.44
18 Granada	Both genders	1989	76.14
18 Granada	Both genders	1988	76.09
18 Granada	Both genders	1987	76.05
18 Granada	Both genders	1986	75.68
18 Granada	Both genders	1985	75.81
18 Granada	Both genders	1984	75.12
18 Granada	Both genders	1983	75.19
18 Granada	Both genders	1982	75.41
18 Granada	Both genders	1981	74.56
18 Granada	Both genders	1980	74.97
18 Granada	Both genders	1979	74.65
18 Granada	Both genders	1978	73.90
18 Granada	Both genders	1977	73.75
18 Granada	Both genders	1976	73.10
18 Granada	Both genders	1975	72.78
18 Granada	Males	2024	80.83
18 Granada	Males	2023	80.32
18 Granada	Males	2022	80.10
18 Granada	Males	2021	79.33
18 Granada	Males	2020	78.97
18 Granada	Males	2019	79.96
18 Granada	Males	2018	79.22
18 Granada	Males	2017	79.57
18 Granada	Males	2016	79.60
18 Granada	Males	2015	78.89
18 Granada	Males	2014	79.22
18 Granada	Males	2013	79.21
18 Granada	Males	2012	78.37
18 Granada	Males	2011	78.69
18 Granada	Males	2010	77.89
18 Granada	Males	2009	77.39
18 Granada	Males	2008	77.42
18 Granada	Males	2007	76.57
18 Granada	Males	2006	76.91
18 Granada	Males	2005	76.23
18 Granada	Males	2004	75.97
18 Granada	Males	2003	75.65
18 Granada	Males	2002	75.61
18 Granada	Males	2001	75.73
18 Granada	Males	2000	75.12
18 Granada	Males	1999	74.33
18 Granada	Males	1998	74.40
18 Granada	Males	1997	74.84
18 Granada	Males	1996	74.37
18 Granada	Males	1995	74.46
18 Granada	Males	1994	73.97
18 Granada	Males	1993	73.79
18 Granada	Males	1992	73.55
18 Granada	Males	1991	73.11
18 Granada	Males	1990	73.48
18 Granada	Males	1989	72.84
18 Granada	Males	1988	73.23
18 Granada	Males	1987	72.93
18 Granada	Males	1986	72.57
18 Granada	Males	1985	72.61
18 Granada	Males	1984	71.92
18 Granada	Males	1983	72.41
18 Granada	Males	1982	72.32
18 Granada	Males	1981	71.94
18 Granada	Males	1980	72.50
18 Granada	Males	1979	71.97
18 Granada	Males	1978	70.84
18 Granada	Males	1977	71.15
18 Granada	Males	1976	70.65
18 Granada	Males	1975	70.41
18 Granada	Females	2024	85.95
18 Granada	Females	2023	85.52
18 Granada	Females	2022	85.23
18 Granada	Females	2021	84.24
18 Granada	Females	2020	83.80
18 Granada	Females	2019	84.84
18 Granada	Females	2018	84.42
18 Granada	Females	2017	84.65
18 Granada	Females	2016	84.79
18 Granada	Females	2015	83.89
18 Granada	Females	2014	84.62
18 Granada	Females	2013	84.64
18 Granada	Females	2012	83.95
18 Granada	Females	2011	83.38
18 Granada	Females	2010	83.63
18 Granada	Females	2009	83.42
18 Granada	Females	2008	82.95
18 Granada	Females	2007	82.62
18 Granada	Females	2006	82.52
18 Granada	Females	2005	82.09
18 Granada	Females	2004	82.15
18 Granada	Females	2003	81.87
18 Granada	Females	2002	81.80
18 Granada	Females	2001	82.12
18 Granada	Females	2000	81.54
18 Granada	Females	1999	80.78
18 Granada	Females	1998	81.11
18 Granada	Females	1997	81.12
18 Granada	Females	1996	80.94
18 Granada	Females	1995	81.30
18 Granada	Females	1994	80.89
18 Granada	Females	1993	80.02
18 Granada	Females	1992	80.59
18 Granada	Females	1991	80.27
18 Granada	Females	1990	79.35
18 Granada	Females	1989	79.47
18 Granada	Females	1988	78.90
18 Granada	Females	1987	79.10
18 Granada	Females	1986	78.74
18 Granada	Females	1985	78.96
18 Granada	Females	1984	78.27
18 Granada	Females	1983	77.86
18 Granada	Females	1982	78.41
18 Granada	Females	1981	77.06
18 Granada	Females	1980	77.29
18 Granada	Females	1979	77.18
18 Granada	Females	1978	76.91
18 Granada	Females	1977	76.24
18 Granada	Females	1976	75.43
18 Granada	Females	1975	75.02
19 Guadalajara	Both genders	2024	84.56
19 Guadalajara	Both genders	2023	84.71
19 Guadalajara	Both genders	2022	83.72
19 Guadalajara	Both genders	2021	83.86
19 Guadalajara	Both genders	2020	82.29
19 Guadalajara	Both genders	2019	84.73
19 Guadalajara	Both genders	2018	84.21
19 Guadalajara	Both genders	2017	84.06
19 Guadalajara	Both genders	2016	83.89
19 Guadalajara	Both genders	2015	83.66
19 Guadalajara	Both genders	2014	84.36
19 Guadalajara	Both genders	2013	84.53
19 Guadalajara	Both genders	2012	83.77
19 Guadalajara	Both genders	2011	83.61
19 Guadalajara	Both genders	2010	83.76
19 Guadalajara	Both genders	2009	83.74
19 Guadalajara	Both genders	2008	83.22
19 Guadalajara	Both genders	2007	82.39
19 Guadalajara	Both genders	2006	83.12
19 Guadalajara	Both genders	2005	82.25
19 Guadalajara	Both genders	2004	81.69
19 Guadalajara	Both genders	2003	82.35
19 Guadalajara	Both genders	2002	81.59
19 Guadalajara	Both genders	2001	81.09
19 Guadalajara	Both genders	2000	81.72
19 Guadalajara	Both genders	1999	81.25
19 Guadalajara	Both genders	1998	81.24
19 Guadalajara	Both genders	1997	81.46
19 Guadalajara	Both genders	1996	80.23
19 Guadalajara	Both genders	1995	80.77
19 Guadalajara	Both genders	1994	79.55
19 Guadalajara	Both genders	1993	79.62
19 Guadalajara	Both genders	1992	79.80
19 Guadalajara	Both genders	1991	79.90
19 Guadalajara	Both genders	1990	79.10
19 Guadalajara	Both genders	1989	79.63
19 Guadalajara	Both genders	1988	78.97
19 Guadalajara	Both genders	1987	78.68
19 Guadalajara	Both genders	1986	78.55
19 Guadalajara	Both genders	1985	78.00
19 Guadalajara	Both genders	1984	77.35
19 Guadalajara	Both genders	1983	77.71
19 Guadalajara	Both genders	1982	78.13
19 Guadalajara	Both genders	1981	77.94
19 Guadalajara	Both genders	1980	77.49
19 Guadalajara	Both genders	1979	77.66
19 Guadalajara	Both genders	1978	76.85
19 Guadalajara	Both genders	1977	76.48
19 Guadalajara	Both genders	1976	75.85
19 Guadalajara	Both genders	1975	74.95
19 Guadalajara	Males	2024	82.53
19 Guadalajara	Males	2023	82.52
19 Guadalajara	Males	2022	81.91
19 Guadalajara	Males	2021	81.36
19 Guadalajara	Males	2020	79.43
19 Guadalajara	Males	2019	82.67
19 Guadalajara	Males	2018	81.96
19 Guadalajara	Males	2017	81.84
19 Guadalajara	Males	2016	81.34
19 Guadalajara	Males	2015	80.91
19 Guadalajara	Males	2014	81.94
19 Guadalajara	Males	2013	82.06
19 Guadalajara	Males	2012	81.46
19 Guadalajara	Males	2011	80.87
19 Guadalajara	Males	2010	81.31
19 Guadalajara	Males	2009	81.22
19 Guadalajara	Males	2008	80.58
19 Guadalajara	Males	2007	79.63
19 Guadalajara	Males	2006	80.90
19 Guadalajara	Males	2005	79.81
19 Guadalajara	Males	2004	78.78
19 Guadalajara	Males	2003	80.12
19 Guadalajara	Males	2002	79.01
19 Guadalajara	Males	2001	77.91
19 Guadalajara	Males	2000	78.55
19 Guadalajara	Males	1999	78.84
19 Guadalajara	Males	1998	79.14
19 Guadalajara	Males	1997	78.70
19 Guadalajara	Males	1996	77.22
19 Guadalajara	Males	1995	78.01
19 Guadalajara	Males	1994	76.64
19 Guadalajara	Males	1993	77.36
19 Guadalajara	Males	1992	77.46
19 Guadalajara	Males	1991	77.64
19 Guadalajara	Males	1990	76.33
19 Guadalajara	Males	1989	76.66
19 Guadalajara	Males	1988	76.64
19 Guadalajara	Males	1987	76.35
19 Guadalajara	Males	1986	76.65
19 Guadalajara	Males	1985	75.56
19 Guadalajara	Males	1984	74.97
19 Guadalajara	Males	1983	75.69
19 Guadalajara	Males	1982	76.66
19 Guadalajara	Males	1981	75.27
19 Guadalajara	Males	1980	75.24
19 Guadalajara	Males	1979	76.10
19 Guadalajara	Males	1978	74.74
19 Guadalajara	Males	1977	75.32
19 Guadalajara	Males	1976	73.79
19 Guadalajara	Males	1975	73.38
19 Guadalajara	Females	2024	86.67
19 Guadalajara	Females	2023	87.04
19 Guadalajara	Females	2022	85.58
19 Guadalajara	Females	2021	86.55
19 Guadalajara	Females	2020	85.55
19 Guadalajara	Females	2019	86.85
19 Guadalajara	Females	2018	86.57
19 Guadalajara	Females	2017	86.41
19 Guadalajara	Females	2016	86.61
19 Guadalajara	Females	2015	86.67
19 Guadalajara	Females	2014	86.93
19 Guadalajara	Females	2013	87.14
19 Guadalajara	Females	2012	86.22
19 Guadalajara	Females	2011	86.59
19 Guadalajara	Females	2010	86.36
19 Guadalajara	Females	2009	86.44
19 Guadalajara	Females	2008	86.05
19 Guadalajara	Females	2007	85.37
19 Guadalajara	Females	2006	85.46
19 Guadalajara	Females	2005	84.88
19 Guadalajara	Females	2004	84.86
19 Guadalajara	Females	2003	84.70
19 Guadalajara	Females	2002	84.32
19 Guadalajara	Females	2001	84.59
19 Guadalajara	Females	2000	85.15
19 Guadalajara	Females	1999	83.78
19 Guadalajara	Females	1998	83.42
19 Guadalajara	Females	1997	84.44
19 Guadalajara	Females	1996	83.50
19 Guadalajara	Females	1995	83.73
19 Guadalajara	Females	1994	82.69
19 Guadalajara	Females	1993	82.08
19 Guadalajara	Females	1992	82.27
19 Guadalajara	Females	1991	82.28
19 Guadalajara	Females	1990	82.08
19 Guadalajara	Females	1989	82.90
19 Guadalajara	Females	1988	81.42
19 Guadalajara	Females	1987	81.16
19 Guadalajara	Females	1986	80.51
19 Guadalajara	Females	1985	80.62
19 Guadalajara	Females	1984	79.93
19 Guadalajara	Females	1983	79.79
19 Guadalajara	Females	1982	79.58
19 Guadalajara	Females	1981	80.79
19 Guadalajara	Females	1980	79.92
19 Guadalajara	Females	1979	79.26
19 Guadalajara	Females	1978	79.05
19 Guadalajara	Females	1977	77.69
19 Guadalajara	Females	1976	78.08
19 Guadalajara	Females	1975	76.66
21 Huelva	Both genders	2024	82.42
21 Huelva	Both genders	2023	81.83
21 Huelva	Both genders	2022	81.59
21 Huelva	Both genders	2021	81.16
21 Huelva	Both genders	2020	81.43
21 Huelva	Both genders	2019	81.84
21 Huelva	Both genders	2018	81.50
21 Huelva	Both genders	2017	81.71
21 Huelva	Both genders	2016	81.39
21 Huelva	Both genders	2015	81.37
21 Huelva	Both genders	2014	81.24
21 Huelva	Both genders	2013	80.72
21 Huelva	Both genders	2012	80.04
21 Huelva	Both genders	2011	80.62
21 Huelva	Both genders	2010	80.60
21 Huelva	Both genders	2009	80.21
21 Huelva	Both genders	2008	79.72
21 Huelva	Both genders	2007	79.01
21 Huelva	Both genders	2006	79.41
21 Huelva	Both genders	2005	78.76
21 Huelva	Both genders	2004	78.95
21 Huelva	Both genders	2003	78.28
21 Huelva	Both genders	2002	78.46
21 Huelva	Both genders	2001	78.09
21 Huelva	Both genders	2000	77.94
21 Huelva	Both genders	1999	77.63
21 Huelva	Both genders	1998	77.45
21 Huelva	Both genders	1997	77.45
21 Huelva	Both genders	1996	76.96
21 Huelva	Both genders	1995	77.08
21 Huelva	Both genders	1994	76.84
21 Huelva	Both genders	1993	76.45
21 Huelva	Both genders	1992	76.35
21 Huelva	Both genders	1991	76.49
21 Huelva	Both genders	1990	75.95
21 Huelva	Both genders	1989	75.96
21 Huelva	Both genders	1988	75.56
21 Huelva	Both genders	1987	75.92
21 Huelva	Both genders	1986	75.85
21 Huelva	Both genders	1985	75.29
21 Huelva	Both genders	1984	75.23
21 Huelva	Both genders	1983	74.86
21 Huelva	Both genders	1982	74.52
21 Huelva	Both genders	1981	74.22
21 Huelva	Both genders	1980	73.86
21 Huelva	Both genders	1979	73.65
21 Huelva	Both genders	1978	72.73
21 Huelva	Both genders	1977	73.31
21 Huelva	Both genders	1976	72.43
21 Huelva	Both genders	1975	72.27
21 Huelva	Males	2024	79.57
21 Huelva	Males	2023	79.37
21 Huelva	Males	2022	78.70
21 Huelva	Males	2021	78.35
21 Huelva	Males	2020	78.69
21 Huelva	Males	2019	79.08
21 Huelva	Males	2018	78.85
21 Huelva	Males	2017	79.22
21 Huelva	Males	2016	78.82
21 Huelva	Males	2015	78.69
21 Huelva	Males	2014	78.55
21 Huelva	Males	2013	77.72
21 Huelva	Males	2012	77.30
21 Huelva	Males	2011	77.79
21 Huelva	Males	2010	77.98
21 Huelva	Males	2009	77.32
21 Huelva	Males	2008	76.45
21 Huelva	Males	2007	76.03
21 Huelva	Males	2006	76.14
21 Huelva	Males	2005	75.49
21 Huelva	Males	2004	75.84
21 Huelva	Males	2003	75.08
21 Huelva	Males	2002	74.94
21 Huelva	Males	2001	75.02
21 Huelva	Males	2000	74.78
21 Huelva	Males	1999	74.29
21 Huelva	Males	1998	74.04
21 Huelva	Males	1997	73.98
21 Huelva	Males	1996	73.35
21 Huelva	Males	1995	73.83
21 Huelva	Males	1994	73.29
21 Huelva	Males	1993	73.11
21 Huelva	Males	1992	72.90
21 Huelva	Males	1991	72.81
21 Huelva	Males	1990	72.26
21 Huelva	Males	1989	72.33
21 Huelva	Males	1988	72.19
21 Huelva	Males	1987	72.60
21 Huelva	Males	1986	72.61
21 Huelva	Males	1985	72.21
21 Huelva	Males	1984	71.93
21 Huelva	Males	1983	71.56
21 Huelva	Males	1982	71.31
21 Huelva	Males	1981	70.88
21 Huelva	Males	1980	70.08
21 Huelva	Males	1979	70.25
21 Huelva	Males	1978	69.60
21 Huelva	Males	1977	69.97
21 Huelva	Males	1976	69.18
21 Huelva	Males	1975	68.54
21 Huelva	Females	2024	85.34
21 Huelva	Females	2023	84.34
21 Huelva	Females	2022	84.57
21 Huelva	Females	2021	84.07
21 Huelva	Females	2020	84.20
21 Huelva	Females	2019	84.62
21 Huelva	Females	2018	84.17
21 Huelva	Females	2017	84.21
21 Huelva	Females	2016	83.99
21 Huelva	Females	2015	84.06
21 Huelva	Females	2014	83.96
21 Huelva	Females	2013	83.79
21 Huelva	Females	2012	82.84
21 Huelva	Females	2011	83.48
21 Huelva	Females	2010	83.20
21 Huelva	Females	2009	83.11
21 Huelva	Females	2008	83.10
21 Huelva	Females	2007	82.05
21 Huelva	Females	2006	82.78
21 Huelva	Females	2005	82.17
21 Huelva	Females	2004	82.11
21 Huelva	Females	2003	81.56
21 Huelva	Females	2002	82.11
21 Huelva	Females	2001	81.21
21 Huelva	Females	2000	81.20
21 Huelva	Females	1999	81.03
21 Huelva	Females	1998	80.97
21 Huelva	Females	1997	81.02
21 Huelva	Females	1996	80.67
21 Huelva	Females	1995	80.41
21 Huelva	Females	1994	80.45
21 Huelva	Females	1993	79.86
21 Huelva	Females	1992	79.87
21 Huelva	Females	1991	80.23
21 Huelva	Females	1990	79.74
21 Huelva	Females	1989	79.64
21 Huelva	Females	1988	78.95
21 Huelva	Females	1987	79.17
21 Huelva	Females	1986	78.99
21 Huelva	Females	1985	78.26
21 Huelva	Females	1984	78.46
21 Huelva	Females	1983	78.13
21 Huelva	Females	1982	77.66
21 Huelva	Females	1981	77.52
21 Huelva	Females	1980	77.71
21 Huelva	Females	1979	76.99
21 Huelva	Females	1978	75.80
21 Huelva	Females	1977	76.57
21 Huelva	Females	1976	75.61
21 Huelva	Females	1975	75.99
22 Huesca	Both genders	2024	84.07
22 Huesca	Both genders	2023	84.41
22 Huesca	Both genders	2022	82.94
22 Huesca	Both genders	2021	83.69
22 Huesca	Both genders	2020	82.92
22 Huesca	Both genders	2019	84.14
22 Huesca	Both genders	2018	83.35
22 Huesca	Both genders	2017	83.20
22 Huesca	Both genders	2016	83.00
22 Huesca	Both genders	2015	82.78
22 Huesca	Both genders	2014	83.25
22 Huesca	Both genders	2013	83.43
22 Huesca	Both genders	2012	82.76
22 Huesca	Both genders	2011	82.74
22 Huesca	Both genders	2010	82.19
22 Huesca	Both genders	2009	82.13
22 Huesca	Both genders	2008	82.54
22 Huesca	Both genders	2007	82.37
22 Huesca	Both genders	2006	81.58
22 Huesca	Both genders	2005	81.22
22 Huesca	Both genders	2004	81.03
22 Huesca	Both genders	2003	80.80
22 Huesca	Both genders	2002	80.39
22 Huesca	Both genders	2001	80.23
22 Huesca	Both genders	2000	80.60
22 Huesca	Both genders	1999	79.31
22 Huesca	Both genders	1998	79.82
22 Huesca	Both genders	1997	79.67
22 Huesca	Both genders	1996	78.86
22 Huesca	Both genders	1995	79.07
22 Huesca	Both genders	1994	79.22
22 Huesca	Both genders	1993	80.12
22 Huesca	Both genders	1992	80.42
22 Huesca	Both genders	1991	79.22
22 Huesca	Both genders	1990	78.62
22 Huesca	Both genders	1989	78.45
22 Huesca	Both genders	1988	77.98
22 Huesca	Both genders	1987	76.31
22 Huesca	Both genders	1986	77.33
22 Huesca	Both genders	1985	77.33
22 Huesca	Both genders	1984	77.15
22 Huesca	Both genders	1983	76.87
22 Huesca	Both genders	1982	78.42
22 Huesca	Both genders	1981	77.60
22 Huesca	Both genders	1980	76.75
22 Huesca	Both genders	1979	76.55
22 Huesca	Both genders	1978	76.33
22 Huesca	Both genders	1977	76.23
22 Huesca	Both genders	1976	75.69
22 Huesca	Both genders	1975	74.84
22 Huesca	Males	2024	81.81
22 Huesca	Males	2023	81.69
22 Huesca	Males	2022	80.13
22 Huesca	Males	2021	81.25
22 Huesca	Males	2020	80.22
22 Huesca	Males	2019	81.45
22 Huesca	Males	2018	80.63
22 Huesca	Males	2017	80.42
22 Huesca	Males	2016	79.95
22 Huesca	Males	2015	79.87
22 Huesca	Males	2014	80.76
22 Huesca	Males	2013	80.62
22 Huesca	Males	2012	80.49
22 Huesca	Males	2011	80.00
22 Huesca	Males	2010	79.87
22 Huesca	Males	2009	79.22
22 Huesca	Males	2008	80.08
22 Huesca	Males	2007	79.39
22 Huesca	Males	2006	78.48
22 Huesca	Males	2005	78.64
22 Huesca	Males	2004	78.18
22 Huesca	Males	2003	77.97
22 Huesca	Males	2002	77.50
22 Huesca	Males	2001	77.06
22 Huesca	Males	2000	77.66
22 Huesca	Males	1999	76.55
22 Huesca	Males	1998	76.86
22 Huesca	Males	1997	76.97
22 Huesca	Males	1996	76.27
22 Huesca	Males	1995	76.05
22 Huesca	Males	1994	76.42
22 Huesca	Males	1993	77.35
22 Huesca	Males	1992	77.79
22 Huesca	Males	1991	76.53
22 Huesca	Males	1990	75.65
22 Huesca	Males	1989	76.50
22 Huesca	Males	1988	76.38
22 Huesca	Males	1987	74.27
22 Huesca	Males	1986	74.17
22 Huesca	Males	1985	74.74
22 Huesca	Males	1984	74.92
22 Huesca	Males	1983	74.76
22 Huesca	Males	1982	76.12
22 Huesca	Males	1981	75.14
22 Huesca	Males	1980	74.43
22 Huesca	Males	1979	74.60
22 Huesca	Males	1978	74.50
22 Huesca	Males	1977	74.28
22 Huesca	Males	1976	73.72
22 Huesca	Males	1975	73.53
22 Huesca	Females	2024	86.44
22 Huesca	Females	2023	87.29
22 Huesca	Females	2022	86.02
22 Huesca	Females	2021	86.31
22 Huesca	Females	2020	85.89
22 Huesca	Females	2019	87.03
22 Huesca	Females	2018	86.30
22 Huesca	Females	2017	86.23
22 Huesca	Females	2016	86.39
22 Huesca	Females	2015	85.99
22 Huesca	Females	2014	85.88
22 Huesca	Females	2013	86.46
22 Huesca	Females	2012	85.17
22 Huesca	Females	2011	85.66
22 Huesca	Females	2010	84.68
22 Huesca	Females	2009	85.30
22 Huesca	Females	2008	85.21
22 Huesca	Females	2007	85.65
22 Huesca	Females	2006	85.01
22 Huesca	Females	2005	84.05
22 Huesca	Females	2004	84.12
22 Huesca	Females	2003	83.90
22 Huesca	Females	2002	83.59
22 Huesca	Females	2001	83.69
22 Huesca	Females	2000	83.80
22 Huesca	Females	1999	82.40
22 Huesca	Females	1998	83.06
22 Huesca	Females	1997	82.58
22 Huesca	Females	1996	81.68
22 Huesca	Females	1995	82.43
22 Huesca	Females	1994	82.28
22 Huesca	Females	1993	83.09
22 Huesca	Females	1992	83.27
22 Huesca	Females	1991	82.13
22 Huesca	Females	1990	81.91
22 Huesca	Females	1989	80.54
22 Huesca	Females	1988	79.65
22 Huesca	Females	1987	78.48
22 Huesca	Females	1986	80.90
22 Huesca	Females	1985	80.20
22 Huesca	Females	1984	79.54
22 Huesca	Females	1983	79.13
22 Huesca	Females	1982	80.92
22 Huesca	Females	1981	80.29
22 Huesca	Females	1980	79.25
22 Huesca	Females	1979	78.61
22 Huesca	Females	1978	78.24
22 Huesca	Females	1977	78.32
22 Huesca	Females	1976	77.81
22 Huesca	Females	1975	76.24
23 Jaén	Both genders	2024	82.80
23 Jaén	Both genders	2023	82.68
23 Jaén	Both genders	2022	81.72
23 Jaén	Both genders	2021	81.80
23 Jaén	Both genders	2020	81.35
23 Jaén	Both genders	2019	82.28
23 Jaén	Both genders	2018	81.92
23 Jaén	Both genders	2017	82.09
23 Jaén	Both genders	2016	81.96
23 Jaén	Both genders	2015	81.57
23 Jaén	Both genders	2014	81.94
23 Jaén	Both genders	2013	81.73
23 Jaén	Both genders	2012	81.35
23 Jaén	Both genders	2011	80.97
23 Jaén	Both genders	2010	81.32
23 Jaén	Both genders	2009	80.33
23 Jaén	Both genders	2008	80.28
23 Jaén	Both genders	2007	79.80
23 Jaén	Both genders	2006	80.34
23 Jaén	Both genders	2005	79.47
23 Jaén	Both genders	2004	79.36
23 Jaén	Both genders	2003	79.02
23 Jaén	Both genders	2002	79.24
23 Jaén	Both genders	2001	79.11
23 Jaén	Both genders	2000	78.61
23 Jaén	Both genders	1999	78.39
23 Jaén	Both genders	1998	78.04
23 Jaén	Both genders	1997	78.38
23 Jaén	Both genders	1996	78.29
23 Jaén	Both genders	1995	78.13
23 Jaén	Both genders	1994	77.83
23 Jaén	Both genders	1993	77.55
23 Jaén	Both genders	1992	77.86
23 Jaén	Both genders	1991	77.27
23 Jaén	Both genders	1990	76.64
23 Jaén	Both genders	1989	76.71
23 Jaén	Both genders	1988	76.29
23 Jaén	Both genders	1987	76.40
23 Jaén	Both genders	1986	75.93
23 Jaén	Both genders	1985	76.17
23 Jaén	Both genders	1984	76.07
23 Jaén	Both genders	1983	75.85
23 Jaén	Both genders	1982	76.05
23 Jaén	Both genders	1981	75.72
23 Jaén	Both genders	1980	75.64
23 Jaén	Both genders	1979	75.00
23 Jaén	Both genders	1978	74.64
23 Jaén	Both genders	1977	74.59
23 Jaén	Both genders	1976	73.54
23 Jaén	Both genders	1975	74.04
23 Jaén	Males	2024	80.19
23 Jaén	Males	2023	80.04
23 Jaén	Males	2022	79.03
23 Jaén	Males	2021	79.04
23 Jaén	Males	2020	78.56
23 Jaén	Males	2019	79.54
23 Jaén	Males	2018	79.20
23 Jaén	Males	2017	79.30
23 Jaén	Males	2016	78.92
23 Jaén	Males	2015	78.85
23 Jaén	Males	2014	79.13
23 Jaén	Males	2013	78.98
23 Jaén	Males	2012	78.50
23 Jaén	Males	2011	78.02
23 Jaén	Males	2010	78.29
23 Jaén	Males	2009	77.13
23 Jaén	Males	2008	77.59
23 Jaén	Males	2007	76.78
23 Jaén	Males	2006	77.28
23 Jaén	Males	2005	76.28
23 Jaén	Males	2004	76.21
23 Jaén	Males	2003	76.06
23 Jaén	Males	2002	75.98
23 Jaén	Males	2001	75.93
23 Jaén	Males	2000	75.30
23 Jaén	Males	1999	75.15
23 Jaén	Males	1998	74.66
23 Jaén	Males	1997	75.29
23 Jaén	Males	1996	75.16
23 Jaén	Males	1995	74.86
23 Jaén	Males	1994	74.56
23 Jaén	Males	1993	74.09
23 Jaén	Males	1992	74.82
23 Jaén	Males	1991	74.17
23 Jaén	Males	1990	73.36
23 Jaén	Males	1989	73.81
23 Jaén	Males	1988	73.54
23 Jaén	Males	1987	73.50
23 Jaén	Males	1986	73.27
23 Jaén	Males	1985	73.33
23 Jaén	Males	1984	73.44
23 Jaén	Males	1983	73.39
23 Jaén	Males	1982	73.47
23 Jaén	Males	1981	73.35
23 Jaén	Males	1980	72.93
23 Jaén	Males	1979	72.46
23 Jaén	Males	1978	72.12
23 Jaén	Males	1977	72.02
23 Jaén	Males	1976	71.12
23 Jaén	Males	1975	71.45
23 Jaén	Females	2024	85.40
23 Jaén	Females	2023	85.32
23 Jaén	Females	2022	84.44
23 Jaén	Females	2021	84.58
23 Jaén	Females	2020	84.19
23 Jaén	Females	2019	85.00
23 Jaén	Females	2018	84.67
23 Jaén	Females	2017	84.89
23 Jaén	Females	2016	85.06
23 Jaén	Females	2015	84.31
23 Jaén	Females	2014	84.74
23 Jaén	Females	2013	84.47
23 Jaén	Females	2012	84.24
23 Jaén	Females	2011	83.96
23 Jaén	Females	2010	84.42
23 Jaén	Females	2009	83.64
23 Jaén	Females	2008	83.00
23 Jaén	Females	2007	82.89
23 Jaén	Females	2006	83.45
23 Jaén	Females	2005	82.77
23 Jaén	Females	2004	82.58
23 Jaén	Females	2003	82.01
23 Jaén	Females	2002	82.59
23 Jaén	Females	2001	82.34
23 Jaén	Females	2000	82.00
23 Jaén	Females	1999	81.71
23 Jaén	Females	1998	81.57
23 Jaén	Females	1997	81.50
23 Jaén	Females	1996	81.47
23 Jaén	Females	1995	81.48
23 Jaén	Females	1994	81.19
23 Jaén	Females	1993	81.12
23 Jaén	Females	1992	80.93
23 Jaén	Females	1991	80.41
23 Jaén	Females	1990	79.99
23 Jaén	Females	1989	79.62
23 Jaén	Females	1988	79.02
23 Jaén	Females	1987	79.29
23 Jaén	Females	1986	78.54
23 Jaén	Females	1985	78.98
23 Jaén	Females	1984	78.67
23 Jaén	Females	1983	78.24
23 Jaén	Females	1982	78.59
23 Jaén	Females	1981	78.01
23 Jaén	Females	1980	78.30
23 Jaén	Females	1979	77.49
23 Jaén	Females	1978	77.13
23 Jaén	Females	1977	77.10
23 Jaén	Females	1976	75.92
23 Jaén	Females	1975	76.60
24 León	Both genders	2024	83.90
24 León	Both genders	2023	84.20
24 León	Both genders	2022	83.29
24 León	Both genders	2021	83.49
24 León	Both genders	2020	82.48
24 León	Both genders	2019	83.62
24 León	Both genders	2018	83.56
24 León	Both genders	2017	83.69
24 León	Both genders	2016	83.48
24 León	Both genders	2015	83.26
24 León	Both genders	2014	83.12
24 León	Both genders	2013	82.73
24 León	Both genders	2012	82.91
24 León	Both genders	2011	82.97
24 León	Both genders	2010	82.58
24 León	Both genders	2009	82.57
24 León	Both genders	2008	81.78
24 León	Both genders	2007	81.18
24 León	Both genders	2006	81.56
24 León	Both genders	2005	81.04
24 León	Both genders	2004	80.94
24 León	Both genders	2003	80.82
24 León	Both genders	2002	80.84
24 León	Both genders	2001	80.45
24 León	Both genders	2000	80.34
24 León	Both genders	1999	80.22
24 León	Both genders	1998	79.88
24 León	Both genders	1997	79.72
24 León	Both genders	1996	79.45
24 León	Both genders	1995	79.51
24 León	Both genders	1994	79.09
24 León	Both genders	1993	78.83
24 León	Both genders	1992	78.71
24 León	Both genders	1991	78.21
24 León	Both genders	1990	77.34
24 León	Both genders	1989	77.49
24 León	Both genders	1988	77.13
24 León	Both genders	1987	76.37
24 León	Both genders	1986	76.20
24 León	Both genders	1985	76.11
24 León	Both genders	1984	75.99
24 León	Both genders	1983	75.33
24 León	Both genders	1982	75.44
24 León	Both genders	1981	74.50
24 León	Both genders	1980	74.92
24 León	Both genders	1979	73.98
24 León	Both genders	1978	73.88
24 León	Both genders	1977	73.43
24 León	Both genders	1976	73.35
24 León	Both genders	1975	73.31
24 León	Males	2024	81.01
24 León	Males	2023	81.46
24 León	Males	2022	80.45
24 León	Males	2021	80.59
24 León	Males	2020	79.72
24 León	Males	2019	80.90
24 León	Males	2018	80.77
24 León	Males	2017	81.01
24 León	Males	2016	80.40
24 León	Males	2015	80.78
24 León	Males	2014	80.29
24 León	Males	2013	79.90
24 León	Males	2012	79.78
24 León	Males	2011	79.90
24 León	Males	2010	79.20
24 León	Males	2009	79.23
24 León	Males	2008	78.74
24 León	Males	2007	77.75
24 León	Males	2006	78.16
24 León	Males	2005	77.51
24 León	Males	2004	77.30
24 León	Males	2003	77.01
24 León	Males	2002	77.52
24 León	Males	2001	76.84
24 León	Males	2000	76.65
24 León	Males	1999	76.76
24 León	Males	1998	76.23
24 León	Males	1997	76.11
24 León	Males	1996	76.00
24 León	Males	1995	76.33
24 León	Males	1994	75.44
24 León	Males	1993	74.91
24 León	Males	1992	75.30
24 León	Males	1991	74.77
24 León	Males	1990	74.08
24 León	Males	1989	74.44
24 León	Males	1988	73.83
24 León	Males	1987	72.88
24 León	Males	1986	73.31
24 León	Males	1985	73.15
24 León	Males	1984	72.75
24 León	Males	1983	72.44
24 León	Males	1982	72.63
24 León	Males	1981	71.36
24 León	Males	1980	71.90
24 León	Males	1979	71.11
24 León	Males	1978	70.71
24 León	Males	1977	70.94
24 León	Males	1976	70.57
24 León	Males	1975	70.48
24 León	Females	2024	86.81
24 León	Females	2023	86.91
24 León	Females	2022	86.18
24 León	Females	2021	86.46
24 León	Females	2020	85.34
24 León	Females	2019	86.33
24 León	Females	2018	86.37
24 León	Females	2017	86.35
24 León	Females	2016	86.62
24 León	Females	2015	85.71
24 León	Females	2014	85.95
24 León	Females	2013	85.55
24 León	Females	2012	86.06
24 León	Females	2011	86.07
24 León	Females	2010	86.06
24 León	Females	2009	85.98
24 León	Females	2008	84.84
24 León	Females	2007	84.72
24 León	Females	2006	85.05
24 León	Females	2005	84.68
24 León	Females	2004	84.69
24 León	Females	2003	84.77
24 León	Females	2002	84.21
24 León	Females	2001	84.15
24 León	Females	2000	84.15
24 León	Females	1999	83.76
24 León	Females	1998	83.62
24 León	Females	1997	83.42
24 León	Females	1996	82.96
24 León	Females	1995	82.68
24 León	Females	1994	82.83
24 León	Females	1993	82.92
24 León	Females	1992	82.16
24 León	Females	1991	81.73
24 León	Females	1990	80.67
24 León	Females	1989	80.59
24 León	Females	1988	80.54
24 León	Females	1987	79.96
24 León	Females	1986	79.13
24 León	Females	1985	79.11
24 León	Females	1984	79.29
24 León	Females	1983	78.23
24 León	Females	1982	78.26
24 León	Females	1981	77.68
24 León	Females	1980	78.00
24 León	Females	1979	76.90
24 León	Females	1978	77.15
24 León	Females	1977	75.91
24 León	Females	1976	76.20
24 León	Females	1975	76.17
25 Lleida	Both genders	2024	83.94
25 Lleida	Both genders	2023	83.65
25 Lleida	Both genders	2022	83.01
25 Lleida	Both genders	2021	82.76
25 Lleida	Both genders	2020	82.28
25 Lleida	Both genders	2019	83.53
25 Lleida	Both genders	2018	83.14
25 Lleida	Both genders	2017	83.12
25 Lleida	Both genders	2016	83.44
25 Lleida	Both genders	2015	82.79
25 Lleida	Both genders	2014	82.92
25 Lleida	Both genders	2013	82.61
25 Lleida	Both genders	2012	82.44
25 Lleida	Both genders	2011	82.08
25 Lleida	Both genders	2010	81.80
25 Lleida	Both genders	2009	81.76
25 Lleida	Both genders	2008	81.63
25 Lleida	Both genders	2007	80.88
25 Lleida	Both genders	2006	80.88
25 Lleida	Both genders	2005	80.15
25 Lleida	Both genders	2004	80.05
25 Lleida	Both genders	2003	79.72
25 Lleida	Both genders	2002	79.55
25 Lleida	Both genders	2001	80.16
25 Lleida	Both genders	2000	79.66
25 Lleida	Both genders	1999	79.25
25 Lleida	Both genders	1998	78.71
25 Lleida	Both genders	1997	78.81
25 Lleida	Both genders	1996	78.76
25 Lleida	Both genders	1995	78.07
25 Lleida	Both genders	1994	78.23
25 Lleida	Both genders	1993	77.86
25 Lleida	Both genders	1992	77.41
25 Lleida	Both genders	1991	77.30
25 Lleida	Both genders	1990	77.16
25 Lleida	Both genders	1989	77.03
25 Lleida	Both genders	1988	77.12
25 Lleida	Both genders	1987	76.79
25 Lleida	Both genders	1986	76.81
25 Lleida	Both genders	1985	76.35
25 Lleida	Both genders	1984	76.53
25 Lleida	Both genders	1983	76.20
25 Lleida	Both genders	1982	76.49
25 Lleida	Both genders	1981	76.51
25 Lleida	Both genders	1980	75.58
25 Lleida	Both genders	1979	74.83
25 Lleida	Both genders	1978	74.52
25 Lleida	Both genders	1977	74.34
25 Lleida	Both genders	1976	74.24
25 Lleida	Both genders	1975	73.13
25 Lleida	Males	2024	81.32
25 Lleida	Males	2023	80.97
25 Lleida	Males	2022	80.27
25 Lleida	Males	2021	79.84
25 Lleida	Males	2020	79.46
25 Lleida	Males	2019	80.89
25 Lleida	Males	2018	80.40
25 Lleida	Males	2017	80.59
25 Lleida	Males	2016	80.64
25 Lleida	Males	2015	80.23
25 Lleida	Males	2014	80.32
25 Lleida	Males	2013	80.18
25 Lleida	Males	2012	79.78
25 Lleida	Males	2011	79.36
25 Lleida	Males	2010	78.98
25 Lleida	Males	2009	79.20
25 Lleida	Males	2008	79.05
25 Lleida	Males	2007	77.96
25 Lleida	Males	2006	77.91
25 Lleida	Males	2005	77.23
25 Lleida	Males	2004	76.96
25 Lleida	Males	2003	76.28
25 Lleida	Males	2002	76.62
25 Lleida	Males	2001	76.94
25 Lleida	Males	2000	76.68
25 Lleida	Males	1999	76.03
25 Lleida	Males	1998	75.60
25 Lleida	Males	1997	75.61
25 Lleida	Males	1996	76.03
25 Lleida	Males	1995	75.01
25 Lleida	Males	1994	75.10
25 Lleida	Males	1993	74.78
25 Lleida	Males	1992	74.55
25 Lleida	Males	1991	74.20
25 Lleida	Males	1990	74.58
25 Lleida	Males	1989	74.20
25 Lleida	Males	1988	74.52
25 Lleida	Males	1987	74.28
25 Lleida	Males	1986	74.15
25 Lleida	Males	1985	73.99
25 Lleida	Males	1984	74.20
25 Lleida	Males	1983	73.88
25 Lleida	Males	1982	74.60
25 Lleida	Males	1981	74.36
25 Lleida	Males	1980	73.33
25 Lleida	Males	1979	72.44
25 Lleida	Males	1978	72.19
25 Lleida	Males	1977	72.58
25 Lleida	Males	1976	72.61
25 Lleida	Males	1975	71.78
25 Lleida	Females	2024	86.67
25 Lleida	Females	2023	86.45
25 Lleida	Females	2022	85.92
25 Lleida	Females	2021	85.89
25 Lleida	Females	2020	85.27
25 Lleida	Females	2019	86.29
25 Lleida	Females	2018	86.04
25 Lleida	Females	2017	85.73
25 Lleida	Females	2016	86.36
25 Lleida	Females	2015	85.43
25 Lleida	Females	2014	85.61
25 Lleida	Females	2013	85.08
25 Lleida	Females	2012	85.22
25 Lleida	Females	2011	84.93
25 Lleida	Females	2010	84.79
25 Lleida	Females	2009	84.42
25 Lleida	Females	2008	84.34
25 Lleida	Females	2007	84.01
25 Lleida	Females	2006	84.03
25 Lleida	Females	2005	83.26
25 Lleida	Females	2004	83.36
25 Lleida	Females	2003	83.45
25 Lleida	Females	2002	82.66
25 Lleida	Females	2001	83.60
25 Lleida	Females	2000	82.82
25 Lleida	Females	1999	82.70
25 Lleida	Females	1998	82.05
25 Lleida	Females	1997	82.24
25 Lleida	Females	1996	81.62
25 Lleida	Females	1995	81.33
25 Lleida	Females	1994	81.57
25 Lleida	Females	1993	81.15
25 Lleida	Females	1992	80.45
25 Lleida	Females	1991	80.63
25 Lleida	Females	1990	79.90
25 Lleida	Females	1989	80.06
25 Lleida	Females	1988	79.88
25 Lleida	Females	1987	79.44
25 Lleida	Females	1986	79.62
25 Lleida	Females	1985	78.82
25 Lleida	Females	1984	79.00
25 Lleida	Females	1983	78.64
25 Lleida	Females	1982	78.41
25 Lleida	Females	1981	78.73
25 Lleida	Females	1980	77.92
25 Lleida	Females	1979	77.35
25 Lleida	Females	1978	76.98
25 Lleida	Females	1977	76.18
25 Lleida	Females	1976	75.92
25 Lleida	Females	1975	74.52
27 Lugo	Both genders	2024	83.98
27 Lugo	Both genders	2023	83.38
27 Lugo	Both genders	2022	83.23
27 Lugo	Both genders	2021	83.38
27 Lugo	Both genders	2020	83.10
27 Lugo	Both genders	2019	83.71
27 Lugo	Both genders	2018	82.91
27 Lugo	Both genders	2017	83.00
27 Lugo	Both genders	2016	82.58
27 Lugo	Both genders	2015	82.39
27 Lugo	Both genders	2014	82.66
27 Lugo	Both genders	2013	82.66
27 Lugo	Both genders	2012	81.92
27 Lugo	Both genders	2011	82.29
27 Lugo	Both genders	2010	82.06
27 Lugo	Both genders	2009	81.25
27 Lugo	Both genders	2008	81.52
27 Lugo	Both genders	2007	81.16
27 Lugo	Both genders	2006	80.81
27 Lugo	Both genders	2005	80.74
27 Lugo	Both genders	2004	80.73
27 Lugo	Both genders	2003	79.58
27 Lugo	Both genders	2002	79.52
27 Lugo	Both genders	2001	79.59
27 Lugo	Both genders	2000	79.21
27 Lugo	Both genders	1999	78.99
27 Lugo	Both genders	1998	78.60
27 Lugo	Both genders	1997	78.50
27 Lugo	Both genders	1996	77.67
27 Lugo	Both genders	1995	77.79
27 Lugo	Both genders	1994	78.20
27 Lugo	Both genders	1993	78.05
27 Lugo	Both genders	1992	76.98
27 Lugo	Both genders	1991	76.03
27 Lugo	Both genders	1990	76.17
27 Lugo	Both genders	1989	76.58
27 Lugo	Both genders	1988	76.69
27 Lugo	Both genders	1987	76.81
27 Lugo	Both genders	1986	76.13
27 Lugo	Both genders	1985	75.76
27 Lugo	Both genders	1984	76.17
27 Lugo	Both genders	1983	75.37
27 Lugo	Both genders	1982	75.34
27 Lugo	Both genders	1981	75.22
27 Lugo	Both genders	1980	75.28
27 Lugo	Both genders	1979	74.25
27 Lugo	Both genders	1978	73.94
27 Lugo	Both genders	1977	73.30
27 Lugo	Both genders	1976	72.63
27 Lugo	Both genders	1975	72.50
27 Lugo	Males	2024	81.15
27 Lugo	Males	2023	80.72
27 Lugo	Males	2022	80.74
27 Lugo	Males	2021	80.73
27 Lugo	Males	2020	80.39
27 Lugo	Males	2019	80.79
27 Lugo	Males	2018	79.68
27 Lugo	Males	2017	80.03
27 Lugo	Males	2016	79.54
27 Lugo	Males	2015	79.38
27 Lugo	Males	2014	79.70
27 Lugo	Males	2013	79.44
27 Lugo	Males	2012	78.60
27 Lugo	Males	2011	78.96
27 Lugo	Males	2010	78.64
27 Lugo	Males	2009	77.88
27 Lugo	Males	2008	78.02
27 Lugo	Males	2007	77.93
27 Lugo	Males	2006	77.55
27 Lugo	Males	2005	77.23
27 Lugo	Males	2004	77.26
27 Lugo	Males	2003	76.13
27 Lugo	Males	2002	75.99
27 Lugo	Males	2001	76.43
27 Lugo	Males	2000	75.74
27 Lugo	Males	1999	75.44
27 Lugo	Males	1998	75.12
27 Lugo	Males	1997	74.89
27 Lugo	Males	1996	73.81
27 Lugo	Males	1995	74.16
27 Lugo	Males	1994	74.62
27 Lugo	Males	1993	74.50
27 Lugo	Males	1992	73.44
27 Lugo	Males	1991	72.82
27 Lugo	Males	1990	73.33
27 Lugo	Males	1989	73.87
27 Lugo	Males	1988	73.79
27 Lugo	Males	1987	73.64
27 Lugo	Males	1986	73.28
27 Lugo	Males	1985	72.95
27 Lugo	Males	1984	73.10
27 Lugo	Males	1983	72.60
27 Lugo	Males	1982	72.82
27 Lugo	Males	1981	72.49
27 Lugo	Males	1980	72.53
27 Lugo	Males	1979	71.38
27 Lugo	Males	1978	71.27
27 Lugo	Males	1977	70.79
27 Lugo	Males	1976	70.32
27 Lugo	Males	1975	69.81
27 Lugo	Females	2024	86.90
27 Lugo	Females	2023	86.13
27 Lugo	Females	2022	85.80
27 Lugo	Females	2021	86.09
27 Lugo	Females	2020	85.90
27 Lugo	Females	2019	86.71
27 Lugo	Females	2018	86.29
27 Lugo	Females	2017	86.11
27 Lugo	Females	2016	85.77
27 Lugo	Females	2015	85.54
27 Lugo	Females	2014	85.73
27 Lugo	Females	2013	86.07
27 Lugo	Females	2012	85.42
27 Lugo	Females	2011	85.78
27 Lugo	Females	2010	85.68
27 Lugo	Females	2009	84.84
27 Lugo	Females	2008	85.23
27 Lugo	Females	2007	84.54
27 Lugo	Females	2006	84.19
27 Lugo	Females	2005	84.41
27 Lugo	Females	2004	84.32
27 Lugo	Females	2003	83.19
27 Lugo	Females	2002	83.21
27 Lugo	Females	2001	82.86
27 Lugo	Females	2000	82.84
27 Lugo	Females	1999	82.74
27 Lugo	Females	1998	82.26
27 Lugo	Females	1997	82.30
27 Lugo	Females	1996	81.77
27 Lugo	Females	1995	81.63
27 Lugo	Females	1994	81.94
27 Lugo	Females	1993	81.77
27 Lugo	Females	1992	80.72
27 Lugo	Females	1991	79.41
27 Lugo	Females	1990	79.09
27 Lugo	Females	1989	79.39
27 Lugo	Females	1988	79.66
27 Lugo	Females	1987	80.12
27 Lugo	Females	1986	79.07
27 Lugo	Females	1985	78.65
27 Lugo	Females	1984	79.34
27 Lugo	Females	1983	78.23
27 Lugo	Females	1982	77.88
27 Lugo	Females	1981	78.03
27 Lugo	Females	1980	78.11
27 Lugo	Females	1979	77.21
27 Lugo	Females	1978	76.67
27 Lugo	Females	1977	75.88
27 Lugo	Females	1976	74.99
27 Lugo	Females	1975	75.28
28 Madrid	Both genders	2024	85.58
28 Madrid	Both genders	2023	85.39
28 Madrid	Both genders	2022	84.76
28 Madrid	Both genders	2021	84.56
28 Madrid	Both genders	2020	82.27
28 Madrid	Both genders	2019	84.93
28 Madrid	Both genders	2018	84.73
28 Madrid	Both genders	2017	84.48
28 Madrid	Both genders	2016	84.50
28 Madrid	Both genders	2015	83.97
28 Madrid	Both genders	2014	84.20
28 Madrid	Both genders	2013	84.13
28 Madrid	Both genders	2012	83.64
28 Madrid	Both genders	2011	83.63
28 Madrid	Both genders	2010	83.39
28 Madrid	Both genders	2009	82.93
28 Madrid	Both genders	2008	82.58
28 Madrid	Both genders	2007	82.08
28 Madrid	Both genders	2006	82.06
28 Madrid	Both genders	2005	81.50
28 Madrid	Both genders	2004	81.24
28 Madrid	Both genders	2003	80.63
28 Madrid	Both genders	2002	80.81
28 Madrid	Both genders	2001	80.58
28 Madrid	Both genders	2000	80.36
28 Madrid	Both genders	1999	80.19
28 Madrid	Both genders	1998	79.93
28 Madrid	Both genders	1997	79.97
28 Madrid	Both genders	1996	79.18
28 Madrid	Both genders	1995	78.81
28 Madrid	Both genders	1994	78.75
28 Madrid	Both genders	1993	78.32
28 Madrid	Both genders	1992	78.10
28 Madrid	Both genders	1991	77.58
28 Madrid	Both genders	1990	77.24
28 Madrid	Both genders	1989	77.43
28 Madrid	Both genders	1988	77.25
28 Madrid	Both genders	1987	77.32
28 Madrid	Both genders	1986	77.48
28 Madrid	Both genders	1985	76.77
28 Madrid	Both genders	1984	76.74
28 Madrid	Both genders	1983	76.21
28 Madrid	Both genders	1982	76.61
28 Madrid	Both genders	1981	75.65
28 Madrid	Both genders	1980	76.09
28 Madrid	Both genders	1979	75.71
28 Madrid	Both genders	1978	75.26
28 Madrid	Both genders	1977	74.98
28 Madrid	Both genders	1976	74.60
28 Madrid	Both genders	1975	74.46
28 Madrid	Males	2024	83.07
28 Madrid	Males	2023	82.92
28 Madrid	Males	2022	82.08
28 Madrid	Males	2021	81.72
28 Madrid	Males	2020	79.37
28 Madrid	Males	2019	82.33
28 Madrid	Males	2018	82.00
28 Madrid	Males	2017	81.85
28 Madrid	Males	2016	81.74
28 Madrid	Males	2015	81.15
28 Madrid	Males	2014	81.44
28 Madrid	Males	2013	81.23
28 Madrid	Males	2012	80.80
28 Madrid	Males	2011	80.68
28 Madrid	Males	2010	80.37
28 Madrid	Males	2009	79.82
28 Madrid	Males	2008	79.36
28 Madrid	Males	2007	78.78
28 Madrid	Males	2006	78.72
28 Madrid	Males	2005	78.15
28 Madrid	Males	2004	77.89
28 Madrid	Males	2003	77.15
28 Madrid	Males	2002	77.25
28 Madrid	Males	2001	76.96
28 Madrid	Males	2000	76.88
28 Madrid	Males	1999	76.70
28 Madrid	Males	1998	76.23
28 Madrid	Males	1997	76.28
28 Madrid	Males	1996	75.32
28 Madrid	Males	1995	74.81
28 Madrid	Males	1994	74.76
28 Madrid	Males	1993	74.21
28 Madrid	Males	1992	73.99
28 Madrid	Males	1991	73.50
28 Madrid	Males	1990	73.39
28 Madrid	Males	1989	73.66
28 Madrid	Males	1988	73.58
28 Madrid	Males	1987	73.67
28 Madrid	Males	1986	74.04
28 Madrid	Males	1985	73.26
28 Madrid	Males	1984	73.28
28 Madrid	Males	1983	72.65
28 Madrid	Males	1982	73.19
28 Madrid	Males	1981	72.21
28 Madrid	Males	1980	72.64
28 Madrid	Males	1979	72.32
28 Madrid	Males	1978	71.90
28 Madrid	Males	1977	71.50
28 Madrid	Males	1976	71.26
28 Madrid	Males	1975	71.11
28 Madrid	Females	2024	87.74
28 Madrid	Females	2023	87.51
28 Madrid	Females	2022	87.11
28 Madrid	Females	2021	87.08
28 Madrid	Females	2020	84.99
28 Madrid	Females	2019	87.19
28 Madrid	Females	2018	87.11
28 Madrid	Females	2017	86.77
28 Madrid	Females	2016	86.92
28 Madrid	Females	2015	86.47
28 Madrid	Females	2014	86.59
28 Madrid	Females	2013	86.66
28 Madrid	Females	2012	86.12
28 Madrid	Females	2011	86.21
28 Madrid	Females	2010	86.06
28 Madrid	Females	2009	85.68
28 Madrid	Females	2008	85.45
28 Madrid	Females	2007	85.06
28 Madrid	Females	2006	85.08
28 Madrid	Females	2005	84.53
28 Madrid	Females	2004	84.28
28 Madrid	Females	2003	83.81
28 Madrid	Females	2002	84.09
28 Madrid	Females	2001	83.92
28 Madrid	Females	2000	83.54
28 Madrid	Females	1999	83.37
28 Madrid	Females	1998	83.33
28 Madrid	Females	1997	83.34
28 Madrid	Females	1996	82.74
28 Madrid	Females	1995	82.54
28 Madrid	Females	1994	82.45
28 Madrid	Females	1993	82.18
28 Madrid	Females	1992	81.95
28 Madrid	Females	1991	81.41
28 Madrid	Females	1990	80.83
28 Madrid	Females	1989	80.91
28 Madrid	Females	1988	80.63
28 Madrid	Females	1987	80.66
28 Madrid	Females	1986	80.59
28 Madrid	Females	1985	79.98
28 Madrid	Females	1984	79.86
28 Madrid	Females	1983	79.45
28 Madrid	Females	1982	79.67
28 Madrid	Females	1981	78.77
28 Madrid	Females	1980	79.18
28 Madrid	Females	1979	78.73
28 Madrid	Females	1978	78.26
28 Madrid	Females	1977	78.12
28 Madrid	Females	1976	77.57
28 Madrid	Females	1975	77.44
29 Málaga	Both genders	2024	83.07
29 Málaga	Both genders	2023	82.90
29 Málaga	Both genders	2022	82.15
29 Málaga	Both genders	2021	81.82
29 Málaga	Both genders	2020	81.97
29 Málaga	Both genders	2019	82.54
29 Málaga	Both genders	2018	81.96
29 Málaga	Both genders	2017	82.22
29 Málaga	Both genders	2016	82.10
29 Málaga	Both genders	2015	81.65
29 Málaga	Both genders	2014	81.64
29 Málaga	Both genders	2013	81.71
29 Málaga	Both genders	2012	81.26
29 Málaga	Both genders	2011	81.21
29 Málaga	Both genders	2010	80.86
29 Málaga	Both genders	2009	80.50
29 Málaga	Both genders	2008	79.89
29 Málaga	Both genders	2007	79.66
29 Málaga	Both genders	2006	79.52
29 Málaga	Both genders	2005	78.86
29 Málaga	Both genders	2004	78.98
29 Málaga	Both genders	2003	78.26
29 Málaga	Both genders	2002	78.52
29 Málaga	Both genders	2001	78.26
29 Málaga	Both genders	2000	78.00
29 Málaga	Both genders	1999	77.64
29 Málaga	Both genders	1998	77.61
29 Málaga	Both genders	1997	77.33
29 Málaga	Both genders	1996	76.78
29 Málaga	Both genders	1995	76.88
29 Málaga	Both genders	1994	76.49
29 Málaga	Both genders	1993	76.35
29 Málaga	Both genders	1992	76.23
29 Málaga	Both genders	1991	75.69
29 Málaga	Both genders	1990	75.55
29 Málaga	Both genders	1989	75.37
29 Málaga	Both genders	1988	75.18
29 Málaga	Both genders	1987	74.91
29 Málaga	Both genders	1986	74.96
29 Málaga	Both genders	1985	74.73
29 Málaga	Both genders	1984	74.90
29 Málaga	Both genders	1983	74.75
29 Málaga	Both genders	1982	74.44
29 Málaga	Both genders	1981	74.28
29 Málaga	Both genders	1980	74.15
29 Málaga	Both genders	1979	73.32
29 Málaga	Both genders	1978	72.95
29 Málaga	Both genders	1977	73.23
29 Málaga	Both genders	1976	72.27
29 Málaga	Both genders	1975	71.90
29 Málaga	Males	2024	80.68
29 Málaga	Males	2023	80.48
29 Málaga	Males	2022	79.66
29 Málaga	Males	2021	79.38
29 Málaga	Males	2020	79.43
29 Málaga	Males	2019	80.11
29 Málaga	Males	2018	79.53
29 Málaga	Males	2017	79.77
29 Málaga	Males	2016	79.64
29 Málaga	Males	2015	79.10
29 Málaga	Males	2014	79.27
29 Málaga	Males	2013	79.24
29 Málaga	Males	2012	78.64
29 Málaga	Males	2011	78.50
29 Málaga	Males	2010	78.05
29 Málaga	Males	2009	77.76
29 Málaga	Males	2008	77.13
29 Málaga	Males	2007	76.80
29 Málaga	Males	2006	76.56
29 Málaga	Males	2005	75.87
29 Málaga	Males	2004	76.00
29 Málaga	Males	2003	75.06
29 Málaga	Males	2002	75.21
29 Málaga	Males	2001	75.18
29 Málaga	Males	2000	74.94
29 Málaga	Males	1999	74.54
29 Málaga	Males	1998	74.22
29 Málaga	Males	1997	74.13
29 Málaga	Males	1996	73.23
29 Málaga	Males	1995	73.06
29 Málaga	Males	1994	73.10
29 Málaga	Males	1993	72.91
29 Málaga	Males	1992	72.71
29 Málaga	Males	1991	72.17
29 Málaga	Males	1990	72.28
29 Málaga	Males	1989	71.81
29 Málaga	Males	1988	71.62
29 Málaga	Males	1987	71.61
29 Málaga	Males	1986	71.68
29 Málaga	Males	1985	71.25
29 Málaga	Males	1984	71.42
29 Málaga	Males	1983	71.77
29 Málaga	Males	1982	71.26
29 Málaga	Males	1981	70.82
29 Málaga	Males	1980	71.14
29 Málaga	Males	1979	69.87
29 Málaga	Males	1978	69.67
29 Málaga	Males	1977	70.05
29 Málaga	Males	1976	68.96
29 Málaga	Males	1975	68.78
29 Málaga	Females	2024	85.38
29 Málaga	Females	2023	85.26
29 Málaga	Females	2022	84.62
29 Málaga	Females	2021	84.24
29 Málaga	Females	2020	84.51
29 Málaga	Females	2019	84.92
29 Málaga	Females	2018	84.37
29 Málaga	Females	2017	84.64
29 Málaga	Females	2016	84.56
29 Málaga	Females	2015	84.22
29 Málaga	Females	2014	84.00
29 Málaga	Females	2013	84.20
29 Málaga	Females	2012	83.89
29 Málaga	Females	2011	83.92
29 Málaga	Females	2010	83.68
29 Málaga	Females	2009	83.22
29 Málaga	Females	2008	82.66
29 Málaga	Females	2007	82.56
29 Málaga	Females	2006	82.53
29 Málaga	Females	2005	81.89
29 Málaga	Females	2004	81.98
29 Málaga	Females	2003	81.54
29 Málaga	Females	2002	81.92
29 Málaga	Females	2001	81.36
29 Málaga	Females	2000	81.07
29 Málaga	Females	1999	80.77
29 Málaga	Females	1998	81.04
29 Málaga	Females	1997	80.52
29 Málaga	Females	1996	80.43
29 Málaga	Females	1995	80.82
29 Málaga	Females	1994	79.91
29 Málaga	Females	1993	79.82
29 Málaga	Females	1992	79.78
29 Málaga	Females	1991	79.27
29 Málaga	Females	1990	78.83
29 Málaga	Females	1989	78.99
29 Málaga	Females	1988	78.79
29 Málaga	Females	1987	78.20
29 Málaga	Females	1986	78.24
29 Málaga	Females	1985	78.25
29 Málaga	Females	1984	78.38
29 Málaga	Females	1983	77.63
29 Málaga	Females	1982	77.57
29 Málaga	Females	1981	77.71
29 Málaga	Females	1980	77.07
29 Málaga	Females	1979	76.79
29 Málaga	Females	1978	76.21
29 Málaga	Females	1977	76.35
29 Málaga	Females	1976	75.59
29 Málaga	Females	1975	75.00
30 Murcia	Both genders	2024	83.39
30 Murcia	Both genders	2023	82.82
30 Murcia	Both genders	2022	82.05
30 Murcia	Both genders	2021	82.21
30 Murcia	Both genders	2020	82.26
30 Murcia	Both genders	2019	82.62
30 Murcia	Both genders	2018	82.64
30 Murcia	Both genders	2017	82.40
30 Murcia	Both genders	2016	82.51
30 Murcia	Both genders	2015	82.21
30 Murcia	Both genders	2014	82.47
30 Murcia	Both genders	2013	82.27
30 Murcia	Both genders	2012	81.72
30 Murcia	Both genders	2011	81.71
30 Murcia	Both genders	2010	81.62
30 Murcia	Both genders	2009	80.90
30 Murcia	Both genders	2008	80.43
30 Murcia	Both genders	2007	80.30
30 Murcia	Both genders	2006	80.27
30 Murcia	Both genders	2005	79.71
30 Murcia	Both genders	2004	79.54
30 Murcia	Both genders	2003	79.11
30 Murcia	Both genders	2002	78.96
30 Murcia	Both genders	2001	78.95
30 Murcia	Both genders	2000	78.42
30 Murcia	Both genders	1999	77.90
30 Murcia	Both genders	1998	78.22
30 Murcia	Both genders	1997	78.06
30 Murcia	Both genders	1996	78.05
30 Murcia	Both genders	1995	78.04
30 Murcia	Both genders	1994	77.61
30 Murcia	Both genders	1993	77.46
30 Murcia	Both genders	1992	77.07
30 Murcia	Both genders	1991	76.49
30 Murcia	Both genders	1990	76.09
30 Murcia	Both genders	1989	75.95
30 Murcia	Both genders	1988	76.51
30 Murcia	Both genders	1987	76.67
30 Murcia	Both genders	1986	76.16
30 Murcia	Both genders	1985	75.70
30 Murcia	Both genders	1984	75.64
30 Murcia	Both genders	1983	75.16
30 Murcia	Both genders	1982	75.45
30 Murcia	Both genders	1981	74.90
30 Murcia	Both genders	1980	74.30
30 Murcia	Both genders	1979	74.49
30 Murcia	Both genders	1978	74.06
30 Murcia	Both genders	1977	73.92
30 Murcia	Both genders	1976	73.39
30 Murcia	Both genders	1975	72.95
30 Murcia	Males	2024	80.88
30 Murcia	Males	2023	80.36
30 Murcia	Males	2022	79.32
30 Murcia	Males	2021	79.60
30 Murcia	Males	2020	79.56
30 Murcia	Males	2019	80.08
30 Murcia	Males	2018	80.10
30 Murcia	Males	2017	79.78
30 Murcia	Males	2016	80.12
30 Murcia	Males	2015	79.73
30 Murcia	Males	2014	80.01
30 Murcia	Males	2013	79.76
30 Murcia	Males	2012	78.88
30 Murcia	Males	2011	78.98
30 Murcia	Males	2010	78.95
30 Murcia	Males	2009	78.22
30 Murcia	Males	2008	77.84
30 Murcia	Males	2007	77.28
30 Murcia	Males	2006	77.27
30 Murcia	Males	2005	76.63
30 Murcia	Males	2004	76.50
30 Murcia	Males	2003	76.21
30 Murcia	Males	2002	75.91
30 Murcia	Males	2001	75.63
30 Murcia	Males	2000	75.24
30 Murcia	Males	1999	74.80
30 Murcia	Males	1998	74.98
30 Murcia	Males	1997	74.80
30 Murcia	Males	1996	74.94
30 Murcia	Males	1995	74.92
30 Murcia	Males	1994	74.27
30 Murcia	Males	1993	74.26
30 Murcia	Males	1992	73.80
30 Murcia	Males	1991	73.38
30 Murcia	Males	1990	72.84
30 Murcia	Males	1989	72.75
30 Murcia	Males	1988	73.50
30 Murcia	Males	1987	73.72
30 Murcia	Males	1986	73.07
30 Murcia	Males	1985	72.76
30 Murcia	Males	1984	72.81
30 Murcia	Males	1983	72.01
30 Murcia	Males	1982	72.58
30 Murcia	Males	1981	71.82
30 Murcia	Males	1980	71.34
30 Murcia	Males	1979	71.74
30 Murcia	Males	1978	71.26
30 Murcia	Males	1977	71.25
30 Murcia	Males	1976	70.62
30 Murcia	Males	1975	70.02
30 Murcia	Females	2024	85.87
30 Murcia	Females	2023	85.28
30 Murcia	Females	2022	84.85
30 Murcia	Females	2021	84.85
30 Murcia	Females	2020	85.02
30 Murcia	Females	2019	85.17
30 Murcia	Females	2018	85.18
30 Murcia	Females	2017	85.04
30 Murcia	Females	2016	84.87
30 Murcia	Females	2015	84.69
30 Murcia	Females	2014	84.88
30 Murcia	Females	2013	84.77
30 Murcia	Females	2012	84.60
30 Murcia	Females	2011	84.44
30 Murcia	Females	2010	84.30
30 Murcia	Females	2009	83.58
30 Murcia	Females	2008	83.05
30 Murcia	Females	2007	83.41
30 Murcia	Females	2006	83.34
30 Murcia	Females	2005	82.89
30 Murcia	Females	2004	82.62
30 Murcia	Females	2003	82.05
30 Murcia	Females	2002	82.04
30 Murcia	Females	2001	82.34
30 Murcia	Females	2000	81.63
30 Murcia	Females	1999	81.06
30 Murcia	Females	1998	81.51
30 Murcia	Females	1997	81.35
30 Murcia	Females	1996	81.16
30 Murcia	Females	1995	81.14
30 Murcia	Females	1994	80.98
30 Murcia	Females	1993	80.67
30 Murcia	Females	1992	80.34
30 Murcia	Females	1991	79.59
30 Murcia	Females	1990	79.38
30 Murcia	Females	1989	79.16
30 Murcia	Females	1988	79.48
30 Murcia	Females	1987	79.57
30 Murcia	Females	1986	79.21
30 Murcia	Females	1985	78.59
30 Murcia	Females	1984	78.35
30 Murcia	Females	1983	78.28
30 Murcia	Females	1982	78.22
30 Murcia	Females	1981	77.94
30 Murcia	Females	1980	77.21
30 Murcia	Females	1979	77.14
30 Murcia	Females	1978	76.76
30 Murcia	Females	1977	76.49
30 Murcia	Females	1976	76.07
30 Murcia	Females	1975	75.80
31 Navarra	Both genders	2024	84.66
31 Navarra	Both genders	2023	84.79
31 Navarra	Both genders	2022	83.85
31 Navarra	Both genders	2021	84.26
31 Navarra	Both genders	2020	83.33
31 Navarra	Both genders	2019	84.55
31 Navarra	Both genders	2018	84.14
31 Navarra	Both genders	2017	83.80
31 Navarra	Both genders	2016	83.81
31 Navarra	Both genders	2015	83.75
31 Navarra	Both genders	2014	83.45
31 Navarra	Both genders	2013	83.49
31 Navarra	Both genders	2012	83.42
31 Navarra	Both genders	2011	83.47
31 Navarra	Both genders	2010	83.68
31 Navarra	Both genders	2009	82.90
31 Navarra	Both genders	2008	82.29
31 Navarra	Both genders	2007	82.20
31 Navarra	Both genders	2006	82.02
31 Navarra	Both genders	2005	81.62
31 Navarra	Both genders	2004	81.46
31 Navarra	Both genders	2003	80.91
31 Navarra	Both genders	2002	80.83
31 Navarra	Both genders	2001	81.01
31 Navarra	Both genders	2000	80.40
31 Navarra	Both genders	1999	80.15
31 Navarra	Both genders	1998	79.97
31 Navarra	Both genders	1997	80.06
31 Navarra	Both genders	1996	79.44
31 Navarra	Both genders	1995	79.31
31 Navarra	Both genders	1994	79.32
31 Navarra	Both genders	1993	78.92
31 Navarra	Both genders	1992	78.92
31 Navarra	Both genders	1991	78.08
31 Navarra	Both genders	1990	77.97
31 Navarra	Both genders	1989	77.72
31 Navarra	Both genders	1988	77.55
31 Navarra	Both genders	1987	77.26
31 Navarra	Both genders	1986	76.82
31 Navarra	Both genders	1985	76.45
31 Navarra	Both genders	1984	76.73
31 Navarra	Both genders	1983	75.98
31 Navarra	Both genders	1982	75.72
31 Navarra	Both genders	1981	75.74
31 Navarra	Both genders	1980	75.07
31 Navarra	Both genders	1979	75.08
31 Navarra	Both genders	1978	74.24
31 Navarra	Both genders	1977	74.44
31 Navarra	Both genders	1976	73.74
31 Navarra	Both genders	1975	72.97
31 Navarra	Males	2024	81.96
31 Navarra	Males	2023	82.27
31 Navarra	Males	2022	81.05
31 Navarra	Males	2021	81.62
31 Navarra	Males	2020	80.70
31 Navarra	Males	2019	82.10
31 Navarra	Males	2018	81.44
31 Navarra	Males	2017	81.05
31 Navarra	Males	2016	81.09
31 Navarra	Males	2015	80.94
31 Navarra	Males	2014	80.63
31 Navarra	Males	2013	80.61
31 Navarra	Males	2012	80.35
31 Navarra	Males	2011	80.81
31 Navarra	Males	2010	80.75
31 Navarra	Males	2009	79.76
31 Navarra	Males	2008	79.24
31 Navarra	Males	2007	79.00
31 Navarra	Males	2006	78.59
31 Navarra	Males	2005	78.63
31 Navarra	Males	2004	78.32
31 Navarra	Males	2003	77.69
31 Navarra	Males	2002	76.99
31 Navarra	Males	2001	77.67
31 Navarra	Males	2000	77.02
31 Navarra	Males	1999	76.71
31 Navarra	Males	1998	76.40
31 Navarra	Males	1997	76.69
31 Navarra	Males	1996	75.92
31 Navarra	Males	1995	75.81
31 Navarra	Males	1994	76.02
31 Navarra	Males	1993	75.56
31 Navarra	Males	1992	75.29
31 Navarra	Males	1991	74.70
31 Navarra	Males	1990	74.86
31 Navarra	Males	1989	74.33
31 Navarra	Males	1988	74.54
31 Navarra	Males	1987	74.17
31 Navarra	Males	1986	73.95
31 Navarra	Males	1985	72.91
31 Navarra	Males	1984	73.52
31 Navarra	Males	1983	72.64
31 Navarra	Males	1982	72.63
31 Navarra	Males	1981	72.14
31 Navarra	Males	1980	71.80
31 Navarra	Males	1979	71.92
31 Navarra	Males	1978	71.12
31 Navarra	Males	1977	71.72
31 Navarra	Males	1976	70.53
31 Navarra	Males	1975	69.96
31 Navarra	Females	2024	87.33
31 Navarra	Females	2023	87.24
31 Navarra	Females	2022	86.67
31 Navarra	Females	2021	86.87
31 Navarra	Females	2020	85.99
31 Navarra	Females	2019	86.92
31 Navarra	Females	2018	86.81
31 Navarra	Females	2017	86.53
31 Navarra	Females	2016	86.51
31 Navarra	Females	2015	86.54
31 Navarra	Females	2014	86.26
31 Navarra	Females	2013	86.35
31 Navarra	Females	2012	86.52
31 Navarra	Females	2011	86.05
31 Navarra	Females	2010	86.52
31 Navarra	Females	2009	86.02
31 Navarra	Females	2008	85.36
31 Navarra	Females	2007	85.41
31 Navarra	Females	2006	85.49
31 Navarra	Females	2005	84.58
31 Navarra	Females	2004	84.59
31 Navarra	Females	2003	84.18
31 Navarra	Females	2002	84.85
31 Navarra	Females	2001	84.39
31 Navarra	Females	2000	83.87
31 Navarra	Females	1999	83.70
31 Navarra	Females	1998	83.63
31 Navarra	Females	1997	83.49
31 Navarra	Females	1996	83.04
31 Navarra	Females	1995	82.86
31 Navarra	Females	1994	82.65
31 Navarra	Females	1993	82.32
31 Navarra	Females	1992	82.63
31 Navarra	Females	1991	81.54
31 Navarra	Females	1990	81.11
31 Navarra	Females	1989	81.19
31 Navarra	Females	1988	80.59
31 Navarra	Females	1987	80.38
31 Navarra	Females	1986	79.70
31 Navarra	Females	1985	80.15
31 Navarra	Females	1984	80.03
31 Navarra	Females	1983	79.44
31 Navarra	Females	1982	78.86
31 Navarra	Females	1981	79.48
31 Navarra	Females	1980	78.49
31 Navarra	Females	1979	78.36
31 Navarra	Females	1978	77.49
31 Navarra	Females	1977	77.21
31 Navarra	Females	1976	77.11
31 Navarra	Females	1975	76.07
32 Ourense	Both genders	2024	83.88
32 Ourense	Both genders	2023	83.51
32 Ourense	Both genders	2022	83.58
32 Ourense	Both genders	2021	83.52
32 Ourense	Both genders	2020	83.06
32 Ourense	Both genders	2019	83.57
32 Ourense	Both genders	2018	83.30
32 Ourense	Both genders	2017	83.77
32 Ourense	Both genders	2016	83.04
32 Ourense	Both genders	2015	83.20
32 Ourense	Both genders	2014	83.66
32 Ourense	Both genders	2013	82.63
32 Ourense	Both genders	2012	82.39
32 Ourense	Both genders	2011	81.90
32 Ourense	Both genders	2010	82.22
32 Ourense	Both genders	2009	82.24
32 Ourense	Both genders	2008	81.43
32 Ourense	Both genders	2007	81.46
32 Ourense	Both genders	2006	81.18
32 Ourense	Both genders	2005	81.03
32 Ourense	Both genders	2004	81.32
32 Ourense	Both genders	2003	80.50
32 Ourense	Both genders	2002	80.70
32 Ourense	Both genders	2001	80.67
32 Ourense	Both genders	2000	79.90
32 Ourense	Both genders	1999	80.06
32 Ourense	Both genders	1998	79.23
32 Ourense	Both genders	1997	79.17
32 Ourense	Both genders	1996	78.34
32 Ourense	Both genders	1995	78.58
32 Ourense	Both genders	1994	78.43
32 Ourense	Both genders	1993	78.02
32 Ourense	Both genders	1992	78.12
32 Ourense	Both genders	1991	77.96
32 Ourense	Both genders	1990	77.21
32 Ourense	Both genders	1989	77.28
32 Ourense	Both genders	1988	77.83
32 Ourense	Both genders	1987	77.13
32 Ourense	Both genders	1986	76.70
32 Ourense	Both genders	1985	76.89
32 Ourense	Both genders	1984	76.48
32 Ourense	Both genders	1983	76.68
32 Ourense	Both genders	1982	76.54
32 Ourense	Both genders	1981	76.08
32 Ourense	Both genders	1980	75.44
32 Ourense	Both genders	1979	75.02
32 Ourense	Both genders	1978	74.40
32 Ourense	Both genders	1977	74.65
32 Ourense	Both genders	1976	74.10
32 Ourense	Both genders	1975	73.47
32 Ourense	Males	2024	81.18
32 Ourense	Males	2023	80.20
32 Ourense	Males	2022	80.58
32 Ourense	Males	2021	80.43
32 Ourense	Males	2020	80.08
32 Ourense	Males	2019	80.52
32 Ourense	Males	2018	80.16
32 Ourense	Males	2017	81.07
32 Ourense	Males	2016	80.19
32 Ourense	Males	2015	79.98
32 Ourense	Males	2014	80.52
32 Ourense	Males	2013	79.58
32 Ourense	Males	2012	79.45
32 Ourense	Males	2011	78.44
32 Ourense	Males	2010	79.27
32 Ourense	Males	2009	79.01
32 Ourense	Males	2008	77.90
32 Ourense	Males	2007	78.21
32 Ourense	Males	2006	77.35
32 Ourense	Males	2005	77.48
32 Ourense	Males	2004	77.65
32 Ourense	Males	2003	76.94
32 Ourense	Males	2002	77.54
32 Ourense	Males	2001	77.60
32 Ourense	Males	2000	76.28
32 Ourense	Males	1999	76.50
32 Ourense	Males	1998	75.37
32 Ourense	Males	1997	75.38
32 Ourense	Males	1996	74.82
32 Ourense	Males	1995	75.06
32 Ourense	Males	1994	74.79
32 Ourense	Males	1993	75.00
32 Ourense	Males	1992	74.76
32 Ourense	Males	1991	74.39
32 Ourense	Males	1990	74.11
32 Ourense	Males	1989	74.26
32 Ourense	Males	1988	75.09
32 Ourense	Males	1987	74.04
32 Ourense	Males	1986	73.51
32 Ourense	Males	1985	73.66
32 Ourense	Males	1984	74.17
32 Ourense	Males	1983	73.81
32 Ourense	Males	1982	73.96
32 Ourense	Males	1981	73.58
32 Ourense	Males	1980	72.80
32 Ourense	Males	1979	72.37
32 Ourense	Males	1978	71.46
32 Ourense	Males	1977	72.01
32 Ourense	Males	1976	71.08
32 Ourense	Males	1975	71.03
32 Ourense	Females	2024	86.55
32 Ourense	Females	2023	86.90
32 Ourense	Females	2022	86.64
32 Ourense	Females	2021	86.65
32 Ourense	Females	2020	86.10
32 Ourense	Females	2019	86.66
32 Ourense	Females	2018	86.48
32 Ourense	Females	2017	86.43
32 Ourense	Females	2016	85.90
32 Ourense	Females	2015	86.45
32 Ourense	Females	2014	86.83
32 Ourense	Females	2013	85.72
32 Ourense	Females	2012	85.38
32 Ourense	Females	2011	85.50
32 Ourense	Females	2010	85.18
32 Ourense	Females	2009	85.52
32 Ourense	Females	2008	85.03
32 Ourense	Females	2007	84.75
32 Ourense	Females	2006	85.12
32 Ourense	Females	2005	84.61
32 Ourense	Females	2004	85.02
32 Ourense	Females	2003	84.12
32 Ourense	Females	2002	83.79
32 Ourense	Females	2001	83.67
32 Ourense	Females	2000	83.57
32 Ourense	Females	1999	83.63
32 Ourense	Females	1998	83.15
32 Ourense	Females	1997	83.02
32 Ourense	Females	1996	81.90
32 Ourense	Females	1995	82.12
32 Ourense	Females	1994	82.12
32 Ourense	Females	1993	81.00
32 Ourense	Females	1992	81.45
32 Ourense	Females	1991	81.55
32 Ourense	Females	1990	80.27
32 Ourense	Females	1989	80.27
32 Ourense	Females	1988	80.49
32 Ourense	Females	1987	80.19
32 Ourense	Females	1986	79.90
32 Ourense	Females	1985	80.13
32 Ourense	Females	1984	78.68
32 Ourense	Females	1983	79.48
32 Ourense	Females	1982	79.03
32 Ourense	Females	1981	78.52
32 Ourense	Females	1980	78.02
32 Ourense	Females	1979	77.62
32 Ourense	Females	1978	77.34
32 Ourense	Females	1977	77.20
32 Ourense	Females	1976	77.08
32 Ourense	Females	1975	75.87
34 Palencia	Both genders	2024	83.74
34 Palencia	Both genders	2023	84.04
34 Palencia	Both genders	2022	82.27
34 Palencia	Both genders	2021	82.48
34 Palencia	Both genders	2020	81.17
34 Palencia	Both genders	2019	83.30
34 Palencia	Both genders	2018	82.85
34 Palencia	Both genders	2017	83.16
34 Palencia	Both genders	2016	83.15
34 Palencia	Both genders	2015	83.00
34 Palencia	Both genders	2014	82.18
34 Palencia	Both genders	2013	83.18
34 Palencia	Both genders	2012	82.40
34 Palencia	Both genders	2011	82.29
34 Palencia	Both genders	2010	81.93
34 Palencia	Both genders	2009	81.32
34 Palencia	Both genders	2008	82.22
34 Palencia	Both genders	2007	80.96
34 Palencia	Both genders	2006	81.13
34 Palencia	Both genders	2005	80.74
34 Palencia	Both genders	2004	81.07
34 Palencia	Both genders	2003	80.27
34 Palencia	Both genders	2002	80.00
34 Palencia	Both genders	2001	80.06
34 Palencia	Both genders	2000	79.47
34 Palencia	Both genders	1999	78.99
34 Palencia	Both genders	1998	79.28
34 Palencia	Both genders	1997	79.28
34 Palencia	Both genders	1996	78.64
34 Palencia	Both genders	1995	79.27
34 Palencia	Both genders	1994	78.76
34 Palencia	Both genders	1993	77.53
34 Palencia	Both genders	1992	77.65
34 Palencia	Both genders	1991	77.60
34 Palencia	Both genders	1990	76.96
34 Palencia	Both genders	1989	76.86
34 Palencia	Both genders	1988	77.76
34 Palencia	Both genders	1987	76.65
34 Palencia	Both genders	1986	76.65
34 Palencia	Both genders	1985	76.12
34 Palencia	Both genders	1984	75.89
34 Palencia	Both genders	1983	76.42
34 Palencia	Both genders	1982	75.60
34 Palencia	Both genders	1981	74.50
34 Palencia	Both genders	1980	74.47
34 Palencia	Both genders	1979	73.73
34 Palencia	Both genders	1978	73.55
34 Palencia	Both genders	1977	72.90
34 Palencia	Both genders	1976	72.27
34 Palencia	Both genders	1975	71.80
34 Palencia	Males	2024	80.91
34 Palencia	Males	2023	81.02
34 Palencia	Males	2022	78.98
34 Palencia	Males	2021	79.42
34 Palencia	Males	2020	78.24
34 Palencia	Males	2019	80.08
34 Palencia	Males	2018	80.27
34 Palencia	Males	2017	79.97
34 Palencia	Males	2016	79.98
34 Palencia	Males	2015	80.02
34 Palencia	Males	2014	79.20
34 Palencia	Males	2013	80.28
34 Palencia	Males	2012	79.16
34 Palencia	Males	2011	79.21
34 Palencia	Males	2010	78.34
34 Palencia	Males	2009	77.85
34 Palencia	Males	2008	78.95
34 Palencia	Males	2007	77.27
34 Palencia	Males	2006	77.67
34 Palencia	Males	2005	76.84
34 Palencia	Males	2004	77.15
34 Palencia	Males	2003	76.76
34 Palencia	Males	2002	76.03
34 Palencia	Males	2001	76.85
34 Palencia	Males	2000	75.70
34 Palencia	Males	1999	75.32
34 Palencia	Males	1998	75.25
34 Palencia	Males	1997	75.37
34 Palencia	Males	1996	74.19
34 Palencia	Males	1995	75.80
34 Palencia	Males	1994	74.75
34 Palencia	Males	1993	73.52
34 Palencia	Males	1992	74.07
34 Palencia	Males	1991	74.21
34 Palencia	Males	1990	73.13
34 Palencia	Males	1989	73.14
34 Palencia	Males	1988	74.31
34 Palencia	Males	1987	73.50
34 Palencia	Males	1986	73.16
34 Palencia	Males	1985	72.55
34 Palencia	Males	1984	72.60
34 Palencia	Males	1983	72.98
34 Palencia	Males	1982	72.18
34 Palencia	Males	1981	71.27
34 Palencia	Males	1980	71.55
34 Palencia	Males	1979	70.71
34 Palencia	Males	1978	70.51
34 Palencia	Males	1977	70.25
34 Palencia	Males	1976	69.14
34 Palencia	Males	1975	69.33
34 Palencia	Females	2024	86.74
34 Palencia	Females	2023	87.26
34 Palencia	Females	2022	85.87
34 Palencia	Females	2021	85.82
34 Palencia	Females	2020	84.52
34 Palencia	Females	2019	86.68
34 Palencia	Females	2018	85.50
34 Palencia	Females	2017	86.52
34 Palencia	Females	2016	86.63
34 Palencia	Females	2015	86.18
34 Palencia	Females	2014	85.32
34 Palencia	Females	2013	86.17
34 Palencia	Females	2012	85.88
34 Palencia	Females	2011	85.50
34 Palencia	Females	2010	85.82
34 Palencia	Females	2009	85.00
34 Palencia	Females	2008	85.57
34 Palencia	Females	2007	84.86
34 Palencia	Females	2006	84.62
34 Palencia	Females	2005	84.88
34 Palencia	Females	2004	85.29
34 Palencia	Females	2003	83.93
34 Palencia	Females	2002	84.12
34 Palencia	Females	2001	83.32
34 Palencia	Females	2000	83.42
34 Palencia	Females	1999	82.88
34 Palencia	Females	1998	83.57
34 Palencia	Females	1997	83.35
34 Palencia	Females	1996	83.48
34 Palencia	Females	1995	82.88
34 Palencia	Females	1994	83.04
34 Palencia	Females	1993	81.77
34 Palencia	Females	1992	81.36
34 Palencia	Females	1991	81.11
34 Palencia	Females	1990	81.02
34 Palencia	Females	1989	80.85
34 Palencia	Females	1988	81.30
34 Palencia	Females	1987	79.84
34 Palencia	Females	1986	80.18
34 Palencia	Females	1985	79.84
34 Palencia	Females	1984	79.22
34 Palencia	Females	1983	79.91
34 Palencia	Females	1982	79.07
34 Palencia	Females	1981	77.80
34 Palencia	Females	1980	77.33
34 Palencia	Females	1979	76.77
34 Palencia	Females	1978	76.59
34 Palencia	Females	1977	75.51
34 Palencia	Females	1976	75.42
34 Palencia	Females	1975	74.19
35 Palmas, Las	Both genders	2024	82.68
35 Palmas, Las	Both genders	2023	82.08
35 Palmas, Las	Both genders	2022	81.56
35 Palmas, Las	Both genders	2021	81.92
35 Palmas, Las	Both genders	2020	81.90
35 Palmas, Las	Both genders	2019	82.27
35 Palmas, Las	Both genders	2018	81.69
35 Palmas, Las	Both genders	2017	81.99
35 Palmas, Las	Both genders	2016	81.85
35 Palmas, Las	Both genders	2015	81.62
35 Palmas, Las	Both genders	2014	81.74
35 Palmas, Las	Both genders	2013	81.69
35 Palmas, Las	Both genders	2012	81.25
35 Palmas, Las	Both genders	2011	81.26
35 Palmas, Las	Both genders	2010	81.28
35 Palmas, Las	Both genders	2009	80.85
35 Palmas, Las	Both genders	2008	79.34
35 Palmas, Las	Both genders	2007	79.90
35 Palmas, Las	Both genders	2006	79.45
35 Palmas, Las	Both genders	2005	78.82
35 Palmas, Las	Both genders	2004	78.62
35 Palmas, Las	Both genders	2003	78.21
35 Palmas, Las	Both genders	2002	77.87
35 Palmas, Las	Both genders	2001	77.57
35 Palmas, Las	Both genders	2000	77.00
35 Palmas, Las	Both genders	1999	76.70
35 Palmas, Las	Both genders	1998	77.08
35 Palmas, Las	Both genders	1997	77.24
35 Palmas, Las	Both genders	1996	76.95
35 Palmas, Las	Both genders	1995	77.06
35 Palmas, Las	Both genders	1994	76.61
35 Palmas, Las	Both genders	1993	75.79
35 Palmas, Las	Both genders	1992	76.20
35 Palmas, Las	Both genders	1991	75.43
35 Palmas, Las	Both genders	1990	75.31
35 Palmas, Las	Both genders	1989	74.71
35 Palmas, Las	Both genders	1988	74.57
35 Palmas, Las	Both genders	1987	74.90
35 Palmas, Las	Both genders	1986	75.36
35 Palmas, Las	Both genders	1985	74.46
35 Palmas, Las	Both genders	1984	74.95
35 Palmas, Las	Both genders	1983	74.23
35 Palmas, Las	Both genders	1982	74.13
35 Palmas, Las	Both genders	1981	74.19
35 Palmas, Las	Both genders	1980	73.71
35 Palmas, Las	Both genders	1979	72.61
35 Palmas, Las	Both genders	1978	72.40
35 Palmas, Las	Both genders	1977	72.91
35 Palmas, Las	Both genders	1976	71.83
35 Palmas, Las	Both genders	1975	72.63
35 Palmas, Las	Males	2024	80.37
35 Palmas, Las	Males	2023	79.52
35 Palmas, Las	Males	2022	79.19
35 Palmas, Las	Males	2021	79.40
35 Palmas, Las	Males	2020	79.33
35 Palmas, Las	Males	2019	79.67
35 Palmas, Las	Males	2018	79.03
35 Palmas, Las	Males	2017	79.66
35 Palmas, Las	Males	2016	79.45
35 Palmas, Las	Males	2015	79.35
35 Palmas, Las	Males	2014	79.39
35 Palmas, Las	Males	2013	79.12
35 Palmas, Las	Males	2012	78.65
35 Palmas, Las	Males	2011	78.47
35 Palmas, Las	Males	2010	78.41
35 Palmas, Las	Males	2009	77.94
35 Palmas, Las	Males	2008	76.33
35 Palmas, Las	Males	2007	76.84
35 Palmas, Las	Males	2006	76.36
35 Palmas, Las	Males	2005	75.65
35 Palmas, Las	Males	2004	75.54
35 Palmas, Las	Males	2003	74.86
35 Palmas, Las	Males	2002	74.56
35 Palmas, Las	Males	2001	74.11
35 Palmas, Las	Males	2000	73.57
35 Palmas, Las	Males	1999	73.38
35 Palmas, Las	Males	1998	73.84
35 Palmas, Las	Males	1997	73.66
35 Palmas, Las	Males	1996	73.38
35 Palmas, Las	Males	1995	73.38
35 Palmas, Las	Males	1994	73.09
35 Palmas, Las	Males	1993	72.41
35 Palmas, Las	Males	1992	72.81
35 Palmas, Las	Males	1991	71.93
35 Palmas, Las	Males	1990	71.91
35 Palmas, Las	Males	1989	71.32
35 Palmas, Las	Males	1988	71.29
35 Palmas, Las	Males	1987	71.86
35 Palmas, Las	Males	1986	72.45
35 Palmas, Las	Males	1985	71.15
35 Palmas, Las	Males	1984	71.75
35 Palmas, Las	Males	1983	71.11
35 Palmas, Las	Males	1982	71.28
35 Palmas, Las	Males	1981	71.08
35 Palmas, Las	Males	1980	70.75
35 Palmas, Las	Males	1979	69.28
35 Palmas, Las	Males	1978	69.42
35 Palmas, Las	Males	1977	70.17
35 Palmas, Las	Males	1976	69.02
35 Palmas, Las	Males	1975	70.22
35 Palmas, Las	Females	2024	85.01
35 Palmas, Las	Females	2023	84.69
35 Palmas, Las	Females	2022	83.98
35 Palmas, Las	Females	2021	84.50
35 Palmas, Las	Females	2020	84.53
35 Palmas, Las	Females	2019	84.92
35 Palmas, Las	Females	2018	84.43
35 Palmas, Las	Females	2017	84.34
35 Palmas, Las	Females	2016	84.32
35 Palmas, Las	Females	2015	83.91
35 Palmas, Las	Females	2014	84.17
35 Palmas, Las	Females	2013	84.33
35 Palmas, Las	Females	2012	83.93
35 Palmas, Las	Females	2011	84.13
35 Palmas, Las	Females	2010	84.23
35 Palmas, Las	Females	2009	83.86
35 Palmas, Las	Females	2008	82.50
35 Palmas, Las	Females	2007	83.12
35 Palmas, Las	Females	2006	82.68
35 Palmas, Las	Females	2005	82.15
35 Palmas, Las	Females	2004	81.82
35 Palmas, Las	Females	2003	81.78
35 Palmas, Las	Females	2002	81.38
35 Palmas, Las	Females	2001	81.26
35 Palmas, Las	Females	2000	80.68
35 Palmas, Las	Females	1999	80.25
35 Palmas, Las	Females	1998	80.50
35 Palmas, Las	Females	1997	81.07
35 Palmas, Las	Females	1996	80.73
35 Palmas, Las	Females	1995	80.97
35 Palmas, Las	Females	1994	80.34
35 Palmas, Las	Females	1993	79.37
35 Palmas, Las	Females	1992	79.79
35 Palmas, Las	Females	1991	79.14
35 Palmas, Las	Females	1990	78.93
35 Palmas, Las	Females	1989	78.31
35 Palmas, Las	Females	1988	78.05
35 Palmas, Las	Females	1987	78.06
35 Palmas, Las	Females	1986	78.35
35 Palmas, Las	Females	1985	77.99
35 Palmas, Las	Females	1984	78.34
35 Palmas, Las	Females	1983	77.50
35 Palmas, Las	Females	1982	77.08
35 Palmas, Las	Females	1981	77.45
35 Palmas, Las	Females	1980	76.78
35 Palmas, Las	Females	1979	76.16
35 Palmas, Las	Females	1978	75.53
35 Palmas, Las	Females	1977	75.74
35 Palmas, Las	Females	1976	74.75
35 Palmas, Las	Females	1975	75.10
36 Pontevedra	Both genders	2024	84.13
36 Pontevedra	Both genders	2023	83.62
36 Pontevedra	Both genders	2022	83.26
36 Pontevedra	Both genders	2021	83.65
36 Pontevedra	Both genders	2020	83.40
36 Pontevedra	Both genders	2019	83.59
36 Pontevedra	Both genders	2018	83.44
36 Pontevedra	Both genders	2017	83.02
36 Pontevedra	Both genders	2016	82.65
36 Pontevedra	Both genders	2015	82.78
36 Pontevedra	Both genders	2014	83.07
36 Pontevedra	Both genders	2013	82.79
36 Pontevedra	Both genders	2012	82.20
36 Pontevedra	Both genders	2011	82.18
36 Pontevedra	Both genders	2010	81.97
36 Pontevedra	Both genders	2009	81.53
36 Pontevedra	Both genders	2008	81.39
36 Pontevedra	Both genders	2007	80.90
36 Pontevedra	Both genders	2006	80.73
36 Pontevedra	Both genders	2005	80.41
36 Pontevedra	Both genders	2004	80.56
36 Pontevedra	Both genders	2003	79.95
36 Pontevedra	Both genders	2002	79.78
36 Pontevedra	Both genders	2001	79.71
36 Pontevedra	Both genders	2000	79.18
36 Pontevedra	Both genders	1999	79.16
36 Pontevedra	Both genders	1998	78.84
36 Pontevedra	Both genders	1997	78.39
36 Pontevedra	Both genders	1996	77.80
36 Pontevedra	Both genders	1995	77.85
36 Pontevedra	Both genders	1994	77.63
36 Pontevedra	Both genders	1993	77.23
36 Pontevedra	Both genders	1992	77.35
36 Pontevedra	Both genders	1991	76.72
36 Pontevedra	Both genders	1990	76.09
36 Pontevedra	Both genders	1989	76.27
36 Pontevedra	Both genders	1988	76.27
36 Pontevedra	Both genders	1987	76.19
36 Pontevedra	Both genders	1986	75.30
36 Pontevedra	Both genders	1985	75.73
36 Pontevedra	Both genders	1984	75.72
36 Pontevedra	Both genders	1983	75.34
36 Pontevedra	Both genders	1982	75.35
36 Pontevedra	Both genders	1981	74.75
36 Pontevedra	Both genders	1980	74.58
36 Pontevedra	Both genders	1979	73.66
36 Pontevedra	Both genders	1978	73.40
36 Pontevedra	Both genders	1977	72.82
36 Pontevedra	Both genders	1976	72.70
36 Pontevedra	Both genders	1975	72.78
36 Pontevedra	Males	2024	81.27
36 Pontevedra	Males	2023	80.49
36 Pontevedra	Males	2022	80.49
36 Pontevedra	Males	2021	80.38
36 Pontevedra	Males	2020	80.25
36 Pontevedra	Males	2019	80.59
36 Pontevedra	Males	2018	80.61
36 Pontevedra	Males	2017	80.01
36 Pontevedra	Males	2016	79.37
36 Pontevedra	Males	2015	79.86
36 Pontevedra	Males	2014	79.89
36 Pontevedra	Males	2013	79.75
36 Pontevedra	Males	2012	79.03
36 Pontevedra	Males	2011	78.88
36 Pontevedra	Males	2010	78.50
36 Pontevedra	Males	2009	78.08
36 Pontevedra	Males	2008	77.98
36 Pontevedra	Males	2007	77.08
36 Pontevedra	Males	2006	77.00
36 Pontevedra	Males	2005	76.86
36 Pontevedra	Males	2004	76.84
36 Pontevedra	Males	2003	76.32
36 Pontevedra	Males	2002	75.98
36 Pontevedra	Males	2001	76.01
36 Pontevedra	Males	2000	75.36
36 Pontevedra	Males	1999	75.29
36 Pontevedra	Males	1998	74.85
36 Pontevedra	Males	1997	74.57
36 Pontevedra	Males	1996	73.75
36 Pontevedra	Males	1995	73.73
36 Pontevedra	Males	1994	73.73
36 Pontevedra	Males	1993	73.15
36 Pontevedra	Males	1992	73.06
36 Pontevedra	Males	1991	72.81
36 Pontevedra	Males	1990	72.34
36 Pontevedra	Males	1989	72.24
36 Pontevedra	Males	1988	72.59
36 Pontevedra	Males	1987	72.45
36 Pontevedra	Males	1986	71.25
36 Pontevedra	Males	1985	71.81
36 Pontevedra	Males	1984	72.05
36 Pontevedra	Males	1983	71.91
36 Pontevedra	Males	1982	71.70
36 Pontevedra	Males	1981	71.28
36 Pontevedra	Males	1980	70.83
36 Pontevedra	Males	1979	69.92
36 Pontevedra	Males	1978	69.63
36 Pontevedra	Males	1977	69.43
36 Pontevedra	Males	1976	68.88
36 Pontevedra	Males	1975	69.25
36 Pontevedra	Females	2024	86.84
36 Pontevedra	Females	2023	86.63
36 Pontevedra	Females	2022	85.87
36 Pontevedra	Females	2021	86.82
36 Pontevedra	Females	2020	86.43
36 Pontevedra	Females	2019	86.44
36 Pontevedra	Females	2018	86.10
36 Pontevedra	Females	2017	85.89
36 Pontevedra	Females	2016	85.83
36 Pontevedra	Females	2015	85.53
36 Pontevedra	Females	2014	86.08
36 Pontevedra	Females	2013	85.63
36 Pontevedra	Females	2012	85.22
36 Pontevedra	Females	2011	85.31
36 Pontevedra	Females	2010	85.31
36 Pontevedra	Females	2009	84.80
36 Pontevedra	Females	2008	84.61
36 Pontevedra	Females	2007	84.60
36 Pontevedra	Females	2006	84.29
36 Pontevedra	Females	2005	83.75
36 Pontevedra	Females	2004	84.08
36 Pontevedra	Females	2003	83.40
36 Pontevedra	Females	2002	83.35
36 Pontevedra	Females	2001	83.16
36 Pontevedra	Females	2000	82.76
36 Pontevedra	Females	1999	82.80
36 Pontevedra	Females	1998	82.59
36 Pontevedra	Females	1997	81.98
36 Pontevedra	Females	1996	81.65
36 Pontevedra	Females	1995	81.76
36 Pontevedra	Females	1994	81.32
36 Pontevedra	Females	1993	81.10
36 Pontevedra	Females	1992	81.43
36 Pontevedra	Females	1991	80.40
36 Pontevedra	Females	1990	79.58
36 Pontevedra	Females	1989	80.09
36 Pontevedra	Females	1988	79.67
36 Pontevedra	Females	1987	79.63
36 Pontevedra	Females	1986	79.10
36 Pontevedra	Females	1985	79.36
36 Pontevedra	Females	1984	79.05
36 Pontevedra	Females	1983	78.39
36 Pontevedra	Females	1982	78.63
36 Pontevedra	Females	1981	77.85
36 Pontevedra	Females	1980	77.97
36 Pontevedra	Females	1979	77.08
36 Pontevedra	Females	1978	76.84
36 Pontevedra	Females	1977	75.85
36 Pontevedra	Females	1976	76.19
36 Pontevedra	Females	1975	75.95
26 Rioja, La	Both genders	2024	83.90
26 Rioja, La	Both genders	2023	84.17
26 Rioja, La	Both genders	2022	83.20
26 Rioja, La	Both genders	2021	83.27
26 Rioja, La	Both genders	2020	82.50
26 Rioja, La	Both genders	2019	83.83
26 Rioja, La	Both genders	2018	83.63
26 Rioja, La	Both genders	2017	83.61
26 Rioja, La	Both genders	2016	83.80
26 Rioja, La	Both genders	2015	83.37
26 Rioja, La	Both genders	2014	83.78
26 Rioja, La	Both genders	2013	83.61
26 Rioja, La	Both genders	2012	82.66
26 Rioja, La	Both genders	2011	82.85
26 Rioja, La	Both genders	2010	82.95
26 Rioja, La	Both genders	2009	82.52
26 Rioja, La	Both genders	2008	81.93
26 Rioja, La	Both genders	2007	81.49
26 Rioja, La	Both genders	2006	81.88
26 Rioja, La	Both genders	2005	80.97
26 Rioja, La	Both genders	2004	81.35
26 Rioja, La	Both genders	2003	80.60
26 Rioja, La	Both genders	2002	80.48
26 Rioja, La	Both genders	2001	80.55
26 Rioja, La	Both genders	2000	80.43
26 Rioja, La	Both genders	1999	79.45
26 Rioja, La	Both genders	1998	79.66
26 Rioja, La	Both genders	1997	79.85
26 Rioja, La	Both genders	1996	79.16
26 Rioja, La	Both genders	1995	79.10
26 Rioja, La	Both genders	1994	79.01
26 Rioja, La	Both genders	1993	78.47
26 Rioja, La	Both genders	1992	77.94
26 Rioja, La	Both genders	1991	77.76
26 Rioja, La	Both genders	1990	76.68
26 Rioja, La	Both genders	1989	77.18
26 Rioja, La	Both genders	1988	77.11
26 Rioja, La	Both genders	1987	76.37
26 Rioja, La	Both genders	1986	76.81
26 Rioja, La	Both genders	1985	75.95
26 Rioja, La	Both genders	1984	76.95
26 Rioja, La	Both genders	1983	76.14
26 Rioja, La	Both genders	1982	76.22
26 Rioja, La	Both genders	1981	74.97
26 Rioja, La	Both genders	1980	74.98
26 Rioja, La	Both genders	1979	74.71
26 Rioja, La	Both genders	1978	74.61
26 Rioja, La	Both genders	1977	74.10
26 Rioja, La	Both genders	1976	73.88
26 Rioja, La	Both genders	1975	73.11
26 Rioja, La	Males	2024	81.30
26 Rioja, La	Males	2023	81.44
26 Rioja, La	Males	2022	80.46
26 Rioja, La	Males	2021	80.46
26 Rioja, La	Males	2020	79.64
26 Rioja, La	Males	2019	81.09
26 Rioja, La	Males	2018	80.90
26 Rioja, La	Males	2017	80.91
26 Rioja, La	Males	2016	81.18
26 Rioja, La	Males	2015	80.64
26 Rioja, La	Males	2014	80.69
26 Rioja, La	Males	2013	80.85
26 Rioja, La	Males	2012	79.63
26 Rioja, La	Males	2011	79.85
26 Rioja, La	Males	2010	80.18
26 Rioja, La	Males	2009	79.55
26 Rioja, La	Males	2008	79.02
26 Rioja, La	Males	2007	77.95
26 Rioja, La	Males	2006	78.53
26 Rioja, La	Males	2005	77.67
26 Rioja, La	Males	2004	78.40
26 Rioja, La	Males	2003	77.28
26 Rioja, La	Males	2002	77.13
26 Rioja, La	Males	2001	76.77
26 Rioja, La	Males	2000	76.93
26 Rioja, La	Males	1999	76.17
26 Rioja, La	Males	1998	76.65
26 Rioja, La	Males	1997	76.40
26 Rioja, La	Males	1996	75.93
26 Rioja, La	Males	1995	75.96
26 Rioja, La	Males	1994	75.84
26 Rioja, La	Males	1993	75.21
26 Rioja, La	Males	1992	74.66
26 Rioja, La	Males	1991	74.30
26 Rioja, La	Males	1990	73.13
26 Rioja, La	Males	1989	74.03
26 Rioja, La	Males	1988	74.34
26 Rioja, La	Males	1987	73.16
26 Rioja, La	Males	1986	73.90
26 Rioja, La	Males	1985	72.85
26 Rioja, La	Males	1984	74.31
26 Rioja, La	Males	1983	73.12
26 Rioja, La	Males	1982	72.89
26 Rioja, La	Males	1981	71.58
26 Rioja, La	Males	1980	72.14
26 Rioja, La	Males	1979	72.09
26 Rioja, La	Males	1978	71.61
26 Rioja, La	Males	1977	71.39
26 Rioja, La	Males	1976	71.23
26 Rioja, La	Males	1975	70.59
26 Rioja, La	Females	2024	86.51
26 Rioja, La	Females	2023	86.94
26 Rioja, La	Females	2022	86.00
26 Rioja, La	Females	2021	86.15
26 Rioja, La	Females	2020	85.48
26 Rioja, La	Females	2019	86.62
26 Rioja, La	Females	2018	86.42
26 Rioja, La	Females	2017	86.34
26 Rioja, La	Females	2016	86.42
26 Rioja, La	Females	2015	86.13
26 Rioja, La	Females	2014	86.95
26 Rioja, La	Females	2013	86.37
26 Rioja, La	Females	2012	85.83
26 Rioja, La	Females	2011	86.00
26 Rioja, La	Females	2010	85.79
26 Rioja, La	Females	2009	85.58
26 Rioja, La	Females	2008	84.90
26 Rioja, La	Females	2007	85.28
26 Rioja, La	Females	2006	85.35
26 Rioja, La	Females	2005	84.43
26 Rioja, La	Females	2004	84.33
26 Rioja, La	Females	2003	84.09
26 Rioja, La	Females	2002	84.02
26 Rioja, La	Females	2001	84.52
26 Rioja, La	Females	2000	84.10
26 Rioja, La	Females	1999	82.89
26 Rioja, La	Females	1998	82.77
26 Rioja, La	Females	1997	83.46
26 Rioja, La	Females	1996	82.50
26 Rioja, La	Females	1995	82.34
26 Rioja, La	Females	1994	82.25
26 Rioja, La	Females	1993	81.82
26 Rioja, La	Females	1992	81.33
26 Rioja, La	Females	1991	81.34
26 Rioja, La	Females	1990	80.42
26 Rioja, La	Females	1989	80.43
26 Rioja, La	Females	1988	79.92
26 Rioja, La	Females	1987	79.71
26 Rioja, La	Females	1986	79.77
26 Rioja, La	Females	1985	79.18
26 Rioja, La	Females	1984	79.53
26 Rioja, La	Females	1983	79.22
26 Rioja, La	Females	1982	79.68
26 Rioja, La	Females	1981	78.49
26 Rioja, La	Females	1980	77.85
26 Rioja, La	Females	1979	77.33
26 Rioja, La	Females	1978	77.66
26 Rioja, La	Females	1977	76.84
26 Rioja, La	Females	1976	76.58
26 Rioja, La	Females	1975	75.64
37 Salamanca	Both genders	2024	85.77
37 Salamanca	Both genders	2023	85.40
37 Salamanca	Both genders	2022	84.12
37 Salamanca	Both genders	2021	84.73
37 Salamanca	Both genders	2020	82.53
37 Salamanca	Both genders	2019	84.69
37 Salamanca	Both genders	2018	84.68
37 Salamanca	Both genders	2017	84.41
37 Salamanca	Both genders	2016	84.47
37 Salamanca	Both genders	2015	84.58
37 Salamanca	Both genders	2014	84.58
37 Salamanca	Both genders	2013	84.31
37 Salamanca	Both genders	2012	83.77
37 Salamanca	Both genders	2011	83.94
37 Salamanca	Both genders	2010	83.68
37 Salamanca	Both genders	2009	82.96
37 Salamanca	Both genders	2008	82.79
37 Salamanca	Both genders	2007	82.60
37 Salamanca	Both genders	2006	82.75
37 Salamanca	Both genders	2005	82.24
37 Salamanca	Both genders	2004	82.48
37 Salamanca	Both genders	2003	80.85
37 Salamanca	Both genders	2002	80.85
37 Salamanca	Both genders	2001	81.42
37 Salamanca	Both genders	2000	80.94
37 Salamanca	Both genders	1999	80.22
37 Salamanca	Both genders	1998	79.99
37 Salamanca	Both genders	1997	80.08
37 Salamanca	Both genders	1996	79.68
37 Salamanca	Both genders	1995	79.90
37 Salamanca	Both genders	1994	80.00
37 Salamanca	Both genders	1993	79.07
37 Salamanca	Both genders	1992	79.24
37 Salamanca	Both genders	1991	78.53
37 Salamanca	Both genders	1990	78.29
37 Salamanca	Both genders	1989	78.35
37 Salamanca	Both genders	1988	78.07
37 Salamanca	Both genders	1987	78.26
37 Salamanca	Both genders	1986	78.56
37 Salamanca	Both genders	1985	77.89
37 Salamanca	Both genders	1984	77.69
37 Salamanca	Both genders	1983	77.55
37 Salamanca	Both genders	1982	78.20
37 Salamanca	Both genders	1981	77.72
37 Salamanca	Both genders	1980	77.48
37 Salamanca	Both genders	1979	76.30
37 Salamanca	Both genders	1978	75.73
37 Salamanca	Both genders	1977	75.61
37 Salamanca	Both genders	1976	74.46
37 Salamanca	Both genders	1975	74.76
37 Salamanca	Males	2024	83.46
37 Salamanca	Males	2023	82.64
37 Salamanca	Males	2022	81.55
37 Salamanca	Males	2021	81.65
37 Salamanca	Males	2020	79.86
37 Salamanca	Males	2019	82.02
37 Salamanca	Males	2018	82.16
37 Salamanca	Males	2017	81.84
37 Salamanca	Males	2016	81.85
37 Salamanca	Males	2015	82.21
37 Salamanca	Males	2014	81.75
37 Salamanca	Males	2013	81.69
37 Salamanca	Males	2012	81.08
37 Salamanca	Males	2011	80.98
37 Salamanca	Males	2010	80.81
37 Salamanca	Males	2009	80.02
37 Salamanca	Males	2008	79.93
37 Salamanca	Males	2007	79.52
37 Salamanca	Males	2006	79.75
37 Salamanca	Males	2005	79.38
37 Salamanca	Males	2004	79.81
37 Salamanca	Males	2003	77.74
37 Salamanca	Males	2002	77.77
37 Salamanca	Males	2001	78.22
37 Salamanca	Males	2000	78.17
37 Salamanca	Males	1999	77.10
37 Salamanca	Males	1998	76.81
37 Salamanca	Males	1997	76.54
37 Salamanca	Males	1996	76.39
37 Salamanca	Males	1995	76.64
37 Salamanca	Males	1994	77.11
37 Salamanca	Males	1993	75.67
37 Salamanca	Males	1992	76.17
37 Salamanca	Males	1991	75.35
37 Salamanca	Males	1990	75.37
37 Salamanca	Males	1989	75.59
37 Salamanca	Males	1988	75.35
37 Salamanca	Males	1987	75.26
37 Salamanca	Males	1986	76.12
37 Salamanca	Males	1985	75.21
37 Salamanca	Males	1984	75.36
37 Salamanca	Males	1983	74.74
37 Salamanca	Males	1982	75.29
37 Salamanca	Males	1981	75.31
37 Salamanca	Males	1980	75.07
37 Salamanca	Males	1979	73.31
37 Salamanca	Males	1978	73.21
37 Salamanca	Males	1977	72.67
37 Salamanca	Males	1976	72.57
37 Salamanca	Males	1975	72.40
37 Salamanca	Females	2024	87.99
37 Salamanca	Females	2023	88.12
37 Salamanca	Females	2022	86.67
37 Salamanca	Females	2021	87.89
37 Salamanca	Females	2020	85.28
37 Salamanca	Females	2019	87.34
37 Salamanca	Females	2018	87.12
37 Salamanca	Females	2017	86.92
37 Salamanca	Females	2016	87.03
37 Salamanca	Females	2015	86.85
37 Salamanca	Females	2014	87.38
37 Salamanca	Females	2013	86.85
37 Salamanca	Females	2012	86.40
37 Salamanca	Females	2011	86.87
37 Salamanca	Females	2010	86.52
37 Salamanca	Females	2009	85.90
37 Salamanca	Females	2008	85.63
37 Salamanca	Females	2007	85.65
37 Salamanca	Females	2006	85.69
37 Salamanca	Females	2005	85.04
37 Salamanca	Females	2004	85.03
37 Salamanca	Females	2003	83.96
37 Salamanca	Females	2002	83.92
37 Salamanca	Females	2001	84.62
37 Salamanca	Females	2000	83.59
37 Salamanca	Females	1999	83.33
37 Salamanca	Females	1998	83.18
37 Salamanca	Females	1997	83.70
37 Salamanca	Females	1996	82.94
37 Salamanca	Females	1995	83.16
37 Salamanca	Females	1994	82.83
37 Salamanca	Females	1993	82.52
37 Salamanca	Females	1992	82.29
37 Salamanca	Females	1991	81.70
37 Salamanca	Females	1990	81.19
37 Salamanca	Females	1989	81.10
37 Salamanca	Females	1988	80.74
37 Salamanca	Females	1987	81.26
37 Salamanca	Females	1986	80.89
37 Salamanca	Females	1985	80.55
37 Salamanca	Females	1984	79.90
37 Salamanca	Females	1983	80.34
37 Salamanca	Females	1982	81.07
37 Salamanca	Females	1981	80.03
37 Salamanca	Females	1980	79.83
37 Salamanca	Females	1979	79.30
37 Salamanca	Females	1978	78.23
37 Salamanca	Females	1977	78.57
37 Salamanca	Females	1976	76.29
37 Salamanca	Females	1975	77.09
38 Santa Cruz de Tenerife	Both genders	2024	82.88
38 Santa Cruz de Tenerife	Both genders	2023	82.85
38 Santa Cruz de Tenerife	Both genders	2022	82.01
38 Santa Cruz de Tenerife	Both genders	2021	82.30
38 Santa Cruz de Tenerife	Both genders	2020	82.63
38 Santa Cruz de Tenerife	Both genders	2019	82.56
38 Santa Cruz de Tenerife	Both genders	2018	81.90
38 Santa Cruz de Tenerife	Both genders	2017	82.27
38 Santa Cruz de Tenerife	Both genders	2016	82.10
38 Santa Cruz de Tenerife	Both genders	2015	81.75
38 Santa Cruz de Tenerife	Both genders	2014	81.95
38 Santa Cruz de Tenerife	Both genders	2013	82.25
38 Santa Cruz de Tenerife	Both genders	2012	81.57
38 Santa Cruz de Tenerife	Both genders	2011	81.31
38 Santa Cruz de Tenerife	Both genders	2010	81.48
38 Santa Cruz de Tenerife	Both genders	2009	80.97
38 Santa Cruz de Tenerife	Both genders	2008	80.25
38 Santa Cruz de Tenerife	Both genders	2007	79.62
38 Santa Cruz de Tenerife	Both genders	2006	79.73
38 Santa Cruz de Tenerife	Both genders	2005	79.38
38 Santa Cruz de Tenerife	Both genders	2004	78.88
38 Santa Cruz de Tenerife	Both genders	2003	79.00
38 Santa Cruz de Tenerife	Both genders	2002	79.34
38 Santa Cruz de Tenerife	Both genders	2001	78.56
38 Santa Cruz de Tenerife	Both genders	2000	78.01
38 Santa Cruz de Tenerife	Both genders	1999	78.18
38 Santa Cruz de Tenerife	Both genders	1998	77.52
38 Santa Cruz de Tenerife	Both genders	1997	77.94
38 Santa Cruz de Tenerife	Both genders	1996	77.34
38 Santa Cruz de Tenerife	Both genders	1995	78.00
38 Santa Cruz de Tenerife	Both genders	1994	77.66
38 Santa Cruz de Tenerife	Both genders	1993	77.14
38 Santa Cruz de Tenerife	Both genders	1992	77.17
38 Santa Cruz de Tenerife	Both genders	1991	77.19
38 Santa Cruz de Tenerife	Both genders	1990	76.44
38 Santa Cruz de Tenerife	Both genders	1989	75.90
38 Santa Cruz de Tenerife	Both genders	1988	75.71
38 Santa Cruz de Tenerife	Both genders	1987	75.82
38 Santa Cruz de Tenerife	Both genders	1986	75.85
38 Santa Cruz de Tenerife	Both genders	1985	75.61
38 Santa Cruz de Tenerife	Both genders	1984	75.01
38 Santa Cruz de Tenerife	Both genders	1983	75.59
38 Santa Cruz de Tenerife	Both genders	1982	75.43
38 Santa Cruz de Tenerife	Both genders	1981	74.69
38 Santa Cruz de Tenerife	Both genders	1980	74.78
38 Santa Cruz de Tenerife	Both genders	1979	74.20
38 Santa Cruz de Tenerife	Both genders	1978	73.93
38 Santa Cruz de Tenerife	Both genders	1977	74.45
38 Santa Cruz de Tenerife	Both genders	1976	73.43
38 Santa Cruz de Tenerife	Both genders	1975	73.77
38 Santa Cruz de Tenerife	Males	2024	80.71
38 Santa Cruz de Tenerife	Males	2023	80.39
38 Santa Cruz de Tenerife	Males	2022	79.38
38 Santa Cruz de Tenerife	Males	2021	79.58
38 Santa Cruz de Tenerife	Males	2020	80.15
38 Santa Cruz de Tenerife	Males	2019	80.01
38 Santa Cruz de Tenerife	Males	2018	79.38
38 Santa Cruz de Tenerife	Males	2017	79.65
38 Santa Cruz de Tenerife	Males	2016	79.30
38 Santa Cruz de Tenerife	Males	2015	79.28
38 Santa Cruz de Tenerife	Males	2014	79.18
38 Santa Cruz de Tenerife	Males	2013	79.83
38 Santa Cruz de Tenerife	Males	2012	78.96
38 Santa Cruz de Tenerife	Males	2011	78.37
38 Santa Cruz de Tenerife	Males	2010	78.61
38 Santa Cruz de Tenerife	Males	2009	78.60
38 Santa Cruz de Tenerife	Males	2008	77.25
38 Santa Cruz de Tenerife	Males	2007	76.48
38 Santa Cruz de Tenerife	Males	2006	76.44
38 Santa Cruz de Tenerife	Males	2005	76.35
38 Santa Cruz de Tenerife	Males	2004	75.80
38 Santa Cruz de Tenerife	Males	2003	75.83
38 Santa Cruz de Tenerife	Males	2002	76.12
38 Santa Cruz de Tenerife	Males	2001	75.34
38 Santa Cruz de Tenerife	Males	2000	74.80
38 Santa Cruz de Tenerife	Males	1999	75.08
38 Santa Cruz de Tenerife	Males	1998	73.96
38 Santa Cruz de Tenerife	Males	1997	74.36
38 Santa Cruz de Tenerife	Males	1996	73.87
38 Santa Cruz de Tenerife	Males	1995	74.64
38 Santa Cruz de Tenerife	Males	1994	73.84
38 Santa Cruz de Tenerife	Males	1993	73.92
38 Santa Cruz de Tenerife	Males	1992	73.85
38 Santa Cruz de Tenerife	Males	1991	73.82
38 Santa Cruz de Tenerife	Males	1990	73.45
38 Santa Cruz de Tenerife	Males	1989	72.45
38 Santa Cruz de Tenerife	Males	1988	72.47
38 Santa Cruz de Tenerife	Males	1987	72.41
38 Santa Cruz de Tenerife	Males	1986	72.79
38 Santa Cruz de Tenerife	Males	1985	72.13
38 Santa Cruz de Tenerife	Males	1984	71.64
38 Santa Cruz de Tenerife	Males	1983	72.42
38 Santa Cruz de Tenerife	Males	1982	72.38
38 Santa Cruz de Tenerife	Males	1981	71.56
38 Santa Cruz de Tenerife	Males	1980	71.64
38 Santa Cruz de Tenerife	Males	1979	71.11
38 Santa Cruz de Tenerife	Males	1978	71.03
38 Santa Cruz de Tenerife	Males	1977	71.59
38 Santa Cruz de Tenerife	Males	1976	71.05
38 Santa Cruz de Tenerife	Males	1975	71.33
38 Santa Cruz de Tenerife	Females	2024	84.94
38 Santa Cruz de Tenerife	Females	2023	85.26
38 Santa Cruz de Tenerife	Females	2022	84.62
38 Santa Cruz de Tenerife	Females	2021	85.00
38 Santa Cruz de Tenerife	Females	2020	85.05
38 Santa Cruz de Tenerife	Females	2019	85.08
38 Santa Cruz de Tenerife	Females	2018	84.40
38 Santa Cruz de Tenerife	Females	2017	84.87
38 Santa Cruz de Tenerife	Females	2016	84.90
38 Santa Cruz de Tenerife	Females	2015	84.20
38 Santa Cruz de Tenerife	Females	2014	84.72
38 Santa Cruz de Tenerife	Females	2013	84.63
38 Santa Cruz de Tenerife	Females	2012	84.19
38 Santa Cruz de Tenerife	Females	2011	84.32
38 Santa Cruz de Tenerife	Females	2010	84.37
38 Santa Cruz de Tenerife	Females	2009	83.33
38 Santa Cruz de Tenerife	Females	2008	83.29
38 Santa Cruz de Tenerife	Females	2007	82.85
38 Santa Cruz de Tenerife	Females	2006	83.12
38 Santa Cruz de Tenerife	Females	2005	82.47
38 Santa Cruz de Tenerife	Females	2004	82.01
38 Santa Cruz de Tenerife	Females	2003	82.24
38 Santa Cruz de Tenerife	Females	2002	82.62
38 Santa Cruz de Tenerife	Females	2001	81.83
38 Santa Cruz de Tenerife	Females	2000	81.26
38 Santa Cruz de Tenerife	Females	1999	81.28
38 Santa Cruz de Tenerife	Females	1998	81.20
38 Santa Cruz de Tenerife	Females	1997	81.63
38 Santa Cruz de Tenerife	Females	1996	80.92
38 Santa Cruz de Tenerife	Females	1995	81.42
38 Santa Cruz de Tenerife	Females	1994	81.64
38 Santa Cruz de Tenerife	Females	1993	80.38
38 Santa Cruz de Tenerife	Females	1992	80.55
38 Santa Cruz de Tenerife	Females	1991	80.60
38 Santa Cruz de Tenerife	Females	1990	79.42
38 Santa Cruz de Tenerife	Females	1989	79.41
38 Santa Cruz de Tenerife	Females	1988	78.95
38 Santa Cruz de Tenerife	Females	1987	79.26
38 Santa Cruz de Tenerife	Females	1986	78.90
38 Santa Cruz de Tenerife	Females	1985	79.13
38 Santa Cruz de Tenerife	Females	1984	78.42
38 Santa Cruz de Tenerife	Females	1983	78.72
38 Santa Cruz de Tenerife	Females	1982	78.45
38 Santa Cruz de Tenerife	Females	1981	77.79
38 Santa Cruz de Tenerife	Females	1980	77.89
38 Santa Cruz de Tenerife	Females	1979	77.28
38 Santa Cruz de Tenerife	Females	1978	76.80
38 Santa Cruz de Tenerife	Females	1977	77.28
38 Santa Cruz de Tenerife	Females	1976	75.73
38 Santa Cruz de Tenerife	Females	1975	76.13
40 Segovia	Both genders	2024	85.30
40 Segovia	Both genders	2023	83.92
40 Segovia	Both genders	2022	84.41
40 Segovia	Both genders	2021	84.06
40 Segovia	Both genders	2020	81.49
40 Segovia	Both genders	2019	84.70
40 Segovia	Both genders	2018	83.94
40 Segovia	Both genders	2017	83.92
40 Segovia	Both genders	2016	84.01
40 Segovia	Both genders	2015	83.28
40 Segovia	Both genders	2014	84.09
40 Segovia	Both genders	2013	83.76
40 Segovia	Both genders	2012	83.64
40 Segovia	Both genders	2011	83.40
40 Segovia	Both genders	2010	83.35
40 Segovia	Both genders	2009	83.12
40 Segovia	Both genders	2008	82.85
40 Segovia	Both genders	2007	82.47
40 Segovia	Both genders	2006	82.50
40 Segovia	Both genders	2005	81.96
40 Segovia	Both genders	2004	81.28
40 Segovia	Both genders	2003	81.42
40 Segovia	Both genders	2002	81.36
40 Segovia	Both genders	2001	81.70
40 Segovia	Both genders	2000	81.34
40 Segovia	Both genders	1999	80.77
40 Segovia	Both genders	1998	81.14
40 Segovia	Both genders	1997	80.65
40 Segovia	Both genders	1996	80.49
40 Segovia	Both genders	1995	80.75
40 Segovia	Both genders	1994	79.92
40 Segovia	Both genders	1993	79.67
40 Segovia	Both genders	1992	79.47
40 Segovia	Both genders	1991	80.13
40 Segovia	Both genders	1990	78.78
40 Segovia	Both genders	1989	78.60
40 Segovia	Both genders	1988	78.42
40 Segovia	Both genders	1987	78.76
40 Segovia	Both genders	1986	78.67
40 Segovia	Both genders	1985	76.73
40 Segovia	Both genders	1984	77.35
40 Segovia	Both genders	1983	78.00
40 Segovia	Both genders	1982	77.10
40 Segovia	Both genders	1981	75.57
40 Segovia	Both genders	1980	76.20
40 Segovia	Both genders	1979	76.04
40 Segovia	Both genders	1978	75.46
40 Segovia	Both genders	1977	74.80
40 Segovia	Both genders	1976	75.40
40 Segovia	Both genders	1975	74.27
40 Segovia	Males	2024	82.78
40 Segovia	Males	2023	81.25
40 Segovia	Males	2022	81.77
40 Segovia	Males	2021	81.42
40 Segovia	Males	2020	78.34
40 Segovia	Males	2019	82.34
40 Segovia	Males	2018	81.43
40 Segovia	Males	2017	81.51
40 Segovia	Males	2016	81.32
40 Segovia	Males	2015	80.21
40 Segovia	Males	2014	81.29
40 Segovia	Males	2013	81.15
40 Segovia	Males	2012	81.36
40 Segovia	Males	2011	80.82
40 Segovia	Males	2010	80.81
40 Segovia	Males	2009	80.81
40 Segovia	Males	2008	80.17
40 Segovia	Males	2007	79.75
40 Segovia	Males	2006	79.67
40 Segovia	Males	2005	79.27
40 Segovia	Males	2004	78.09
40 Segovia	Males	2003	78.32
40 Segovia	Males	2002	78.39
40 Segovia	Males	2001	78.30
40 Segovia	Males	2000	77.72
40 Segovia	Males	1999	77.59
40 Segovia	Males	1998	78.31
40 Segovia	Males	1997	77.40
40 Segovia	Males	1996	77.70
40 Segovia	Males	1995	78.09
40 Segovia	Males	1994	76.81
40 Segovia	Males	1993	76.18
40 Segovia	Males	1992	76.47
40 Segovia	Males	1991	77.29
40 Segovia	Males	1990	75.85
40 Segovia	Males	1989	76.52
40 Segovia	Males	1988	76.22
40 Segovia	Males	1987	75.67
40 Segovia	Males	1986	76.09
40 Segovia	Males	1985	73.33
40 Segovia	Males	1984	74.59
40 Segovia	Males	1983	75.39
40 Segovia	Males	1982	74.41
40 Segovia	Males	1981	73.09
40 Segovia	Males	1980	73.47
40 Segovia	Males	1979	73.39
40 Segovia	Males	1978	72.89
40 Segovia	Males	1977	71.65
40 Segovia	Males	1976	72.90
40 Segovia	Males	1975	71.95
40 Segovia	Females	2024	87.84
40 Segovia	Females	2023	86.66
40 Segovia	Females	2022	87.21
40 Segovia	Females	2021	86.91
40 Segovia	Females	2020	85.07
40 Segovia	Females	2019	87.08
40 Segovia	Females	2018	86.54
40 Segovia	Females	2017	86.50
40 Segovia	Females	2016	86.83
40 Segovia	Females	2015	86.61
40 Segovia	Females	2014	87.06
40 Segovia	Females	2013	86.44
40 Segovia	Females	2012	85.99
40 Segovia	Females	2011	86.14
40 Segovia	Females	2010	85.96
40 Segovia	Females	2009	85.44
40 Segovia	Females	2008	85.57
40 Segovia	Females	2007	85.32
40 Segovia	Females	2006	85.43
40 Segovia	Females	2005	84.76
40 Segovia	Females	2004	84.73
40 Segovia	Females	2003	84.70
40 Segovia	Females	2002	84.49
40 Segovia	Females	2001	85.27
40 Segovia	Females	2000	85.27
40 Segovia	Females	1999	84.08
40 Segovia	Females	1998	84.03
40 Segovia	Females	1997	84.11
40 Segovia	Females	1996	83.35
40 Segovia	Females	1995	83.47
40 Segovia	Females	1994	83.13
40 Segovia	Females	1993	83.37
40 Segovia	Females	1992	82.62
40 Segovia	Females	1991	83.07
40 Segovia	Females	1990	81.78
40 Segovia	Females	1989	80.60
40 Segovia	Females	1988	80.66
40 Segovia	Females	1987	82.03
40 Segovia	Females	1986	81.34
40 Segovia	Females	1985	80.36
40 Segovia	Females	1984	80.21
40 Segovia	Females	1983	80.66
40 Segovia	Females	1982	79.88
40 Segovia	Females	1981	78.17
40 Segovia	Females	1980	79.05
40 Segovia	Females	1979	78.78
40 Segovia	Females	1978	78.15
40 Segovia	Females	1977	78.19
40 Segovia	Females	1976	78.07
40 Segovia	Females	1975	76.70
41 Sevilla	Both genders	2024	82.73
41 Sevilla	Both genders	2023	82.58
41 Sevilla	Both genders	2022	81.74
41 Sevilla	Both genders	2021	81.44
41 Sevilla	Both genders	2020	81.39
41 Sevilla	Both genders	2019	81.99
41 Sevilla	Both genders	2018	81.83
41 Sevilla	Both genders	2017	81.39
41 Sevilla	Both genders	2016	81.73
41 Sevilla	Both genders	2015	81.09
41 Sevilla	Both genders	2014	81.59
41 Sevilla	Both genders	2013	81.36
41 Sevilla	Both genders	2012	80.79
41 Sevilla	Both genders	2011	80.59
41 Sevilla	Both genders	2010	80.38
41 Sevilla	Both genders	2009	80.08
41 Sevilla	Both genders	2008	79.56
41 Sevilla	Both genders	2007	79.41
41 Sevilla	Both genders	2006	79.26
41 Sevilla	Both genders	2005	78.87
41 Sevilla	Both genders	2004	78.65
41 Sevilla	Both genders	2003	78.03
41 Sevilla	Both genders	2002	78.35
41 Sevilla	Both genders	2001	78.20
41 Sevilla	Both genders	2000	78.01
41 Sevilla	Both genders	1999	77.23
41 Sevilla	Both genders	1998	77.22
41 Sevilla	Both genders	1997	77.52
41 Sevilla	Both genders	1996	77.07
41 Sevilla	Both genders	1995	76.76
41 Sevilla	Both genders	1994	76.87
41 Sevilla	Both genders	1993	76.48
41 Sevilla	Both genders	1992	76.18
41 Sevilla	Both genders	1991	75.71
41 Sevilla	Both genders	1990	75.73
41 Sevilla	Both genders	1989	75.61
41 Sevilla	Both genders	1988	75.51
41 Sevilla	Both genders	1987	75.51
41 Sevilla	Both genders	1986	75.43
41 Sevilla	Both genders	1985	75.10
41 Sevilla	Both genders	1984	75.27
41 Sevilla	Both genders	1983	74.90
41 Sevilla	Both genders	1982	74.58
41 Sevilla	Both genders	1981	74.11
41 Sevilla	Both genders	1980	74.21
41 Sevilla	Both genders	1979	73.90
41 Sevilla	Both genders	1978	73.42
41 Sevilla	Both genders	1977	73.48
41 Sevilla	Both genders	1976	72.78
41 Sevilla	Both genders	1975	73.01
41 Sevilla	Males	2024	80.00
41 Sevilla	Males	2023	79.88
41 Sevilla	Males	2022	78.97
41 Sevilla	Males	2021	78.46
41 Sevilla	Males	2020	78.43
41 Sevilla	Males	2019	79.09
41 Sevilla	Males	2018	78.99
41 Sevilla	Males	2017	78.60
41 Sevilla	Males	2016	78.92
41 Sevilla	Males	2015	78.22
41 Sevilla	Males	2014	78.76
41 Sevilla	Males	2013	78.50
41 Sevilla	Males	2012	77.74
41 Sevilla	Males	2011	77.66
41 Sevilla	Males	2010	77.19
41 Sevilla	Males	2009	76.95
41 Sevilla	Males	2008	76.31
41 Sevilla	Males	2007	76.01
41 Sevilla	Males	2006	75.97
41 Sevilla	Males	2005	75.49
41 Sevilla	Males	2004	75.26
41 Sevilla	Males	2003	74.67
41 Sevilla	Males	2002	74.90
41 Sevilla	Males	2001	74.81
41 Sevilla	Males	2000	74.50
41 Sevilla	Males	1999	73.57
41 Sevilla	Males	1998	73.67
41 Sevilla	Males	1997	73.94
41 Sevilla	Males	1996	73.50
41 Sevilla	Males	1995	73.00
41 Sevilla	Males	1994	73.14
41 Sevilla	Males	1993	73.02
41 Sevilla	Males	1992	72.33
41 Sevilla	Males	1991	72.01
41 Sevilla	Males	1990	72.04
41 Sevilla	Males	1989	71.99
41 Sevilla	Males	1988	72.14
41 Sevilla	Males	1987	72.24
41 Sevilla	Males	1986	71.97
41 Sevilla	Males	1985	71.63
41 Sevilla	Males	1984	71.76
41 Sevilla	Males	1983	71.80
41 Sevilla	Males	1982	71.21
41 Sevilla	Males	1981	70.52
41 Sevilla	Males	1980	71.09
41 Sevilla	Males	1979	70.56
41 Sevilla	Males	1978	70.09
41 Sevilla	Males	1977	70.06
41 Sevilla	Males	1976	69.61
41 Sevilla	Males	1975	69.79
41 Sevilla	Females	2024	85.35
41 Sevilla	Females	2023	85.16
41 Sevilla	Females	2022	84.42
41 Sevilla	Females	2021	84.36
41 Sevilla	Females	2020	84.30
41 Sevilla	Females	2019	84.78
41 Sevilla	Females	2018	84.56
41 Sevilla	Females	2017	84.08
41 Sevilla	Females	2016	84.40
41 Sevilla	Females	2015	83.85
41 Sevilla	Females	2014	84.27
41 Sevilla	Females	2013	84.08
41 Sevilla	Females	2012	83.73
41 Sevilla	Females	2011	83.38
41 Sevilla	Females	2010	83.46
41 Sevilla	Females	2009	83.11
41 Sevilla	Females	2008	82.74
41 Sevilla	Females	2007	82.76
41 Sevilla	Females	2006	82.46
41 Sevilla	Females	2005	82.21
41 Sevilla	Females	2004	82.00
41 Sevilla	Females	2003	81.34
41 Sevilla	Females	2002	81.73
41 Sevilla	Females	2001	81.50
41 Sevilla	Females	2000	81.46
41 Sevilla	Females	1999	80.90
41 Sevilla	Females	1998	80.74
41 Sevilla	Females	1997	81.05
41 Sevilla	Females	1996	80.57
41 Sevilla	Females	1995	80.50
41 Sevilla	Females	1994	80.55
41 Sevilla	Females	1993	79.86
41 Sevilla	Females	1992	80.01
41 Sevilla	Females	1991	79.38
41 Sevilla	Females	1990	79.40
41 Sevilla	Females	1989	79.18
41 Sevilla	Females	1988	78.76
41 Sevilla	Females	1987	78.63
41 Sevilla	Females	1986	78.77
41 Sevilla	Females	1985	78.46
41 Sevilla	Females	1984	78.68
41 Sevilla	Females	1983	77.82
41 Sevilla	Females	1982	77.80
41 Sevilla	Females	1981	77.61
41 Sevilla	Females	1980	77.16
41 Sevilla	Females	1979	77.10
41 Sevilla	Females	1978	76.61
41 Sevilla	Females	1977	76.78
41 Sevilla	Females	1976	75.82
41 Sevilla	Females	1975	76.10
42 Soria	Both genders	2024	84.49
42 Soria	Both genders	2023	84.73
42 Soria	Both genders	2022	83.29
42 Soria	Both genders	2021	83.63
42 Soria	Both genders	2020	82.26
42 Soria	Both genders	2019	84.48
42 Soria	Both genders	2018	84.52
42 Soria	Both genders	2017	84.78
42 Soria	Both genders	2016	83.02
42 Soria	Both genders	2015	84.05
42 Soria	Both genders	2014	84.02
42 Soria	Both genders	2013	84.45
42 Soria	Both genders	2012	83.64
42 Soria	Both genders	2011	84.00
42 Soria	Both genders	2010	83.85
42 Soria	Both genders	2009	83.36
42 Soria	Both genders	2008	82.79
42 Soria	Both genders	2007	82.42
42 Soria	Both genders	2006	82.21
42 Soria	Both genders	2005	81.71
42 Soria	Both genders	2004	80.89
42 Soria	Both genders	2003	82.82
42 Soria	Both genders	2002	82.13
42 Soria	Both genders	2001	83.28
42 Soria	Both genders	2000	80.70
42 Soria	Both genders	1999	81.32
42 Soria	Both genders	1998	81.30
42 Soria	Both genders	1997	81.72
42 Soria	Both genders	1996	80.54
42 Soria	Both genders	1995	80.29
42 Soria	Both genders	1994	81.59
42 Soria	Both genders	1993	80.39
42 Soria	Both genders	1992	80.18
42 Soria	Both genders	1991	79.94
42 Soria	Both genders	1990	79.99
42 Soria	Both genders	1989	78.56
42 Soria	Both genders	1988	78.32
42 Soria	Both genders	1987	79.10
42 Soria	Both genders	1986	78.66
42 Soria	Both genders	1985	78.56
42 Soria	Both genders	1984	78.36
42 Soria	Both genders	1983	79.08
42 Soria	Both genders	1982	77.73
42 Soria	Both genders	1981	77.42
42 Soria	Both genders	1980	76.09
42 Soria	Both genders	1979	76.35
42 Soria	Both genders	1978	75.55
42 Soria	Both genders	1977	75.53
42 Soria	Both genders	1976	76.10
42 Soria	Both genders	1975	75.88
42 Soria	Males	2024	82.50
42 Soria	Males	2023	81.81
42 Soria	Males	2022	80.82
42 Soria	Males	2021	81.36
42 Soria	Males	2020	80.03
42 Soria	Males	2019	82.25
42 Soria	Males	2018	81.99
42 Soria	Males	2017	81.78
42 Soria	Males	2016	80.79
42 Soria	Males	2015	81.31
42 Soria	Males	2014	81.09
42 Soria	Males	2013	82.33
42 Soria	Males	2012	80.73
42 Soria	Males	2011	81.09
42 Soria	Males	2010	81.41
42 Soria	Males	2009	80.28
42 Soria	Males	2008	80.18
42 Soria	Males	2007	80.21
42 Soria	Males	2006	79.98
42 Soria	Males	2005	78.78
42 Soria	Males	2004	77.72
42 Soria	Males	2003	79.90
42 Soria	Males	2002	78.74
42 Soria	Males	2001	80.36
42 Soria	Males	2000	77.18
42 Soria	Males	1999	77.56
42 Soria	Males	1998	79.21
42 Soria	Males	1997	78.05
42 Soria	Males	1996	76.66
42 Soria	Males	1995	76.98
42 Soria	Males	1994	78.75
42 Soria	Males	1993	77.93
42 Soria	Males	1992	76.54
42 Soria	Males	1991	76.24
42 Soria	Males	1990	76.88
42 Soria	Males	1989	75.09
42 Soria	Males	1988	75.63
42 Soria	Males	1987	76.16
42 Soria	Males	1986	76.15
42 Soria	Males	1985	75.85
42 Soria	Males	1984	74.61
42 Soria	Males	1983	76.49
42 Soria	Males	1982	75.09
42 Soria	Males	1981	74.84
42 Soria	Males	1980	73.60
42 Soria	Males	1979	72.79
42 Soria	Males	1978	72.68
42 Soria	Males	1977	73.08
42 Soria	Males	1976	74.10
42 Soria	Males	1975	74.31
42 Soria	Females	2024	86.60
42 Soria	Females	2023	88.15
42 Soria	Females	2022	86.12
42 Soria	Females	2021	86.16
42 Soria	Females	2020	84.87
42 Soria	Females	2019	87.02
42 Soria	Females	2018	87.29
42 Soria	Females	2017	88.07
42 Soria	Females	2016	85.48
42 Soria	Females	2015	87.09
42 Soria	Females	2014	87.27
42 Soria	Females	2013	86.67
42 Soria	Females	2012	86.84
42 Soria	Females	2011	87.14
42 Soria	Females	2010	86.46
42 Soria	Females	2009	86.89
42 Soria	Females	2008	85.62
42 Soria	Females	2007	84.70
42 Soria	Females	2006	84.50
42 Soria	Females	2005	84.80
42 Soria	Females	2004	84.29
42 Soria	Females	2003	85.95
42 Soria	Females	2002	85.76
42 Soria	Females	2001	86.34
42 Soria	Females	2000	84.56
42 Soria	Females	1999	85.50
42 Soria	Females	1998	83.44
42 Soria	Females	1997	85.69
42 Soria	Females	1996	84.73
42 Soria	Females	1995	83.81
42 Soria	Females	1994	84.49
42 Soria	Females	1993	82.88
42 Soria	Females	1992	84.11
42 Soria	Females	1991	83.88
42 Soria	Females	1990	83.19
42 Soria	Females	1989	82.33
42 Soria	Females	1988	81.16
42 Soria	Females	1987	82.10
42 Soria	Females	1986	81.30
42 Soria	Females	1985	81.35
42 Soria	Females	1984	82.32
42 Soria	Females	1983	81.72
42 Soria	Females	1982	80.36
42 Soria	Females	1981	79.99
42 Soria	Females	1980	78.52
42 Soria	Females	1979	79.97
42 Soria	Females	1978	78.61
42 Soria	Females	1977	78.02
42 Soria	Females	1976	78.02
42 Soria	Females	1975	77.42
43 Tarragona	Both genders	2024	83.38
43 Tarragona	Both genders	2023	83.24
43 Tarragona	Both genders	2022	82.86
43 Tarragona	Both genders	2021	82.94
43 Tarragona	Both genders	2020	82.20
43 Tarragona	Both genders	2019	83.30
43 Tarragona	Both genders	2018	82.76
43 Tarragona	Both genders	2017	83.03
43 Tarragona	Both genders	2016	82.83
43 Tarragona	Both genders	2015	82.52
43 Tarragona	Both genders	2014	82.85
43 Tarragona	Both genders	2013	82.52
43 Tarragona	Both genders	2012	82.05
43 Tarragona	Both genders	2011	82.24
43 Tarragona	Both genders	2010	82.00
43 Tarragona	Both genders	2009	81.49
43 Tarragona	Both genders	2008	81.13
43 Tarragona	Both genders	2007	80.93
43 Tarragona	Both genders	2006	80.74
43 Tarragona	Both genders	2005	80.04
43 Tarragona	Both genders	2004	80.16
43 Tarragona	Both genders	2003	79.61
43 Tarragona	Both genders	2002	79.53
43 Tarragona	Both genders	2001	79.77
43 Tarragona	Both genders	2000	79.20
43 Tarragona	Both genders	1999	78.55
43 Tarragona	Both genders	1998	79.02
43 Tarragona	Both genders	1997	78.80
43 Tarragona	Both genders	1996	78.72
43 Tarragona	Both genders	1995	78.13
43 Tarragona	Both genders	1994	78.10
43 Tarragona	Both genders	1993	77.75
43 Tarragona	Both genders	1992	77.68
43 Tarragona	Both genders	1991	77.53
43 Tarragona	Both genders	1990	76.69
43 Tarragona	Both genders	1989	77.09
43 Tarragona	Both genders	1988	77.19
43 Tarragona	Both genders	1987	77.30
43 Tarragona	Both genders	1986	77.01
43 Tarragona	Both genders	1985	76.43
43 Tarragona	Both genders	1984	76.48
43 Tarragona	Both genders	1983	75.81
43 Tarragona	Both genders	1982	76.34
43 Tarragona	Both genders	1981	75.45
43 Tarragona	Both genders	1980	75.09
43 Tarragona	Both genders	1979	75.15
43 Tarragona	Both genders	1978	73.90
43 Tarragona	Both genders	1977	73.89
43 Tarragona	Both genders	1976	73.38
43 Tarragona	Both genders	1975	72.98
43 Tarragona	Males	2024	80.88
43 Tarragona	Males	2023	80.78
43 Tarragona	Males	2022	80.22
43 Tarragona	Males	2021	80.31
43 Tarragona	Males	2020	79.34
43 Tarragona	Males	2019	80.55
43 Tarragona	Males	2018	79.94
43 Tarragona	Males	2017	80.39
43 Tarragona	Males	2016	80.33
43 Tarragona	Males	2015	79.82
43 Tarragona	Males	2014	80.28
43 Tarragona	Males	2013	79.75
43 Tarragona	Males	2012	79.54
43 Tarragona	Males	2011	79.54
43 Tarragona	Males	2010	79.05
43 Tarragona	Males	2009	78.50
43 Tarragona	Males	2008	78.33
43 Tarragona	Males	2007	77.97
43 Tarragona	Males	2006	77.83
43 Tarragona	Males	2005	77.09
43 Tarragona	Males	2004	77.01
43 Tarragona	Males	2003	76.67
43 Tarragona	Males	2002	76.44
43 Tarragona	Males	2001	76.62
43 Tarragona	Males	2000	76.25
43 Tarragona	Males	1999	75.42
43 Tarragona	Males	1998	75.89
43 Tarragona	Males	1997	75.85
43 Tarragona	Males	1996	75.52
43 Tarragona	Males	1995	74.99
43 Tarragona	Males	1994	75.22
43 Tarragona	Males	1993	74.36
43 Tarragona	Males	1992	74.38
43 Tarragona	Males	1991	74.64
43 Tarragona	Males	1990	73.39
43 Tarragona	Males	1989	74.26
43 Tarragona	Males	1988	74.46
43 Tarragona	Males	1987	74.54
43 Tarragona	Males	1986	74.32
43 Tarragona	Males	1985	73.67
43 Tarragona	Males	1984	73.87
43 Tarragona	Males	1983	73.30
43 Tarragona	Males	1982	73.53
43 Tarragona	Males	1981	73.16
43 Tarragona	Males	1980	72.51
43 Tarragona	Males	1979	72.99
43 Tarragona	Males	1978	71.44
43 Tarragona	Males	1977	71.82
43 Tarragona	Males	1976	70.90
43 Tarragona	Males	1975	70.81
43 Tarragona	Females	2024	85.90
43 Tarragona	Females	2023	85.72
43 Tarragona	Females	2022	85.56
43 Tarragona	Females	2021	85.65
43 Tarragona	Females	2020	85.26
43 Tarragona	Females	2019	86.14
43 Tarragona	Females	2018	85.70
43 Tarragona	Females	2017	85.76
43 Tarragona	Females	2016	85.40
43 Tarragona	Females	2015	85.33
43 Tarragona	Females	2014	85.48
43 Tarragona	Females	2013	85.40
43 Tarragona	Females	2012	84.64
43 Tarragona	Females	2011	85.04
43 Tarragona	Females	2010	85.10
43 Tarragona	Females	2009	84.66
43 Tarragona	Females	2008	84.07
43 Tarragona	Females	2007	84.06
43 Tarragona	Females	2006	83.83
43 Tarragona	Females	2005	83.19
43 Tarragona	Females	2004	83.53
43 Tarragona	Females	2003	82.70
43 Tarragona	Females	2002	82.80
43 Tarragona	Females	2001	83.09
43 Tarragona	Females	2000	82.28
43 Tarragona	Females	1999	81.85
43 Tarragona	Females	1998	82.30
43 Tarragona	Females	1997	81.85
43 Tarragona	Females	1996	82.04
43 Tarragona	Females	1995	81.41
43 Tarragona	Females	1994	81.05
43 Tarragona	Females	1993	81.30
43 Tarragona	Females	1992	81.12
43 Tarragona	Females	1991	80.47
43 Tarragona	Females	1990	80.15
43 Tarragona	Females	1989	79.98
43 Tarragona	Females	1988	79.96
43 Tarragona	Females	1987	80.10
43 Tarragona	Females	1986	79.74
43 Tarragona	Females	1985	79.28
43 Tarragona	Females	1984	79.13
43 Tarragona	Females	1983	78.35
43 Tarragona	Females	1982	79.23
43 Tarragona	Females	1981	77.75
43 Tarragona	Females	1980	77.72
43 Tarragona	Females	1979	77.29
43 Tarragona	Females	1978	76.40
43 Tarragona	Females	1977	75.96
43 Tarragona	Females	1976	75.90
43 Tarragona	Females	1975	75.12
44 Teruel	Both genders	2024	83.90
44 Teruel	Both genders	2023	84.17
44 Teruel	Both genders	2022	83.14
44 Teruel	Both genders	2021	83.69
44 Teruel	Both genders	2020	82.65
44 Teruel	Both genders	2019	84.20
44 Teruel	Both genders	2018	83.57
44 Teruel	Both genders	2017	83.56
44 Teruel	Both genders	2016	83.72
44 Teruel	Both genders	2015	83.01
44 Teruel	Both genders	2014	83.13
44 Teruel	Both genders	2013	83.02
44 Teruel	Both genders	2012	83.10
44 Teruel	Both genders	2011	82.54
44 Teruel	Both genders	2010	82.42
44 Teruel	Both genders	2009	82.22
44 Teruel	Both genders	2008	82.50
44 Teruel	Both genders	2007	81.68
44 Teruel	Both genders	2006	81.87
44 Teruel	Both genders	2005	81.01
44 Teruel	Both genders	2004	81.07
44 Teruel	Both genders	2003	80.68
44 Teruel	Both genders	2002	81.17
44 Teruel	Both genders	2001	80.98
44 Teruel	Both genders	2000	80.60
44 Teruel	Both genders	1999	79.70
44 Teruel	Both genders	1998	79.88
44 Teruel	Both genders	1997	79.11
44 Teruel	Both genders	1996	80.76
44 Teruel	Both genders	1995	79.44
44 Teruel	Both genders	1994	79.95
44 Teruel	Both genders	1993	79.84
44 Teruel	Both genders	1992	79.53
44 Teruel	Both genders	1991	78.92
44 Teruel	Both genders	1990	79.02
44 Teruel	Both genders	1989	78.43
44 Teruel	Both genders	1988	79.17
44 Teruel	Both genders	1987	78.66
44 Teruel	Both genders	1986	77.62
44 Teruel	Both genders	1985	78.42
44 Teruel	Both genders	1984	77.44
44 Teruel	Both genders	1983	77.13
44 Teruel	Both genders	1982	77.41
44 Teruel	Both genders	1981	77.08
44 Teruel	Both genders	1980	76.80
44 Teruel	Both genders	1979	76.44
44 Teruel	Both genders	1978	76.03
44 Teruel	Both genders	1977	75.08
44 Teruel	Both genders	1976	74.78
44 Teruel	Both genders	1975	74.41
44 Teruel	Males	2024	81.60
44 Teruel	Males	2023	81.43
44 Teruel	Males	2022	80.28
44 Teruel	Males	2021	81.21
44 Teruel	Males	2020	80.01
44 Teruel	Males	2019	82.07
44 Teruel	Males	2018	81.25
44 Teruel	Males	2017	80.95
44 Teruel	Males	2016	80.64
44 Teruel	Males	2015	80.68
44 Teruel	Males	2014	80.76
44 Teruel	Males	2013	79.87
44 Teruel	Males	2012	80.68
44 Teruel	Males	2011	79.40
44 Teruel	Males	2010	79.55
44 Teruel	Males	2009	79.35
44 Teruel	Males	2008	80.06
44 Teruel	Males	2007	78.59
44 Teruel	Males	2006	79.40
44 Teruel	Males	2005	78.26
44 Teruel	Males	2004	77.97
44 Teruel	Males	2003	78.38
44 Teruel	Males	2002	78.63
44 Teruel	Males	2001	78.70
44 Teruel	Males	2000	77.19
44 Teruel	Males	1999	77.15
44 Teruel	Males	1998	76.87
44 Teruel	Males	1997	75.87
44 Teruel	Males	1996	77.99
44 Teruel	Males	1995	76.79
44 Teruel	Males	1994	77.42
44 Teruel	Males	1993	77.08
44 Teruel	Males	1992	76.47
44 Teruel	Males	1991	76.03
44 Teruel	Males	1990	76.35
44 Teruel	Males	1989	75.37
44 Teruel	Males	1988	76.89
44 Teruel	Males	1987	75.64
44 Teruel	Males	1986	75.33
44 Teruel	Males	1985	75.95
44 Teruel	Males	1984	74.82
44 Teruel	Males	1983	75.03
44 Teruel	Males	1982	75.01
44 Teruel	Males	1981	74.22
44 Teruel	Males	1980	74.79
44 Teruel	Males	1979	74.05
44 Teruel	Males	1978	74.02
44 Teruel	Males	1977	73.00
44 Teruel	Males	1976	72.44
44 Teruel	Males	1975	72.31
44 Teruel	Females	2024	86.44
44 Teruel	Females	2023	87.17
44 Teruel	Females	2022	86.47
44 Teruel	Females	2021	86.40
44 Teruel	Females	2020	85.62
44 Teruel	Females	2019	86.49
44 Teruel	Females	2018	86.14
44 Teruel	Females	2017	86.41
44 Teruel	Females	2016	87.12
44 Teruel	Females	2015	85.63
44 Teruel	Females	2014	85.76
44 Teruel	Females	2013	86.62
44 Teruel	Females	2012	85.78
44 Teruel	Females	2011	86.13
44 Teruel	Females	2010	85.72
44 Teruel	Females	2009	85.45
44 Teruel	Females	2008	85.25
44 Teruel	Females	2007	85.13
44 Teruel	Females	2006	84.58
44 Teruel	Females	2005	84.08
44 Teruel	Females	2004	84.53
44 Teruel	Females	2003	83.21
44 Teruel	Females	2002	83.95
44 Teruel	Females	2001	83.48
44 Teruel	Females	2000	84.44
44 Teruel	Females	1999	82.51
44 Teruel	Females	1998	83.16
44 Teruel	Females	1997	82.78
44 Teruel	Females	1996	83.73
44 Teruel	Females	1995	82.30
44 Teruel	Females	1994	82.60
44 Teruel	Females	1993	82.74
44 Teruel	Females	1992	82.68
44 Teruel	Females	1991	82.06
44 Teruel	Females	1990	81.88
44 Teruel	Females	1989	81.74
44 Teruel	Females	1988	81.52
44 Teruel	Females	1987	81.90
44 Teruel	Females	1986	80.01
44 Teruel	Females	1985	81.02
44 Teruel	Females	1984	80.22
44 Teruel	Females	1983	79.31
44 Teruel	Females	1982	79.92
44 Teruel	Females	1981	80.22
44 Teruel	Females	1980	78.91
44 Teruel	Females	1979	78.95
44 Teruel	Females	1978	78.04
44 Teruel	Females	1977	77.26
44 Teruel	Females	1976	77.22
44 Teruel	Females	1975	76.63
45 Toledo	Both genders	2024	84.34
45 Toledo	Both genders	2023	84.29
45 Toledo	Both genders	2022	83.77
45 Toledo	Both genders	2021	82.96
45 Toledo	Both genders	2020	81.56
45 Toledo	Both genders	2019	83.79
45 Toledo	Both genders	2018	83.65
45 Toledo	Both genders	2017	82.81
45 Toledo	Both genders	2016	83.55
45 Toledo	Both genders	2015	83.14
45 Toledo	Both genders	2014	83.80
45 Toledo	Both genders	2013	83.46
45 Toledo	Both genders	2012	83.18
45 Toledo	Both genders	2011	83.21
45 Toledo	Both genders	2010	82.83
45 Toledo	Both genders	2009	82.44
45 Toledo	Both genders	2008	81.94
45 Toledo	Both genders	2007	81.31
45 Toledo	Both genders	2006	81.88
45 Toledo	Both genders	2005	80.82
45 Toledo	Both genders	2004	81.06
45 Toledo	Both genders	2003	80.56
45 Toledo	Both genders	2002	80.64
45 Toledo	Both genders	2001	79.98
45 Toledo	Both genders	2000	80.22
45 Toledo	Both genders	1999	79.68
45 Toledo	Both genders	1998	79.95
45 Toledo	Both genders	1997	79.82
45 Toledo	Both genders	1996	79.07
45 Toledo	Both genders	1995	78.90
45 Toledo	Both genders	1994	78.89
45 Toledo	Both genders	1993	78.48
45 Toledo	Both genders	1992	78.42
45 Toledo	Both genders	1991	78.29
45 Toledo	Both genders	1990	78.04
45 Toledo	Both genders	1989	77.59
45 Toledo	Both genders	1988	78.16
45 Toledo	Both genders	1987	77.78
45 Toledo	Both genders	1986	77.64
45 Toledo	Both genders	1985	77.14
45 Toledo	Both genders	1984	77.22
45 Toledo	Both genders	1983	77.30
45 Toledo	Both genders	1982	77.45
45 Toledo	Both genders	1981	76.49
45 Toledo	Both genders	1980	76.38
45 Toledo	Both genders	1979	75.74
45 Toledo	Both genders	1978	75.55
45 Toledo	Both genders	1977	75.48
45 Toledo	Both genders	1976	74.55
45 Toledo	Both genders	1975	74.49
45 Toledo	Males	2024	81.89
45 Toledo	Males	2023	81.95
45 Toledo	Males	2022	81.34
45 Toledo	Males	2021	80.51
45 Toledo	Males	2020	79.08
45 Toledo	Males	2019	81.25
45 Toledo	Males	2018	81.24
45 Toledo	Males	2017	80.38
45 Toledo	Males	2016	81.00
45 Toledo	Males	2015	80.68
45 Toledo	Males	2014	81.46
45 Toledo	Males	2013	80.82
45 Toledo	Males	2012	80.50
45 Toledo	Males	2011	81.01
45 Toledo	Males	2010	80.31
45 Toledo	Males	2009	79.93
45 Toledo	Males	2008	79.03
45 Toledo	Males	2007	78.61
45 Toledo	Males	2006	79.25
45 Toledo	Males	2005	77.93
45 Toledo	Males	2004	78.40
45 Toledo	Males	2003	77.66
45 Toledo	Males	2002	77.92
45 Toledo	Males	2001	77.09
45 Toledo	Males	2000	77.55
45 Toledo	Males	1999	76.63
45 Toledo	Males	1998	77.32
45 Toledo	Males	1997	76.99
45 Toledo	Males	1996	76.05
45 Toledo	Males	1995	76.04
45 Toledo	Males	1994	75.85
45 Toledo	Males	1993	75.64
45 Toledo	Males	1992	75.54
45 Toledo	Males	1991	75.13
45 Toledo	Males	1990	75.21
45 Toledo	Males	1989	74.93
45 Toledo	Males	1988	75.51
45 Toledo	Males	1987	75.06
45 Toledo	Males	1986	75.04
45 Toledo	Males	1985	74.83
45 Toledo	Males	1984	74.57
45 Toledo	Males	1983	75.06
45 Toledo	Males	1982	75.27
45 Toledo	Males	1981	74.17
45 Toledo	Males	1980	74.14
45 Toledo	Males	1979	73.79
45 Toledo	Males	1978	73.27
45 Toledo	Males	1977	73.31
45 Toledo	Males	1976	71.99
45 Toledo	Males	1975	72.27
45 Toledo	Females	2024	86.85
45 Toledo	Females	2023	86.67
45 Toledo	Females	2022	86.26
45 Toledo	Females	2021	85.53
45 Toledo	Females	2020	84.23
45 Toledo	Females	2019	86.43
45 Toledo	Females	2018	86.15
45 Toledo	Females	2017	85.34
45 Toledo	Females	2016	86.22
45 Toledo	Females	2015	85.69
45 Toledo	Females	2014	86.19
45 Toledo	Females	2013	86.23
45 Toledo	Females	2012	85.98
45 Toledo	Females	2011	85.41
45 Toledo	Females	2010	85.43
45 Toledo	Females	2009	85.02
45 Toledo	Females	2008	85.03
45 Toledo	Females	2007	84.15
45 Toledo	Females	2006	84.61
45 Toledo	Females	2005	83.86
45 Toledo	Females	2004	83.80
45 Toledo	Females	2003	83.62
45 Toledo	Females	2002	83.44
45 Toledo	Females	2001	82.99
45 Toledo	Females	2000	82.95
45 Toledo	Females	1999	82.88
45 Toledo	Females	1998	82.64
45 Toledo	Females	1997	82.72
45 Toledo	Females	1996	82.21
45 Toledo	Females	1995	81.83
45 Toledo	Females	1994	82.05
45 Toledo	Females	1993	81.37
45 Toledo	Females	1992	81.39
45 Toledo	Females	1991	81.58
45 Toledo	Females	1990	80.93
45 Toledo	Females	1989	80.31
45 Toledo	Females	1988	80.85
45 Toledo	Females	1987	80.50
45 Toledo	Females	1986	80.24
45 Toledo	Females	1985	79.43
45 Toledo	Females	1984	79.89
45 Toledo	Females	1983	79.49
45 Toledo	Females	1982	79.55
45 Toledo	Females	1981	78.75
45 Toledo	Females	1980	78.57
45 Toledo	Females	1979	77.60
45 Toledo	Females	1978	77.82
45 Toledo	Females	1977	77.57
45 Toledo	Females	1976	77.12
45 Toledo	Females	1975	76.66
46 Valencia/València	Both genders	2024	83.28
46 Valencia/València	Both genders	2023	82.97
46 Valencia/València	Both genders	2022	82.34
46 Valencia/València	Both genders	2021	82.22
46 Valencia/València	Both genders	2020	82.16
46 Valencia/València	Both genders	2019	82.88
46 Valencia/València	Both genders	2018	82.45
46 Valencia/València	Both genders	2017	82.26
46 Valencia/València	Both genders	2016	82.31
46 Valencia/València	Both genders	2015	81.96
46 Valencia/València	Both genders	2014	82.19
46 Valencia/València	Both genders	2013	82.18
46 Valencia/València	Both genders	2012	81.61
46 Valencia/València	Both genders	2011	81.42
46 Valencia/València	Both genders	2010	81.08
46 Valencia/València	Both genders	2009	80.91
46 Valencia/València	Both genders	2008	80.52
46 Valencia/València	Both genders	2007	80.13
46 Valencia/València	Both genders	2006	80.14
46 Valencia/València	Both genders	2005	79.38
46 Valencia/València	Both genders	2004	79.54
46 Valencia/València	Both genders	2003	78.81
46 Valencia/València	Both genders	2002	78.78
46 Valencia/València	Both genders	2001	78.93
46 Valencia/València	Both genders	2000	78.60
46 Valencia/València	Both genders	1999	77.91
46 Valencia/València	Both genders	1998	78.20
46 Valencia/València	Both genders	1997	77.56
46 Valencia/València	Both genders	1996	77.29
46 Valencia/València	Both genders	1995	77.36
46 Valencia/València	Both genders	1994	76.85
46 Valencia/València	Both genders	1993	76.77
46 Valencia/València	Both genders	1992	76.27
46 Valencia/València	Both genders	1991	76.18
46 Valencia/València	Both genders	1990	76.05
46 Valencia/València	Both genders	1989	75.66
46 Valencia/València	Both genders	1988	75.62
46 Valencia/València	Both genders	1987	75.73
46 Valencia/València	Both genders	1986	75.73
46 Valencia/València	Both genders	1985	75.45
46 Valencia/València	Both genders	1984	75.56
46 Valencia/València	Both genders	1983	75.07
46 Valencia/València	Both genders	1982	74.97
46 Valencia/València	Both genders	1981	74.54
46 Valencia/València	Both genders	1980	74.13
46 Valencia/València	Both genders	1979	73.80
46 Valencia/València	Both genders	1978	73.26
46 Valencia/València	Both genders	1977	73.33
46 Valencia/València	Both genders	1976	73.06
46 Valencia/València	Both genders	1975	72.79
46 Valencia/València	Males	2024	80.73
46 Valencia/València	Males	2023	80.25
46 Valencia/València	Males	2022	79.76
46 Valencia/València	Males	2021	79.37
46 Valencia/València	Males	2020	79.40
46 Valencia/València	Males	2019	80.11
46 Valencia/València	Males	2018	79.68
46 Valencia/València	Males	2017	79.53
46 Valencia/València	Males	2016	79.41
46 Valencia/València	Males	2015	79.13
46 Valencia/València	Males	2014	79.47
46 Valencia/València	Males	2013	79.44
46 Valencia/València	Males	2012	78.74
46 Valencia/València	Males	2011	78.42
46 Valencia/València	Males	2010	78.00
46 Valencia/València	Males	2009	77.85
46 Valencia/València	Males	2008	77.55
46 Valencia/València	Males	2007	76.96
46 Valencia/València	Males	2006	76.97
46 Valencia/València	Males	2005	76.19
46 Valencia/València	Males	2004	76.26
46 Valencia/València	Males	2003	75.45
46 Valencia/València	Males	2002	75.29
46 Valencia/València	Males	2001	75.69
46 Valencia/València	Males	2000	75.24
46 Valencia/València	Males	1999	74.51
46 Valencia/València	Males	1998	74.77
46 Valencia/València	Males	1997	74.00
46 Valencia/València	Males	1996	73.66
46 Valencia/València	Males	1995	73.94
46 Valencia/València	Males	1994	73.20
46 Valencia/València	Males	1993	73.40
46 Valencia/València	Males	1992	72.68
46 Valencia/València	Males	1991	72.68
46 Valencia/València	Males	1990	72.62
46 Valencia/València	Males	1989	72.38
46 Valencia/València	Males	1988	72.40
46 Valencia/València	Males	1987	72.67
46 Valencia/València	Males	1986	72.76
46 Valencia/València	Males	1985	72.23
46 Valencia/València	Males	1984	72.57
46 Valencia/València	Males	1983	72.22
46 Valencia/València	Males	1982	72.13
46 Valencia/València	Males	1981	71.78
46 Valencia/València	Males	1980	71.11
46 Valencia/València	Males	1979	70.94
46 Valencia/València	Males	1978	70.37
46 Valencia/València	Males	1977	70.59
46 Valencia/València	Males	1976	70.17
46 Valencia/València	Males	1975	70.12
46 Valencia/València	Females	2024	85.68
46 Valencia/València	Females	2023	85.58
46 Valencia/València	Females	2022	84.81
46 Valencia/València	Females	2021	85.02
46 Valencia/València	Females	2020	84.86
46 Valencia/València	Females	2019	85.54
46 Valencia/València	Females	2018	85.13
46 Valencia/València	Females	2017	84.91
46 Valencia/València	Females	2016	85.12
46 Valencia/València	Females	2015	84.69
46 Valencia/València	Females	2014	84.80
46 Valencia/València	Females	2013	84.79
46 Valencia/València	Females	2012	84.38
46 Valencia/València	Females	2011	84.35
46 Valencia/València	Females	2010	84.09
46 Valencia/València	Females	2009	83.89
46 Valencia/València	Females	2008	83.42
46 Valencia/València	Females	2007	83.26
46 Valencia/València	Females	2006	83.24
46 Valencia/València	Females	2005	82.53
46 Valencia/València	Females	2004	82.77
46 Valencia/València	Females	2003	82.17
46 Valencia/València	Females	2002	82.27
46 Valencia/València	Females	2001	82.11
46 Valencia/València	Females	2000	81.93
46 Valencia/València	Females	1999	81.30
46 Valencia/València	Females	1998	81.59
46 Valencia/València	Females	1997	81.12
46 Valencia/València	Females	1996	80.94
46 Valencia/València	Females	1995	80.75
46 Valencia/València	Females	1994	80.51
46 Valencia/València	Females	1993	80.09
46 Valencia/València	Females	1992	79.87
46 Valencia/València	Females	1991	79.64
46 Valencia/València	Females	1990	79.45
46 Valencia/València	Females	1989	78.92
46 Valencia/València	Females	1988	78.81
46 Valencia/València	Females	1987	78.72
46 Valencia/València	Females	1986	78.61
46 Valencia/València	Females	1985	78.63
46 Valencia/València	Females	1984	78.45
46 Valencia/València	Females	1983	77.81
46 Valencia/València	Females	1982	77.70
46 Valencia/València	Females	1981	77.20
46 Valencia/València	Females	1980	77.07
46 Valencia/València	Females	1979	76.56
46 Valencia/València	Females	1978	76.08
46 Valencia/València	Females	1977	75.98
46 Valencia/València	Females	1976	75.90
46 Valencia/València	Females	1975	75.37
47 Valladolid	Both genders	2024	85.02
47 Valladolid	Both genders	2023	84.72
47 Valladolid	Both genders	2022	84.09
47 Valladolid	Both genders	2021	83.96
47 Valladolid	Both genders	2020	82.92
47 Valladolid	Both genders	2019	84.62
47 Valladolid	Both genders	2018	84.28
47 Valladolid	Both genders	2017	83.96
47 Valladolid	Both genders	2016	84.18
47 Valladolid	Both genders	2015	83.23
47 Valladolid	Both genders	2014	83.86
47 Valladolid	Both genders	2013	83.69
47 Valladolid	Both genders	2012	83.16
47 Valladolid	Both genders	2011	83.04
47 Valladolid	Both genders	2010	82.47
47 Valladolid	Both genders	2009	82.66
47 Valladolid	Both genders	2008	81.88
47 Valladolid	Both genders	2007	81.93
47 Valladolid	Both genders	2006	81.61
47 Valladolid	Both genders	2005	80.94
47 Valladolid	Both genders	2004	80.92
47 Valladolid	Both genders	2003	80.78
47 Valladolid	Both genders	2002	80.61
47 Valladolid	Both genders	2001	80.69
47 Valladolid	Both genders	2000	80.30
47 Valladolid	Both genders	1999	80.14
47 Valladolid	Both genders	1998	79.71
47 Valladolid	Both genders	1997	79.84
47 Valladolid	Both genders	1996	79.37
47 Valladolid	Both genders	1995	79.23
47 Valladolid	Both genders	1994	79.47
47 Valladolid	Both genders	1993	78.99
47 Valladolid	Both genders	1992	78.80
47 Valladolid	Both genders	1991	78.42
47 Valladolid	Both genders	1990	78.42
47 Valladolid	Both genders	1989	78.12
47 Valladolid	Both genders	1988	78.08
47 Valladolid	Both genders	1987	78.20
47 Valladolid	Both genders	1986	78.64
47 Valladolid	Both genders	1985	78.36
47 Valladolid	Both genders	1984	78.13
47 Valladolid	Both genders	1983	77.94
47 Valladolid	Both genders	1982	78.21
47 Valladolid	Both genders	1981	77.56
47 Valladolid	Both genders	1980	76.57
47 Valladolid	Both genders	1979	76.32
47 Valladolid	Both genders	1978	75.29
47 Valladolid	Both genders	1977	74.68
47 Valladolid	Both genders	1976	73.98
47 Valladolid	Both genders	1975	74.11
47 Valladolid	Males	2024	82.48
47 Valladolid	Males	2023	82.33
47 Valladolid	Males	2022	81.48
47 Valladolid	Males	2021	81.06
47 Valladolid	Males	2020	80.18
47 Valladolid	Males	2019	82.17
47 Valladolid	Males	2018	81.93
47 Valladolid	Males	2017	81.32
47 Valladolid	Males	2016	81.43
47 Valladolid	Males	2015	80.38
47 Valladolid	Males	2014	81.23
47 Valladolid	Males	2013	81.05
47 Valladolid	Males	2012	80.20
47 Valladolid	Males	2011	79.93
47 Valladolid	Males	2010	79.45
47 Valladolid	Males	2009	80.06
47 Valladolid	Males	2008	78.85
47 Valladolid	Males	2007	78.92
47 Valladolid	Males	2006	78.64
47 Valladolid	Males	2005	77.81
47 Valladolid	Males	2004	77.68
47 Valladolid	Males	2003	77.81
47 Valladolid	Males	2002	77.17
47 Valladolid	Males	2001	77.34
47 Valladolid	Males	2000	76.79
47 Valladolid	Males	1999	76.59
47 Valladolid	Males	1998	76.29
47 Valladolid	Males	1997	76.36
47 Valladolid	Males	1996	75.93
47 Valladolid	Males	1995	75.68
47 Valladolid	Males	1994	76.22
47 Valladolid	Males	1993	75.77
47 Valladolid	Males	1992	75.53
47 Valladolid	Males	1991	75.39
47 Valladolid	Males	1990	75.50
47 Valladolid	Males	1989	74.66
47 Valladolid	Males	1988	74.92
47 Valladolid	Males	1987	75.17
47 Valladolid	Males	1986	75.81
47 Valladolid	Males	1985	75.24
47 Valladolid	Males	1984	75.02
47 Valladolid	Males	1983	75.06
47 Valladolid	Males	1982	75.54
47 Valladolid	Males	1981	74.68
47 Valladolid	Males	1980	73.51
47 Valladolid	Males	1979	73.23
47 Valladolid	Males	1978	72.30
47 Valladolid	Males	1977	71.53
47 Valladolid	Males	1976	70.54
47 Valladolid	Males	1975	71.22
47 Valladolid	Females	2024	87.45
47 Valladolid	Females	2023	86.96
47 Valladolid	Females	2022	86.63
47 Valladolid	Females	2021	86.85
47 Valladolid	Females	2020	85.67
47 Valladolid	Females	2019	86.95
47 Valladolid	Females	2018	86.49
47 Valladolid	Females	2017	86.51
47 Valladolid	Females	2016	86.85
47 Valladolid	Females	2015	86.02
47 Valladolid	Females	2014	86.36
47 Valladolid	Females	2013	86.21
47 Valladolid	Females	2012	86.02
47 Valladolid	Females	2011	86.08
47 Valladolid	Females	2010	85.45
47 Valladolid	Females	2009	85.17
47 Valladolid	Females	2008	84.84
47 Valladolid	Females	2007	84.88
47 Valladolid	Females	2006	84.50
47 Valladolid	Females	2005	84.05
47 Valladolid	Females	2004	84.14
47 Valladolid	Females	2003	83.68
47 Valladolid	Females	2002	84.08
47 Valladolid	Females	2001	84.01
47 Valladolid	Females	2000	83.82
47 Valladolid	Females	1999	83.74
47 Valladolid	Females	1998	83.15
47 Valladolid	Females	1997	83.35
47 Valladolid	Females	1996	82.81
47 Valladolid	Females	1995	82.77
47 Valladolid	Females	1994	82.68
47 Valladolid	Females	1993	82.18
47 Valladolid	Females	1992	82.04
47 Valladolid	Females	1991	81.37
47 Valladolid	Females	1990	81.24
47 Valladolid	Females	1989	81.51
47 Valladolid	Females	1988	81.14
47 Valladolid	Females	1987	81.07
47 Valladolid	Females	1986	81.25
47 Valladolid	Females	1985	81.37
47 Valladolid	Females	1984	81.10
47 Valladolid	Females	1983	80.65
47 Valladolid	Females	1982	80.63
47 Valladolid	Females	1981	80.21
47 Valladolid	Females	1980	79.45
47 Valladolid	Females	1979	79.25
47 Valladolid	Females	1978	78.14
47 Valladolid	Females	1977	77.74
47 Valladolid	Females	1976	77.41
47 Valladolid	Females	1975	76.90
49 Zamora	Both genders	2024	84.50
49 Zamora	Both genders	2023	85.15
49 Zamora	Both genders	2022	83.62
49 Zamora	Both genders	2021	84.15
49 Zamora	Both genders	2020	82.90
49 Zamora	Both genders	2019	83.42
49 Zamora	Both genders	2018	83.15
49 Zamora	Both genders	2017	83.06
49 Zamora	Both genders	2016	83.23
49 Zamora	Both genders	2015	83.61
49 Zamora	Both genders	2014	83.41
49 Zamora	Both genders	2013	83.27
49 Zamora	Both genders	2012	83.22
49 Zamora	Both genders	2011	83.38
49 Zamora	Both genders	2010	83.45
49 Zamora	Both genders	2009	82.97
49 Zamora	Both genders	2008	82.54
49 Zamora	Both genders	2007	82.49
49 Zamora	Both genders	2006	82.06
49 Zamora	Both genders	2005	81.67
49 Zamora	Both genders	2004	82.19
49 Zamora	Both genders	2003	80.44
49 Zamora	Both genders	2002	80.65
49 Zamora	Both genders	2001	81.50
49 Zamora	Both genders	2000	81.58
49 Zamora	Both genders	1999	79.93
49 Zamora	Both genders	1998	80.44
49 Zamora	Both genders	1997	80.72
49 Zamora	Both genders	1996	80.40
49 Zamora	Both genders	1995	79.27
49 Zamora	Both genders	1994	79.23
49 Zamora	Both genders	1993	79.52
49 Zamora	Both genders	1992	78.25
49 Zamora	Both genders	1991	78.22
49 Zamora	Both genders	1990	77.99
49 Zamora	Both genders	1989	78.34
49 Zamora	Both genders	1988	78.21
49 Zamora	Both genders	1987	77.94
49 Zamora	Both genders	1986	77.14
49 Zamora	Both genders	1985	77.05
49 Zamora	Both genders	1984	76.39
49 Zamora	Both genders	1983	76.34
49 Zamora	Both genders	1982	76.44
49 Zamora	Both genders	1981	76.07
49 Zamora	Both genders	1980	76.54
49 Zamora	Both genders	1979	75.55
49 Zamora	Both genders	1978	74.54
49 Zamora	Both genders	1977	74.14
49 Zamora	Both genders	1976	74.53
49 Zamora	Both genders	1975	73.81
49 Zamora	Males	2024	81.94
49 Zamora	Males	2023	82.51
49 Zamora	Males	2022	80.93
49 Zamora	Males	2021	81.41
49 Zamora	Males	2020	80.27
49 Zamora	Males	2019	80.72
49 Zamora	Males	2018	80.27
49 Zamora	Males	2017	80.46
49 Zamora	Males	2016	80.45
49 Zamora	Males	2015	80.66
49 Zamora	Males	2014	80.92
49 Zamora	Males	2013	80.44
49 Zamora	Males	2012	80.71
49 Zamora	Males	2011	80.43
49 Zamora	Males	2010	80.40
49 Zamora	Males	2009	80.15
49 Zamora	Males	2008	79.64
49 Zamora	Males	2007	79.75
49 Zamora	Males	2006	79.35
49 Zamora	Males	2005	78.36
49 Zamora	Males	2004	79.55
49 Zamora	Males	2003	77.37
49 Zamora	Males	2002	78.04
49 Zamora	Males	2001	78.75
49 Zamora	Males	2000	78.65
49 Zamora	Males	1999	76.55
49 Zamora	Males	1998	77.12
49 Zamora	Males	1997	77.93
49 Zamora	Males	1996	77.61
49 Zamora	Males	1995	75.67
49 Zamora	Males	1994	76.52
49 Zamora	Males	1993	76.51
49 Zamora	Males	1992	75.32
49 Zamora	Males	1991	75.11
49 Zamora	Males	1990	74.98
49 Zamora	Males	1989	76.23
49 Zamora	Males	1988	74.99
49 Zamora	Males	1987	75.10
49 Zamora	Males	1986	74.47
49 Zamora	Males	1985	74.15
49 Zamora	Males	1984	73.92
49 Zamora	Males	1983	73.49
49 Zamora	Males	1982	74.20
49 Zamora	Males	1981	73.93
49 Zamora	Males	1980	74.23
49 Zamora	Males	1979	73.18
49 Zamora	Males	1978	72.54
49 Zamora	Males	1977	71.48
49 Zamora	Males	1976	71.83
49 Zamora	Males	1975	71.35
49 Zamora	Females	2024	87.19
49 Zamora	Females	2023	87.96
49 Zamora	Females	2022	86.53
49 Zamora	Females	2021	87.10
49 Zamora	Females	2020	85.78
49 Zamora	Females	2019	86.32
49 Zamora	Females	2018	86.28
49 Zamora	Females	2017	85.84
49 Zamora	Females	2016	86.19
49 Zamora	Females	2015	86.78
49 Zamora	Females	2014	86.01
49 Zamora	Females	2013	86.31
49 Zamora	Females	2012	85.82
49 Zamora	Females	2011	86.49
49 Zamora	Females	2010	86.71
49 Zamora	Females	2009	85.95
49 Zamora	Females	2008	85.57
49 Zamora	Females	2007	85.32
49 Zamora	Females	2006	84.86
49 Zamora	Females	2005	85.23
49 Zamora	Females	2004	84.89
49 Zamora	Females	2003	83.66
49 Zamora	Females	2002	83.32
49 Zamora	Females	2001	84.24
49 Zamora	Females	2000	84.58
49 Zamora	Females	1999	83.48
49 Zamora	Females	1998	83.90
49 Zamora	Females	1997	83.52
49 Zamora	Females	1996	83.29
49 Zamora	Females	1995	83.05
49 Zamora	Females	1994	81.93
49 Zamora	Females	1993	82.60
49 Zamora	Females	1992	81.23
49 Zamora	Females	1991	81.38
49 Zamora	Females	1990	81.08
49 Zamora	Females	1989	80.35
49 Zamora	Females	1988	81.48
49 Zamora	Females	1987	80.80
49 Zamora	Females	1986	79.77
49 Zamora	Females	1985	80.03
49 Zamora	Females	1984	78.85
49 Zamora	Females	1983	79.17
49 Zamora	Females	1982	78.58
49 Zamora	Females	1981	78.14
49 Zamora	Females	1980	78.76
49 Zamora	Females	1979	77.88
49 Zamora	Females	1978	76.49
49 Zamora	Females	1977	76.76
49 Zamora	Females	1976	77.22
49 Zamora	Females	1975	76.23
50 Zaragoza	Both genders	2024	84.33
50 Zaragoza	Both genders	2023	83.97
50 Zaragoza	Both genders	2022	83.07
50 Zaragoza	Both genders	2021	83.08
50 Zaragoza	Both genders	2020	82.22
50 Zaragoza	Both genders	2019	83.78
50 Zaragoza	Both genders	2018	83.43
50 Zaragoza	Both genders	2017	83.16
50 Zaragoza	Both genders	2016	83.35
50 Zaragoza	Both genders	2015	82.69
50 Zaragoza	Both genders	2014	82.71
50 Zaragoza	Both genders	2013	82.98
50 Zaragoza	Both genders	2012	82.55
50 Zaragoza	Both genders	2011	82.18
50 Zaragoza	Both genders	2010	82.13
50 Zaragoza	Both genders	2009	81.86
50 Zaragoza	Both genders	2008	81.55
50 Zaragoza	Both genders	2007	81.08
50 Zaragoza	Both genders	2006	81.27
50 Zaragoza	Both genders	2005	80.39
50 Zaragoza	Both genders	2004	80.16
50 Zaragoza	Both genders	2003	79.94
50 Zaragoza	Both genders	2002	80.22
50 Zaragoza	Both genders	2001	80.04
50 Zaragoza	Both genders	2000	79.68
50 Zaragoza	Both genders	1999	79.01
50 Zaragoza	Both genders	1998	79.37
50 Zaragoza	Both genders	1997	79.04
50 Zaragoza	Both genders	1996	78.85
50 Zaragoza	Both genders	1995	78.60
50 Zaragoza	Both genders	1994	78.69
50 Zaragoza	Both genders	1993	78.13
50 Zaragoza	Both genders	1992	78.44
50 Zaragoza	Both genders	1991	77.75
50 Zaragoza	Both genders	1990	77.22
50 Zaragoza	Both genders	1989	77.06
50 Zaragoza	Both genders	1988	77.39
50 Zaragoza	Both genders	1987	77.22
50 Zaragoza	Both genders	1986	77.16
50 Zaragoza	Both genders	1985	76.48
50 Zaragoza	Both genders	1984	76.66
50 Zaragoza	Both genders	1983	76.83
50 Zaragoza	Both genders	1982	76.59
50 Zaragoza	Both genders	1981	76.12
50 Zaragoza	Both genders	1980	75.94
50 Zaragoza	Both genders	1979	75.37
50 Zaragoza	Both genders	1978	75.04
50 Zaragoza	Both genders	1977	74.99
50 Zaragoza	Both genders	1976	74.49
50 Zaragoza	Both genders	1975	73.91
50 Zaragoza	Males	2024	81.69
50 Zaragoza	Males	2023	81.09
50 Zaragoza	Males	2022	80.22
50 Zaragoza	Males	2021	80.29
50 Zaragoza	Males	2020	79.59
50 Zaragoza	Males	2019	81.09
50 Zaragoza	Males	2018	80.58
50 Zaragoza	Males	2017	80.30
50 Zaragoza	Males	2016	80.35
50 Zaragoza	Males	2015	79.78
50 Zaragoza	Males	2014	79.73
50 Zaragoza	Males	2013	80.03
50 Zaragoza	Males	2012	79.61
50 Zaragoza	Males	2011	79.24
50 Zaragoza	Males	2010	79.11
50 Zaragoza	Males	2009	78.79
50 Zaragoza	Males	2008	78.67
50 Zaragoza	Males	2007	77.84
50 Zaragoza	Males	2006	78.18
50 Zaragoza	Males	2005	77.26
50 Zaragoza	Males	2004	76.62
50 Zaragoza	Males	2003	76.84
50 Zaragoza	Males	2002	76.96
50 Zaragoza	Males	2001	76.78
50 Zaragoza	Males	2000	76.20
50 Zaragoza	Males	1999	75.53
50 Zaragoza	Males	1998	76.11
50 Zaragoza	Males	1997	75.51
50 Zaragoza	Males	1996	75.33
50 Zaragoza	Males	1995	75.20
50 Zaragoza	Males	1994	75.49
50 Zaragoza	Males	1993	74.43
50 Zaragoza	Males	1992	75.12
50 Zaragoza	Males	1991	74.69
50 Zaragoza	Males	1990	73.95
50 Zaragoza	Males	1989	73.62
50 Zaragoza	Males	1988	74.44
50 Zaragoza	Males	1987	74.30
50 Zaragoza	Males	1986	74.43
50 Zaragoza	Males	1985	73.51
50 Zaragoza	Males	1984	73.55
50 Zaragoza	Males	1983	74.12
50 Zaragoza	Males	1982	73.86
50 Zaragoza	Males	1981	73.23
50 Zaragoza	Males	1980	73.00
50 Zaragoza	Males	1979	72.56
50 Zaragoza	Males	1978	72.09
50 Zaragoza	Males	1977	72.53
50 Zaragoza	Males	1976	71.93
50 Zaragoza	Males	1975	70.71
50 Zaragoza	Females	2024	86.84
50 Zaragoza	Females	2023	86.76
50 Zaragoza	Females	2022	85.86
50 Zaragoza	Females	2021	85.81
50 Zaragoza	Females	2020	84.81
50 Zaragoza	Females	2019	86.34
50 Zaragoza	Females	2018	86.19
50 Zaragoza	Females	2017	85.95
50 Zaragoza	Females	2016	86.28
50 Zaragoza	Females	2015	85.57
50 Zaragoza	Females	2014	85.64
50 Zaragoza	Females	2013	85.84
50 Zaragoza	Females	2012	85.43
50 Zaragoza	Females	2011	85.07
50 Zaragoza	Females	2010	85.09
50 Zaragoza	Females	2009	84.90
50 Zaragoza	Females	2008	84.37
50 Zaragoza	Females	2007	84.35
50 Zaragoza	Females	2006	84.33
50 Zaragoza	Females	2005	83.50
50 Zaragoza	Females	2004	83.77
50 Zaragoza	Females	2003	83.04
50 Zaragoza	Females	2002	83.47
50 Zaragoza	Females	2001	83.29
50 Zaragoza	Females	2000	83.19
50 Zaragoza	Females	1999	82.57
50 Zaragoza	Females	1998	82.62
50 Zaragoza	Females	1997	82.61
50 Zaragoza	Females	1996	82.41
50 Zaragoza	Females	1995	82.02
50 Zaragoza	Females	1994	81.86
50 Zaragoza	Females	1993	81.89
50 Zaragoza	Females	1992	81.75
50 Zaragoza	Females	1991	80.77
50 Zaragoza	Females	1990	80.50
50 Zaragoza	Females	1989	80.54
50 Zaragoza	Females	1988	80.29
50 Zaragoza	Females	1987	80.07
50 Zaragoza	Females	1986	79.82
50 Zaragoza	Females	1985	79.41
50 Zaragoza	Females	1984	79.72
50 Zaragoza	Females	1983	79.44
50 Zaragoza	Females	1982	79.23
50 Zaragoza	Females	1981	78.95
50 Zaragoza	Females	1980	78.81
50 Zaragoza	Females	1979	78.11
50 Zaragoza	Females	1978	77.96
50 Zaragoza	Females	1977	77.36
50 Zaragoza	Females	1976	76.96
50 Zaragoza	Females	1975	77.16
51 Ceuta	Both genders	2024	81.60
51 Ceuta	Both genders	2023	81.11
51 Ceuta	Both genders	2022	79.71
51 Ceuta	Both genders	2021	78.30
51 Ceuta	Both genders	2020	79.14
51 Ceuta	Both genders	2019	80.42
51 Ceuta	Both genders	2018	80.39
51 Ceuta	Both genders	2017	79.19
51 Ceuta	Both genders	2016	80.63
51 Ceuta	Both genders	2015	80.18
51 Ceuta	Both genders	2014	79.82
51 Ceuta	Both genders	2013	79.35
51 Ceuta	Both genders	2012	80.17
51 Ceuta	Both genders	2011	79.43
51 Ceuta	Both genders	2010	78.52
51 Ceuta	Both genders	2009	78.09
51 Ceuta	Both genders	2008	78.76
51 Ceuta	Both genders	2007	77.92
51 Ceuta	Both genders	2006	78.16
51 Ceuta	Both genders	2005	77.95
51 Ceuta	Both genders	2004	77.89
51 Ceuta	Both genders	2003	77.58
51 Ceuta	Both genders	2002	76.77
51 Ceuta	Both genders	2001	77.95
51 Ceuta	Both genders	2000	78.08
51 Ceuta	Both genders	1999	76.21
51 Ceuta	Both genders	1998	75.76
51 Ceuta	Both genders	1997	76.04
51 Ceuta	Both genders	1996	74.97
51 Ceuta	Both genders	1995	75.88
51 Ceuta	Both genders	1994	75.98
51 Ceuta	Both genders	1993	75.74
51 Ceuta	Both genders	1992	75.97
51 Ceuta	Both genders	1991	74.80
51 Ceuta	Both genders	1990	73.23
51 Ceuta	Both genders	1989	74.50
51 Ceuta	Both genders	1988	74.43
51 Ceuta	Both genders	1987	74.41
51 Ceuta	Both genders	1986	73.51
51 Ceuta	Both genders	1985	72.30
51 Ceuta	Both genders	1984	73.59
51 Ceuta	Both genders	1983	73.17
51 Ceuta	Both genders	1982	72.35
51 Ceuta	Both genders	1981	72.85
51 Ceuta	Both genders	1980	71.43
51 Ceuta	Both genders	1979	70.95
51 Ceuta	Both genders	1978	69.91
51 Ceuta	Both genders	1977	71.60
51 Ceuta	Both genders	1976	70.59
51 Ceuta	Both genders	1975	70.35
51 Ceuta	Males	2024	79.63
51 Ceuta	Males	2023	78.78
51 Ceuta	Males	2022	77.95
51 Ceuta	Males	2021	75.74
51 Ceuta	Males	2020	77.27
51 Ceuta	Males	2019	78.36
51 Ceuta	Males	2018	78.46
51 Ceuta	Males	2017	76.51
51 Ceuta	Males	2016	77.72
51 Ceuta	Males	2015	77.02
51 Ceuta	Males	2014	76.62
51 Ceuta	Males	2013	77.47
51 Ceuta	Males	2012	78.63
51 Ceuta	Males	2011	76.67
51 Ceuta	Males	2010	75.81
51 Ceuta	Males	2009	75.58
51 Ceuta	Males	2008	76.50
51 Ceuta	Males	2007	75.18
51 Ceuta	Males	2006	75.13
51 Ceuta	Males	2005	75.44
51 Ceuta	Males	2004	74.61
51 Ceuta	Males	2003	74.63
51 Ceuta	Males	2002	73.25
51 Ceuta	Males	2001	75.30
51 Ceuta	Males	2000	75.12
51 Ceuta	Males	1999	72.13
51 Ceuta	Males	1998	73.34
51 Ceuta	Males	1997	72.33
51 Ceuta	Males	1996	72.10
51 Ceuta	Males	1995	72.35
51 Ceuta	Males	1994	73.12
51 Ceuta	Males	1993	72.09
51 Ceuta	Males	1992	72.25
51 Ceuta	Males	1991	71.25
51 Ceuta	Males	1990	69.46
51 Ceuta	Males	1989	71.07
51 Ceuta	Males	1988	70.60
51 Ceuta	Males	1987	70.27
51 Ceuta	Males	1986	68.85
51 Ceuta	Males	1985	70.27
51 Ceuta	Males	1984	69.32
51 Ceuta	Males	1983	70.73
51 Ceuta	Males	1982	69.03
51 Ceuta	Males	1981	69.04
51 Ceuta	Males	1980	67.47
51 Ceuta	Males	1979	67.79
51 Ceuta	Males	1978	65.73
51 Ceuta	Males	1977	67.99
51 Ceuta	Males	1976	67.61
51 Ceuta	Males	1975	66.35
51 Ceuta	Females	2024	83.51
51 Ceuta	Females	2023	83.43
51 Ceuta	Females	2022	81.45
51 Ceuta	Females	2021	81.12
51 Ceuta	Females	2020	81.15
51 Ceuta	Females	2019	82.57
51 Ceuta	Females	2018	82.27
51 Ceuta	Females	2017	82.02
51 Ceuta	Females	2016	83.73
51 Ceuta	Females	2015	83.54
51 Ceuta	Females	2014	83.32
51 Ceuta	Females	2013	81.26
51 Ceuta	Females	2012	81.83
51 Ceuta	Females	2011	82.31
51 Ceuta	Females	2010	81.44
51 Ceuta	Females	2009	80.68
51 Ceuta	Females	2008	81.07
51 Ceuta	Females	2007	80.61
51 Ceuta	Females	2006	81.23
51 Ceuta	Females	2005	80.43
51 Ceuta	Females	2004	81.25
51 Ceuta	Females	2003	80.60
51 Ceuta	Females	2002	80.38
51 Ceuta	Females	2001	80.54
51 Ceuta	Females	2000	81.06
51 Ceuta	Females	1999	80.52
51 Ceuta	Females	1998	78.10
51 Ceuta	Females	1997	79.89
51 Ceuta	Females	1996	77.84
51 Ceuta	Females	1995	79.34
51 Ceuta	Females	1994	78.87
51 Ceuta	Females	1993	79.31
51 Ceuta	Females	1992	79.68
51 Ceuta	Females	1991	78.39
51 Ceuta	Females	1990	77.16
51 Ceuta	Females	1989	77.83
51 Ceuta	Females	1988	78.25
51 Ceuta	Females	1987	78.77
51 Ceuta	Females	1986	78.29
51 Ceuta	Females	1985	74.12
51 Ceuta	Females	1984	78.03
51 Ceuta	Females	1983	75.38
51 Ceuta	Females	1982	75.51
51 Ceuta	Females	1981	76.55
51 Ceuta	Females	1980	75.57
51 Ceuta	Females	1979	73.98
51 Ceuta	Females	1978	74.14
51 Ceuta	Females	1977	75.17
51 Ceuta	Females	1976	73.28
51 Ceuta	Females	1975	74.18
52 Melilla	Both genders	2024	82.66
52 Melilla	Both genders	2023	81.61
52 Melilla	Both genders	2022	81.55
52 Melilla	Both genders	2021	79.72
52 Melilla	Both genders	2020	78.82
52 Melilla	Both genders	2019	80.67
52 Melilla	Both genders	2018	80.18
52 Melilla	Both genders	2017	80.21
52 Melilla	Both genders	2016	80.43
52 Melilla	Both genders	2015	79.88
52 Melilla	Both genders	2014	80.03
52 Melilla	Both genders	2013	80.33
52 Melilla	Both genders	2012	80.29
52 Melilla	Both genders	2011	79.93
52 Melilla	Both genders	2010	81.13
52 Melilla	Both genders	2009	80.56
52 Melilla	Both genders	2008	78.41
52 Melilla	Both genders	2007	78.78
52 Melilla	Both genders	2006	78.21
52 Melilla	Both genders	2005	78.53
52 Melilla	Both genders	2004	77.66
52 Melilla	Both genders	2003	77.18
52 Melilla	Both genders	2002	77.31
52 Melilla	Both genders	2001	77.40
52 Melilla	Both genders	2000	76.87
52 Melilla	Both genders	1999	77.14
52 Melilla	Both genders	1998	75.27
52 Melilla	Both genders	1997	76.16
52 Melilla	Both genders	1996	77.22
52 Melilla	Both genders	1995	76.25
52 Melilla	Both genders	1994	75.20
52 Melilla	Both genders	1993	76.24
52 Melilla	Both genders	1992	78.14
52 Melilla	Both genders	1991	76.12
52 Melilla	Both genders	1990	74.57
52 Melilla	Both genders	1989	74.94
52 Melilla	Both genders	1988	73.68
52 Melilla	Both genders	1987	75.54
52 Melilla	Both genders	1986	74.62
52 Melilla	Both genders	1985	74.69
52 Melilla	Both genders	1984	74.53
52 Melilla	Both genders	1983	74.71
52 Melilla	Both genders	1982	74.55
52 Melilla	Both genders	1981	74.54
52 Melilla	Both genders	1980	73.90
52 Melilla	Both genders	1979	72.63
52 Melilla	Both genders	1978	71.93
52 Melilla	Both genders	1977	73.33
52 Melilla	Both genders	1976	73.08
52 Melilla	Both genders	1975	73.38
52 Melilla	Males	2024	80.07
52 Melilla	Males	2023	79.73
52 Melilla	Males	2022	79.22
52 Melilla	Males	2021	77.31
52 Melilla	Males	2020	77.10
52 Melilla	Males	2019	78.17
52 Melilla	Males	2018	78.21
52 Melilla	Males	2017	77.75
52 Melilla	Males	2016	78.70
52 Melilla	Males	2015	78.13
52 Melilla	Males	2014	77.67
52 Melilla	Males	2013	78.24
52 Melilla	Males	2012	78.11
52 Melilla	Males	2011	77.01
52 Melilla	Males	2010	78.47
52 Melilla	Males	2009	78.15
52 Melilla	Males	2008	75.20
52 Melilla	Males	2007	76.54
52 Melilla	Males	2006	75.49
52 Melilla	Males	2005	76.12
52 Melilla	Males	2004	75.05
52 Melilla	Males	2003	74.41
52 Melilla	Males	2002	73.96
52 Melilla	Males	2001	73.82
52 Melilla	Males	2000	73.45
52 Melilla	Males	1999	72.76
52 Melilla	Males	1998	72.43
52 Melilla	Males	1997	72.69
52 Melilla	Males	1996	73.39
52 Melilla	Males	1995	73.54
52 Melilla	Males	1994	72.34
52 Melilla	Males	1993	72.07
52 Melilla	Males	1992	74.50
52 Melilla	Males	1991	73.80
52 Melilla	Males	1990	71.58
52 Melilla	Males	1989	70.84
52 Melilla	Males	1988	69.51
52 Melilla	Males	1987	70.79
52 Melilla	Males	1986	71.63
52 Melilla	Males	1985	70.30
52 Melilla	Males	1984	70.85
52 Melilla	Males	1983	71.78
52 Melilla	Males	1982	70.63
52 Melilla	Males	1981	71.10
52 Melilla	Males	1980	69.81
52 Melilla	Males	1979	69.48
52 Melilla	Males	1978	68.75
52 Melilla	Males	1977	70.28
52 Melilla	Males	1976	68.51
52 Melilla	Males	1975	69.42
52 Melilla	Females	2024	85.20
52 Melilla	Females	2023	83.45
52 Melilla	Females	2022	83.84
52 Melilla	Females	2021	82.27
52 Melilla	Females	2020	80.46
52 Melilla	Females	2019	83.14
52 Melilla	Females	2018	82.08
52 Melilla	Females	2017	82.72
52 Melilla	Females	2016	82.09
52 Melilla	Females	2015	81.47
52 Melilla	Females	2014	82.41
52 Melilla	Females	2013	82.13
52 Melilla	Females	2012	82.59
52 Melilla	Females	2011	83.07
52 Melilla	Females	2010	83.67
52 Melilla	Females	2009	82.90
52 Melilla	Females	2008	81.79
52 Melilla	Females	2007	80.90
52 Melilla	Females	2006	80.87
52 Melilla	Females	2005	80.80
52 Melilla	Females	2004	80.17
52 Melilla	Females	2003	79.75
52 Melilla	Females	2002	80.55
52 Melilla	Females	2001	80.97
52 Melilla	Females	2000	80.26
52 Melilla	Females	1999	81.63
52 Melilla	Females	1998	78.07
52 Melilla	Females	1997	79.50
52 Melilla	Females	1996	80.97
52 Melilla	Females	1995	78.93
52 Melilla	Females	1994	77.85
52 Melilla	Females	1993	80.35
52 Melilla	Females	1992	81.32
52 Melilla	Females	1991	78.42
52 Melilla	Females	1990	77.32
52 Melilla	Females	1989	79.00
52 Melilla	Females	1988	78.03
52 Melilla	Females	1987	80.37
52 Melilla	Females	1986	77.44
52 Melilla	Females	1985	78.94
52 Melilla	Females	1984	77.89
52 Melilla	Females	1983	77.39
52 Melilla	Females	1982	78.33
52 Melilla	Females	1981	77.91
52 Melilla	Females	1980	77.89
52 Melilla	Females	1979	75.54
52 Melilla	Females	1978	74.93
52 Melilla	Females	1977	76.10
52 Melilla	Females	1976	77.49
52 Melilla	Females	1975	77.23
