Autonomous Communities and Cities	Sex	Period	Total
01 Andalucía	Both genders	2024	82.82
01 Andalucía	Both genders	2023	82.49
01 Andalucía	Both genders	2022	81.86
01 Andalucía	Both genders	2021	81.46
01 Andalucía	Both genders	2020	81.51
01 Andalucía	Both genders	2019	82.20
01 Andalucía	Both genders	2018	81.73
01 Andalucía	Both genders	2017	81.81
01 Andalucía	Both genders	2016	81.83
01 Andalucía	Both genders	2015	81.35
01 Andalucía	Both genders	2014	81.70
01 Andalucía	Both genders	2013	81.48
01 Andalucía	Both genders	2012	80.90
01 Andalucía	Both genders	2011	80.88
01 Andalucía	Both genders	2010	80.76
01 Andalucía	Both genders	2009	80.30
01 Andalucía	Both genders	2008	79.93
01 Andalucía	Both genders	2007	79.66
01 Andalucía	Both genders	2006	79.63
01 Andalucía	Both genders	2005	78.92
01 Andalucía	Both genders	2004	78.89
01 Andalucía	Both genders	2003	78.38
01 Andalucía	Both genders	2002	78.50
01 Andalucía	Both genders	2001	78.46
01 Andalucía	Both genders	2000	78.17
01 Andalucía	Both genders	1999	77.63
01 Andalucía	Both genders	1998	77.57
01 Andalucía	Both genders	1997	77.67
01 Andalucía	Both genders	1996	77.20
01 Andalucía	Both genders	1995	77.06
01 Andalucía	Both genders	1994	77.04
01 Andalucía	Both genders	1993	76.62
01 Andalucía	Both genders	1992	76.65
01 Andalucía	Both genders	1991	76.13
01 Andalucía	Both genders	1990	75.83
01 Andalucía	Both genders	1989	75.84
01 Andalucía	Both genders	1988	75.70
01 Andalucía	Both genders	1987	75.65
01 Andalucía	Both genders	1986	75.52
01 Andalucía	Both genders	1985	75.36
01 Andalucía	Both genders	1984	75.32
01 Andalucía	Both genders	1983	75.15
01 Andalucía	Both genders	1982	74.96
01 Andalucía	Both genders	1981	74.52
01 Andalucía	Both genders	1980	74.45
01 Andalucía	Both genders	1979	74.03
01 Andalucía	Both genders	1978	73.47
01 Andalucía	Both genders	1977	73.51
01 Andalucía	Both genders	1976	72.81
01 Andalucía	Both genders	1975	72.74
01 Andalucía	Males	2024	80.18
01 Andalucía	Males	2023	79.87
01 Andalucía	Males	2022	79.17
01 Andalucía	Males	2021	78.73
01 Andalucía	Males	2020	78.79
01 Andalucía	Males	2019	79.50
01 Andalucía	Males	2018	79.05
01 Andalucía	Males	2017	79.17
01 Andalucía	Males	2016	79.11
01 Andalucía	Males	2015	78.67
01 Andalucía	Males	2014	78.97
01 Andalucía	Males	2013	78.74
01 Andalucía	Males	2012	78.06
01 Andalucía	Males	2011	78.08
01 Andalucía	Males	2010	77.81
01 Andalucía	Males	2009	77.32
01 Andalucía	Males	2008	76.93
01 Andalucía	Males	2007	76.61
01 Andalucía	Males	2006	76.53
01 Andalucía	Males	2005	75.71
01 Andalucía	Males	2004	75.65
01 Andalucía	Males	2003	75.13
01 Andalucía	Males	2002	75.21
01 Andalucía	Males	2001	75.20
01 Andalucía	Males	2000	74.92
01 Andalucía	Males	1999	74.24
01 Andalucía	Males	1998	74.16
01 Andalucía	Males	1997	74.36
01 Andalucía	Males	1996	73.67
01 Andalucía	Males	1995	73.49
01 Andalucía	Males	1994	73.55
01 Andalucía	Males	1993	73.16
01 Andalucía	Males	1992	73.10
01 Andalucía	Males	1991	72.57
01 Andalucía	Males	1990	72.38
01 Andalucía	Males	1989	72.41
01 Andalucía	Males	1988	72.46
01 Andalucía	Males	1987	72.41
01 Andalucía	Males	1986	72.25
01 Andalucía	Males	1985	72.04
01 Andalucía	Males	1984	72.03
01 Andalucía	Males	1983	72.12
01 Andalucía	Males	1982	71.83
01 Andalucía	Males	1981	71.33
01 Andalucía	Males	1980	71.47
01 Andalucía	Males	1979	70.89
01 Andalucía	Males	1978	70.31
01 Andalucía	Males	1977	70.37
01 Andalucía	Males	1976	69.81
01 Andalucía	Males	1975	69.72
01 Andalucía	Females	2024	85.42
01 Andalucía	Females	2023	85.08
01 Andalucía	Females	2022	84.54
01 Andalucía	Females	2021	84.22
01 Andalucía	Females	2020	84.25
01 Andalucía	Females	2019	84.85
01 Andalucía	Females	2018	84.40
01 Andalucía	Females	2017	84.41
01 Andalucía	Females	2016	84.53
01 Andalucía	Females	2015	84.03
01 Andalucía	Females	2014	84.40
01 Andalucía	Females	2013	84.20
01 Andalucía	Females	2012	83.74
01 Andalucía	Females	2011	83.66
01 Andalucía	Females	2010	83.69
01 Andalucía	Females	2009	83.29
01 Andalucía	Females	2008	82.95
01 Andalucía	Females	2007	82.74
01 Andalucía	Females	2006	82.74
01 Andalucía	Females	2005	82.18
01 Andalucía	Females	2004	82.17
01 Andalucía	Females	2003	81.67
01 Andalucía	Females	2002	81.82
01 Andalucía	Females	2001	81.73
01 Andalucía	Females	2000	81.43
01 Andalucía	Females	1999	81.09
01 Andalucía	Females	1998	81.03
01 Andalucía	Females	1997	80.98
01 Andalucía	Females	1996	80.79
01 Andalucía	Females	1995	80.69
01 Andalucía	Females	1994	80.55
01 Andalucía	Females	1993	80.12
01 Andalucía	Females	1992	80.23
01 Andalucía	Females	1991	79.74
01 Andalucía	Females	1990	79.31
01 Andalucía	Females	1989	79.29
01 Andalucía	Females	1988	78.90
01 Andalucía	Females	1987	78.85
01 Andalucía	Females	1986	78.74
01 Andalucía	Females	1985	78.65
01 Andalucía	Females	1984	78.56
01 Andalucía	Females	1983	78.08
01 Andalucía	Females	1982	78.02
01 Andalucía	Females	1981	77.64
01 Andalucía	Females	1980	77.33
01 Andalucía	Females	1979	77.09
01 Andalucía	Females	1978	76.56
01 Andalucía	Females	1977	76.57
01 Andalucía	Females	1976	75.74
01 Andalucía	Females	1975	75.67
02 Aragón	Both genders	2024	84.24
02 Aragón	Both genders	2023	84.07
02 Aragón	Both genders	2022	83.06
02 Aragón	Both genders	2021	83.25
02 Aragón	Both genders	2020	82.38
02 Aragón	Both genders	2019	83.88
02 Aragón	Both genders	2018	83.44
02 Aragón	Both genders	2017	83.22
02 Aragón	Both genders	2016	83.33
02 Aragón	Both genders	2015	82.74
02 Aragón	Both genders	2014	82.85
02 Aragón	Both genders	2013	83.07
02 Aragón	Both genders	2012	82.65
02 Aragón	Both genders	2011	82.33
02 Aragón	Both genders	2010	82.18
02 Aragón	Both genders	2009	81.96
02 Aragón	Both genders	2008	81.84
02 Aragón	Both genders	2007	81.39
02 Aragón	Both genders	2006	81.41
02 Aragón	Both genders	2005	80.63
02 Aragón	Both genders	2004	80.44
02 Aragón	Both genders	2003	80.20
02 Aragón	Both genders	2002	80.38
02 Aragón	Both genders	2001	80.22
02 Aragón	Both genders	2000	79.98
02 Aragón	Both genders	1999	79.18
02 Aragón	Both genders	1998	79.54
02 Aragón	Both genders	1997	79.18
02 Aragón	Both genders	1996	79.10
02 Aragón	Both genders	1995	78.83
02 Aragón	Both genders	1994	78.96
02 Aragón	Both genders	1993	78.70
02 Aragón	Both genders	1992	78.95
02 Aragón	Both genders	1991	78.19
02 Aragón	Both genders	1990	77.73
02 Aragón	Both genders	1989	77.50
02 Aragón	Both genders	1988	77.76
02 Aragón	Both genders	1987	77.30
02 Aragón	Both genders	1986	77.28
02 Aragón	Both genders	1985	76.91
02 Aragón	Both genders	1984	76.86
02 Aragón	Both genders	1983	76.90
02 Aragón	Both genders	1982	77.05
02 Aragón	Both genders	1981	76.53
02 Aragón	Both genders	1980	76.22
02 Aragón	Both genders	1979	75.75
02 Aragón	Both genders	1978	75.44
02 Aragón	Both genders	1977	75.30
02 Aragón	Both genders	1976	74.79
02 Aragón	Both genders	1975	74.19
02 Aragón	Males	2024	81.71
02 Aragón	Males	2023	81.24
02 Aragón	Males	2022	80.22
02 Aragón	Males	2021	80.56
02 Aragón	Males	2020	79.75
02 Aragón	Males	2019	81.26
02 Aragón	Males	2018	80.67
02 Aragón	Males	2017	80.41
02 Aragón	Males	2016	80.34
02 Aragón	Males	2015	79.91
02 Aragón	Males	2014	80.03
02 Aragón	Males	2013	80.16
02 Aragón	Males	2012	79.89
02 Aragón	Males	2011	79.42
02 Aragón	Males	2010	79.32
02 Aragón	Males	2009	78.98
02 Aragón	Males	2008	79.10
02 Aragón	Males	2007	78.24
02 Aragón	Males	2006	78.43
02 Aragón	Males	2005	77.66
02 Aragón	Males	2004	77.09
02 Aragón	Males	2003	77.26
02 Aragón	Males	2002	77.27
02 Aragón	Males	2001	77.11
02 Aragón	Males	2000	76.62
02 Aragón	Males	1999	75.95
02 Aragón	Males	1998	76.39
02 Aragón	Males	1997	75.86
02 Aragón	Males	1996	75.87
02 Aragón	Males	1995	75.60
02 Aragón	Males	1994	75.95
02 Aragón	Males	1993	75.31
02 Aragón	Males	1992	75.81
02 Aragón	Males	1991	75.25
02 Aragón	Males	1990	74.60
02 Aragón	Males	1989	74.40
02 Aragón	Males	1988	75.16
02 Aragón	Males	1987	74.57
02 Aragón	Males	1986	74.56
02 Aragón	Males	1985	74.10
02 Aragón	Males	1984	74.02
02 Aragón	Males	1983	74.42
02 Aragón	Males	1982	74.48
02 Aragón	Males	1981	73.74
02 Aragón	Males	1980	73.57
02 Aragón	Males	1979	73.20
02 Aragón	Males	1978	72.86
02 Aragón	Males	1977	73.03
02 Aragón	Males	1976	72.43
02 Aragón	Males	1975	71.50
02 Aragón	Females	2024	86.72
02 Aragón	Females	2023	86.89
02 Aragón	Females	2022	85.94
02 Aragón	Females	2021	85.96
02 Aragón	Females	2020	85.06
02 Aragón	Females	2019	86.48
02 Aragón	Females	2018	86.22
02 Aragón	Females	2017	86.06
02 Aragón	Females	2016	86.38
02 Aragón	Females	2015	85.64
02 Aragón	Females	2014	85.72
02 Aragón	Females	2013	86.02
02 Aragón	Females	2012	85.44
02 Aragón	Females	2011	85.28
02 Aragón	Females	2010	85.09
02 Aragón	Females	2009	85.02
02 Aragón	Females	2008	84.62
02 Aragón	Females	2007	84.66
02 Aragón	Females	2006	84.48
02 Aragón	Females	2005	83.68
02 Aragón	Females	2004	83.94
02 Aragón	Females	2003	83.22
02 Aragón	Females	2002	83.57
02 Aragón	Females	2001	83.41
02 Aragón	Females	2000	83.46
02 Aragón	Females	1999	82.56
02 Aragón	Females	1998	82.79
02 Aragón	Females	1997	82.63
02 Aragón	Females	1996	82.43
02 Aragón	Females	1995	82.16
02 Aragón	Females	1994	82.03
02 Aragón	Females	1993	82.23
02 Aragón	Females	1992	82.15
02 Aragón	Females	1991	81.17
02 Aragón	Females	1990	80.94
02 Aragón	Females	1989	80.70
02 Aragón	Females	1988	80.36
02 Aragón	Females	1987	80.06
02 Aragón	Females	1986	80.03
02 Aragón	Females	1985	79.77
02 Aragón	Females	1984	79.75
02 Aragón	Females	1983	79.37
02 Aragón	Females	1982	79.63
02 Aragón	Females	1981	79.36
02 Aragón	Females	1980	78.90
02 Aragón	Females	1979	78.33
02 Aragón	Females	1978	78.03
02 Aragón	Females	1977	77.55
02 Aragón	Females	1976	77.14
02 Aragón	Females	1975	76.96
03 Asturias, Principado de	Both genders	2024	83.32
03 Asturias, Principado de	Both genders	2023	83.11
03 Asturias, Principado de	Both genders	2022	82.46
03 Asturias, Principado de	Both genders	2021	82.75
03 Asturias, Principado de	Both genders	2020	82.10
03 Asturias, Principado de	Both genders	2019	82.84
03 Asturias, Principado de	Both genders	2018	82.64
03 Asturias, Principado de	Both genders	2017	82.59
03 Asturias, Principado de	Both genders	2016	82.38
03 Asturias, Principado de	Both genders	2015	82.21
03 Asturias, Principado de	Both genders	2014	82.11
03 Asturias, Principado de	Both genders	2013	82.19
03 Asturias, Principado de	Both genders	2012	81.52
03 Asturias, Principado de	Both genders	2011	81.30
03 Asturias, Principado de	Both genders	2010	81.18
03 Asturias, Principado de	Both genders	2009	81.09
03 Asturias, Principado de	Both genders	2008	80.70
03 Asturias, Principado de	Both genders	2007	80.37
03 Asturias, Principado de	Both genders	2006	80.19
03 Asturias, Principado de	Both genders	2005	79.90
03 Asturias, Principado de	Both genders	2004	79.84
03 Asturias, Principado de	Both genders	2003	79.18
03 Asturias, Principado de	Both genders	2002	79.52
03 Asturias, Principado de	Both genders	2001	79.50
03 Asturias, Principado de	Both genders	2000	78.79
03 Asturias, Principado de	Both genders	1999	78.40
03 Asturias, Principado de	Both genders	1998	78.36
03 Asturias, Principado de	Both genders	1997	78.31
03 Asturias, Principado de	Both genders	1996	77.59
03 Asturias, Principado de	Both genders	1995	77.37
03 Asturias, Principado de	Both genders	1994	77.57
03 Asturias, Principado de	Both genders	1993	76.89
03 Asturias, Principado de	Both genders	1992	77.10
03 Asturias, Principado de	Both genders	1991	76.46
03 Asturias, Principado de	Both genders	1990	76.08
03 Asturias, Principado de	Both genders	1989	76.27
03 Asturias, Principado de	Both genders	1988	76.00
03 Asturias, Principado de	Both genders	1987	76.00
03 Asturias, Principado de	Both genders	1986	76.00
03 Asturias, Principado de	Both genders	1985	75.53
03 Asturias, Principado de	Both genders	1984	75.57
03 Asturias, Principado de	Both genders	1983	75.46
03 Asturias, Principado de	Both genders	1982	75.13
03 Asturias, Principado de	Both genders	1981	75.04
03 Asturias, Principado de	Both genders	1980	74.42
03 Asturias, Principado de	Both genders	1979	74.20
03 Asturias, Principado de	Both genders	1978	74.11
03 Asturias, Principado de	Both genders	1977	73.35
03 Asturias, Principado de	Both genders	1976	73.37
03 Asturias, Principado de	Both genders	1975	73.15
03 Asturias, Principado de	Males	2024	80.35
03 Asturias, Principado de	Males	2023	80.30
03 Asturias, Principado de	Males	2022	79.65
03 Asturias, Principado de	Males	2021	80.01
03 Asturias, Principado de	Males	2020	79.12
03 Asturias, Principado de	Males	2019	79.87
03 Asturias, Principado de	Males	2018	79.62
03 Asturias, Principado de	Males	2017	79.50
03 Asturias, Principado de	Males	2016	79.17
03 Asturias, Principado de	Males	2015	79.03
03 Asturias, Principado de	Males	2014	78.99
03 Asturias, Principado de	Males	2013	78.91
03 Asturias, Principado de	Males	2012	78.21
03 Asturias, Principado de	Males	2011	77.79
03 Asturias, Principado de	Males	2010	77.57
03 Asturias, Principado de	Males	2009	77.71
03 Asturias, Principado de	Males	2008	77.05
03 Asturias, Principado de	Males	2007	76.74
03 Asturias, Principado de	Males	2006	76.29
03 Asturias, Principado de	Males	2005	76.20
03 Asturias, Principado de	Males	2004	76.12
03 Asturias, Principado de	Males	2003	75.31
03 Asturias, Principado de	Males	2002	75.71
03 Asturias, Principado de	Males	2001	75.64
03 Asturias, Principado de	Males	2000	74.98
03 Asturias, Principado de	Males	1999	74.48
03 Asturias, Principado de	Males	1998	74.24
03 Asturias, Principado de	Males	1997	74.20
03 Asturias, Principado de	Males	1996	73.44
03 Asturias, Principado de	Males	1995	73.39
03 Asturias, Principado de	Males	1994	73.41
03 Asturias, Principado de	Males	1993	72.88
03 Asturias, Principado de	Males	1992	72.94
03 Asturias, Principado de	Males	1991	72.47
03 Asturias, Principado de	Males	1990	71.90
03 Asturias, Principado de	Males	1989	72.21
03 Asturias, Principado de	Males	1988	72.11
03 Asturias, Principado de	Males	1987	72.30
03 Asturias, Principado de	Males	1986	72.26
03 Asturias, Principado de	Males	1985	71.70
03 Asturias, Principado de	Males	1984	71.70
03 Asturias, Principado de	Males	1983	71.84
03 Asturias, Principado de	Males	1982	71.44
03 Asturias, Principado de	Males	1981	71.24
03 Asturias, Principado de	Males	1980	70.83
03 Asturias, Principado de	Males	1979	70.56
03 Asturias, Principado de	Males	1978	70.64
03 Asturias, Principado de	Males	1977	69.99
03 Asturias, Principado de	Males	1976	69.90
03 Asturias, Principado de	Males	1975	69.67
03 Asturias, Principado de	Females	2024	86.14
03 Asturias, Principado de	Females	2023	85.74
03 Asturias, Principado de	Females	2022	85.14
03 Asturias, Principado de	Females	2021	85.32
03 Asturias, Principado de	Females	2020	85.00
03 Asturias, Principado de	Females	2019	85.65
03 Asturias, Principado de	Females	2018	85.51
03 Asturias, Principado de	Females	2017	85.52
03 Asturias, Principado de	Females	2016	85.47
03 Asturias, Principado de	Females	2015	85.27
03 Asturias, Principado de	Females	2014	85.07
03 Asturias, Principado de	Females	2013	85.35
03 Asturias, Principado de	Females	2012	84.72
03 Asturias, Principado de	Females	2011	84.74
03 Asturias, Principado de	Females	2010	84.73
03 Asturias, Principado de	Females	2009	84.37
03 Asturias, Principado de	Females	2008	84.32
03 Asturias, Principado de	Females	2007	83.95
03 Asturias, Principado de	Females	2006	84.06
03 Asturias, Principado de	Females	2005	83.57
03 Asturias, Principado de	Females	2004	83.51
03 Asturias, Principado de	Females	2003	83.05
03 Asturias, Principado de	Females	2002	83.31
03 Asturias, Principado de	Females	2001	83.34
03 Asturias, Principado de	Females	2000	82.58
03 Asturias, Principado de	Females	1999	82.33
03 Asturias, Principado de	Females	1998	82.54
03 Asturias, Principado de	Females	1997	82.46
03 Asturias, Principado de	Females	1996	81.78
03 Asturias, Principado de	Females	1995	81.38
03 Asturias, Principado de	Females	1994	81.74
03 Asturias, Principado de	Females	1993	80.94
03 Asturias, Principado de	Females	1992	81.31
03 Asturias, Principado de	Females	1991	80.51
03 Asturias, Principado de	Females	1990	80.37
03 Asturias, Principado de	Females	1989	80.38
03 Asturias, Principado de	Females	1988	79.90
03 Asturias, Principado de	Females	1987	79.68
03 Asturias, Principado de	Females	1986	79.73
03 Asturias, Principado de	Females	1985	79.36
03 Asturias, Principado de	Females	1984	79.43
03 Asturias, Principado de	Females	1983	79.01
03 Asturias, Principado de	Females	1982	78.81
03 Asturias, Principado de	Females	1981	78.81
03 Asturias, Principado de	Females	1980	77.96
03 Asturias, Principado de	Females	1979	77.80
03 Asturias, Principado de	Females	1978	77.49
03 Asturias, Principado de	Females	1977	76.64
03 Asturias, Principado de	Females	1976	76.72
03 Asturias, Principado de	Females	1975	76.52
04 Balears, Illes	Both genders	2024	83.46
04 Balears, Illes	Both genders	2023	83.71
04 Balears, Illes	Both genders	2022	82.90
04 Balears, Illes	Both genders	2021	83.00
04 Balears, Illes	Both genders	2020	83.11
04 Balears, Illes	Both genders	2019	83.40
04 Balears, Illes	Both genders	2018	82.97
04 Balears, Illes	Both genders	2017	82.68
04 Balears, Illes	Both genders	2016	82.86
04 Balears, Illes	Both genders	2015	82.28
04 Balears, Illes	Both genders	2014	82.60
04 Balears, Illes	Both genders	2013	82.56
04 Balears, Illes	Both genders	2012	81.85
04 Balears, Illes	Both genders	2011	81.93
04 Balears, Illes	Both genders	2010	81.56
04 Balears, Illes	Both genders	2009	81.15
04 Balears, Illes	Both genders	2008	81.19
04 Balears, Illes	Both genders	2007	81.26
04 Balears, Illes	Both genders	2006	80.85
04 Balears, Illes	Both genders	2005	80.33
04 Balears, Illes	Both genders	2004	80.27
04 Balears, Illes	Both genders	2003	79.78
04 Balears, Illes	Both genders	2002	79.47
04 Balears, Illes	Both genders	2001	79.14
04 Balears, Illes	Both genders	2000	78.42
04 Balears, Illes	Both genders	1999	78.13
04 Balears, Illes	Both genders	1998	78.46
04 Balears, Illes	Both genders	1997	78.28
04 Balears, Illes	Both genders	1996	77.66
04 Balears, Illes	Both genders	1995	77.32
04 Balears, Illes	Both genders	1994	77.63
04 Balears, Illes	Both genders	1993	76.97
04 Balears, Illes	Both genders	1992	76.76
04 Balears, Illes	Both genders	1991	76.10
04 Balears, Illes	Both genders	1990	75.82
04 Balears, Illes	Both genders	1989	75.73
04 Balears, Illes	Both genders	1988	75.96
04 Balears, Illes	Both genders	1987	75.48
04 Balears, Illes	Both genders	1986	74.99
04 Balears, Illes	Both genders	1985	75.15
04 Balears, Illes	Both genders	1984	75.22
04 Balears, Illes	Both genders	1983	74.43
04 Balears, Illes	Both genders	1982	75.76
04 Balears, Illes	Both genders	1981	76.09
04 Balears, Illes	Both genders	1980	75.34
04 Balears, Illes	Both genders	1979	74.61
04 Balears, Illes	Both genders	1978	74.62
04 Balears, Illes	Both genders	1977	74.11
04 Balears, Illes	Both genders	1976	73.67
04 Balears, Illes	Both genders	1975	73.63
04 Balears, Illes	Males	2024	81.06
04 Balears, Illes	Males	2023	81.33
04 Balears, Illes	Males	2022	80.19
04 Balears, Illes	Males	2021	80.36
04 Balears, Illes	Males	2020	80.60
04 Balears, Illes	Males	2019	80.97
04 Balears, Illes	Males	2018	80.44
04 Balears, Illes	Males	2017	80.07
04 Balears, Illes	Males	2016	80.35
04 Balears, Illes	Males	2015	79.64
04 Balears, Illes	Males	2014	79.93
04 Balears, Illes	Males	2013	80.02
04 Balears, Illes	Males	2012	79.22
04 Balears, Illes	Males	2011	79.14
04 Balears, Illes	Males	2010	78.77
04 Balears, Illes	Males	2009	78.39
04 Balears, Illes	Males	2008	78.33
04 Balears, Illes	Males	2007	78.30
04 Balears, Illes	Males	2006	77.69
04 Balears, Illes	Males	2005	77.25
04 Balears, Illes	Males	2004	77.14
04 Balears, Illes	Males	2003	76.71
04 Balears, Illes	Males	2002	76.23
04 Balears, Illes	Males	2001	75.90
04 Balears, Illes	Males	2000	74.94
04 Balears, Illes	Males	1999	74.56
04 Balears, Illes	Males	1998	75.26
04 Balears, Illes	Males	1997	74.73
04 Balears, Illes	Males	1996	73.81
04 Balears, Illes	Males	1995	73.66
04 Balears, Illes	Males	1994	74.27
04 Balears, Illes	Males	1993	73.40
04 Balears, Illes	Males	1992	73.05
04 Balears, Illes	Males	1991	72.41
04 Balears, Illes	Males	1990	72.19
04 Balears, Illes	Males	1989	72.04
04 Balears, Illes	Males	1988	72.54
04 Balears, Illes	Males	1987	71.97
04 Balears, Illes	Males	1986	71.41
04 Balears, Illes	Males	1985	71.15
04 Balears, Illes	Males	1984	71.82
04 Balears, Illes	Males	1983	70.95
04 Balears, Illes	Males	1982	72.48
04 Balears, Illes	Males	1981	72.92
04 Balears, Illes	Males	1980	72.16
04 Balears, Illes	Males	1979	71.42
04 Balears, Illes	Males	1978	71.74
04 Balears, Illes	Males	1977	71.26
04 Balears, Illes	Males	1976	70.81
04 Balears, Illes	Males	1975	71.04
04 Balears, Illes	Females	2024	85.81
04 Balears, Illes	Females	2023	86.04
04 Balears, Illes	Females	2022	85.64
04 Balears, Illes	Females	2021	85.65
04 Balears, Illes	Females	2020	85.60
04 Balears, Illes	Females	2019	85.77
04 Balears, Illes	Females	2018	85.48
04 Balears, Illes	Females	2017	85.28
04 Balears, Illes	Females	2016	85.31
04 Balears, Illes	Females	2015	84.96
04 Balears, Illes	Females	2014	85.27
04 Balears, Illes	Females	2013	85.08
04 Balears, Illes	Females	2012	84.51
04 Balears, Illes	Females	2011	84.74
04 Balears, Illes	Females	2010	84.39
04 Balears, Illes	Females	2009	83.95
04 Balears, Illes	Females	2008	84.10
04 Balears, Illes	Females	2007	84.23
04 Balears, Illes	Females	2006	84.11
04 Balears, Illes	Females	2005	83.48
04 Balears, Illes	Females	2004	83.43
04 Balears, Illes	Females	2003	82.91
04 Balears, Illes	Females	2002	82.78
04 Balears, Illes	Females	2001	82.44
04 Balears, Illes	Females	2000	82.03
04 Balears, Illes	Females	1999	81.87
04 Balears, Illes	Females	1998	81.71
04 Balears, Illes	Females	1997	81.97
04 Balears, Illes	Females	1996	81.69
04 Balears, Illes	Females	1995	81.15
04 Balears, Illes	Females	1994	81.05
04 Balears, Illes	Females	1993	80.68
04 Balears, Illes	Females	1992	80.64
04 Balears, Illes	Females	1991	79.97
04 Balears, Illes	Females	1990	79.63
04 Balears, Illes	Females	1989	79.56
04 Balears, Illes	Females	1988	79.46
04 Balears, Illes	Females	1987	79.10
04 Balears, Illes	Females	1986	78.76
04 Balears, Illes	Females	1985	79.44
04 Balears, Illes	Females	1984	78.73
04 Balears, Illes	Females	1983	78.06
04 Balears, Illes	Females	1982	79.10
04 Balears, Illes	Females	1981	79.27
04 Balears, Illes	Females	1980	78.52
04 Balears, Illes	Females	1979	77.83
04 Balears, Illes	Females	1978	77.46
04 Balears, Illes	Females	1977	76.94
04 Balears, Illes	Females	1976	76.51
04 Balears, Illes	Females	1975	76.17
05 Canarias	Both genders	2024	82.79
05 Canarias	Both genders	2023	82.46
05 Canarias	Both genders	2022	81.78
05 Canarias	Both genders	2021	82.12
05 Canarias	Both genders	2020	82.26
05 Canarias	Both genders	2019	82.42
05 Canarias	Both genders	2018	81.79
05 Canarias	Both genders	2017	82.13
05 Canarias	Both genders	2016	81.97
05 Canarias	Both genders	2015	81.69
05 Canarias	Both genders	2014	81.86
05 Canarias	Both genders	2013	81.98
05 Canarias	Both genders	2012	81.42
05 Canarias	Both genders	2011	81.29
05 Canarias	Both genders	2010	81.39
05 Canarias	Both genders	2009	80.91
05 Canarias	Both genders	2008	79.80
05 Canarias	Both genders	2007	79.78
05 Canarias	Both genders	2006	79.61
05 Canarias	Both genders	2005	79.10
05 Canarias	Both genders	2004	78.77
05 Canarias	Both genders	2003	78.61
05 Canarias	Both genders	2002	78.59
05 Canarias	Both genders	2001	78.06
05 Canarias	Both genders	2000	77.52
05 Canarias	Both genders	1999	77.45
05 Canarias	Both genders	1998	77.31
05 Canarias	Both genders	1997	77.61
05 Canarias	Both genders	1996	77.15
05 Canarias	Both genders	1995	77.52
05 Canarias	Both genders	1994	77.13
05 Canarias	Both genders	1993	76.48
05 Canarias	Both genders	1992	76.71
05 Canarias	Both genders	1991	76.29
05 Canarias	Both genders	1990	75.89
05 Canarias	Both genders	1989	75.31
05 Canarias	Both genders	1988	75.16
05 Canarias	Both genders	1987	75.37
05 Canarias	Both genders	1986	75.62
05 Canarias	Both genders	1985	75.05
05 Canarias	Both genders	1984	75.00
05 Canarias	Both genders	1983	74.92
05 Canarias	Both genders	1982	74.79
05 Canarias	Both genders	1981	74.45
05 Canarias	Both genders	1980	74.26
05 Canarias	Both genders	1979	73.41
05 Canarias	Both genders	1978	73.19
05 Canarias	Both genders	1977	73.71
05 Canarias	Both genders	1976	72.65
05 Canarias	Both genders	1975	73.23
05 Canarias	Males	2024	80.54
05 Canarias	Males	2023	79.95
05 Canarias	Males	2022	79.28
05 Canarias	Males	2021	79.50
05 Canarias	Males	2020	79.73
05 Canarias	Males	2019	79.84
05 Canarias	Males	2018	79.20
05 Canarias	Males	2017	79.66
05 Canarias	Males	2016	79.37
05 Canarias	Males	2015	79.31
05 Canarias	Males	2014	79.28
05 Canarias	Males	2013	79.47
05 Canarias	Males	2012	78.81
05 Canarias	Males	2011	78.42
05 Canarias	Males	2010	78.50
05 Canarias	Males	2009	78.26
05 Canarias	Males	2008	76.78
05 Canarias	Males	2007	76.68
05 Canarias	Males	2006	76.42
05 Canarias	Males	2005	76.00
05 Canarias	Males	2004	75.68
05 Canarias	Males	2003	75.34
05 Canarias	Males	2002	75.32
05 Canarias	Males	2001	74.70
05 Canarias	Males	2000	74.18
05 Canarias	Males	1999	74.22
05 Canarias	Males	1998	73.91
05 Canarias	Males	1997	74.02
05 Canarias	Males	1996	73.62
05 Canarias	Males	1995	73.98
05 Canarias	Males	1994	73.47
05 Canarias	Males	1993	73.16
05 Canarias	Males	1992	73.34
05 Canarias	Males	1991	72.84
05 Canarias	Males	1990	72.67
05 Canarias	Males	1989	71.90
05 Canarias	Males	1988	71.89
05 Canarias	Males	1987	72.15
05 Canarias	Males	1986	72.63
05 Canarias	Males	1985	71.65
05 Canarias	Males	1984	71.72
05 Canarias	Males	1983	71.76
05 Canarias	Males	1982	71.83
05 Canarias	Males	1981	71.32
05 Canarias	Males	1980	71.21
05 Canarias	Males	1979	70.17
05 Canarias	Males	1978	70.22
05 Canarias	Males	1977	70.89
05 Canarias	Males	1976	70.04
05 Canarias	Males	1975	70.79
05 Canarias	Females	2024	84.99
05 Canarias	Females	2023	84.98
05 Canarias	Females	2022	84.30
05 Canarias	Females	2021	84.75
05 Canarias	Females	2020	84.80
05 Canarias	Females	2019	85.02
05 Canarias	Females	2018	84.42
05 Canarias	Females	2017	84.60
05 Canarias	Females	2016	84.61
05 Canarias	Females	2015	84.06
05 Canarias	Females	2014	84.46
05 Canarias	Females	2013	84.49
05 Canarias	Females	2012	84.06
05 Canarias	Females	2011	84.23
05 Canarias	Females	2010	84.32
05 Canarias	Females	2009	83.59
05 Canarias	Females	2008	82.91
05 Canarias	Females	2007	83.00
05 Canarias	Females	2006	82.91
05 Canarias	Females	2005	82.31
05 Canarias	Females	2004	81.94
05 Canarias	Females	2003	82.02
05 Canarias	Females	2002	82.00
05 Canarias	Females	2001	81.56
05 Canarias	Females	2000	81.00
05 Canarias	Females	1999	80.78
05 Canarias	Females	1998	80.86
05 Canarias	Females	1997	81.37
05 Canarias	Females	1996	80.84
05 Canarias	Females	1995	81.20
05 Canarias	Females	1994	80.98
05 Canarias	Females	1993	79.90
05 Canarias	Females	1992	80.19
05 Canarias	Females	1991	79.88
05 Canarias	Females	1990	79.20
05 Canarias	Females	1989	78.85
05 Canarias	Females	1988	78.53
05 Canarias	Females	1987	78.68
05 Canarias	Females	1986	78.64
05 Canarias	Females	1985	78.59
05 Canarias	Females	1984	78.38
05 Canarias	Females	1983	78.15
05 Canarias	Females	1982	77.78
05 Canarias	Females	1981	77.64
05 Canarias	Females	1980	77.35
05 Canarias	Females	1979	76.77
05 Canarias	Females	1978	76.20
05 Canarias	Females	1977	76.56
05 Canarias	Females	1976	75.27
05 Canarias	Females	1975	75.66
06 Cantabria	Both genders	2024	83.89
06 Cantabria	Both genders	2023	84.20
06 Cantabria	Both genders	2022	83.06
06 Cantabria	Both genders	2021	83.63
06 Cantabria	Both genders	2020	83.00
06 Cantabria	Both genders	2019	83.58
06 Cantabria	Both genders	2018	83.33
06 Cantabria	Both genders	2017	83.31
06 Cantabria	Both genders	2016	83.14
06 Cantabria	Both genders	2015	82.69
06 Cantabria	Both genders	2014	82.78
06 Cantabria	Both genders	2013	82.96
06 Cantabria	Both genders	2012	82.54
06 Cantabria	Both genders	2011	82.42
06 Cantabria	Both genders	2010	82.06
06 Cantabria	Both genders	2009	81.96
06 Cantabria	Both genders	2008	81.62
06 Cantabria	Both genders	2007	80.99
06 Cantabria	Both genders	2006	80.99
06 Cantabria	Both genders	2005	81.07
06 Cantabria	Both genders	2004	80.82
06 Cantabria	Both genders	2003	80.39
06 Cantabria	Both genders	2002	80.11
06 Cantabria	Both genders	2001	80.27
06 Cantabria	Both genders	2000	79.35
06 Cantabria	Both genders	1999	79.23
06 Cantabria	Both genders	1998	79.55
06 Cantabria	Both genders	1997	78.80
06 Cantabria	Both genders	1996	78.57
06 Cantabria	Both genders	1995	78.25
06 Cantabria	Both genders	1994	78.48
06 Cantabria	Both genders	1993	77.96
06 Cantabria	Both genders	1992	77.75
06 Cantabria	Both genders	1991	77.62
06 Cantabria	Both genders	1990	77.00
06 Cantabria	Both genders	1989	76.96
06 Cantabria	Both genders	1988	77.04
06 Cantabria	Both genders	1987	76.92
06 Cantabria	Both genders	1986	76.89
06 Cantabria	Both genders	1985	76.44
06 Cantabria	Both genders	1984	76.68
06 Cantabria	Both genders	1983	75.92
06 Cantabria	Both genders	1982	76.09
06 Cantabria	Both genders	1981	75.72
06 Cantabria	Both genders	1980	75.08
06 Cantabria	Both genders	1979	74.77
06 Cantabria	Both genders	1978	75.24
06 Cantabria	Both genders	1977	74.13
06 Cantabria	Both genders	1976	73.68
06 Cantabria	Both genders	1975	73.07
06 Cantabria	Males	2024	81.01
06 Cantabria	Males	2023	81.37
06 Cantabria	Males	2022	80.43
06 Cantabria	Males	2021	80.66
06 Cantabria	Males	2020	80.30
06 Cantabria	Males	2019	80.89
06 Cantabria	Males	2018	80.31
06 Cantabria	Males	2017	80.30
06 Cantabria	Males	2016	80.09
06 Cantabria	Males	2015	79.71
06 Cantabria	Males	2014	79.61
06 Cantabria	Males	2013	79.99
06 Cantabria	Males	2012	79.34
06 Cantabria	Males	2011	79.07
06 Cantabria	Males	2010	78.50
06 Cantabria	Males	2009	78.51
06 Cantabria	Males	2008	78.22
06 Cantabria	Males	2007	77.42
06 Cantabria	Males	2006	77.48
06 Cantabria	Males	2005	77.39
06 Cantabria	Males	2004	76.99
06 Cantabria	Males	2003	76.65
06 Cantabria	Males	2002	76.25
06 Cantabria	Males	2001	76.54
06 Cantabria	Males	2000	75.65
06 Cantabria	Males	1999	75.44
06 Cantabria	Males	1998	75.51
06 Cantabria	Males	1997	74.90
06 Cantabria	Males	1996	74.61
06 Cantabria	Males	1995	74.27
06 Cantabria	Males	1994	74.71
06 Cantabria	Males	1993	74.25
06 Cantabria	Males	1992	73.64
06 Cantabria	Males	1991	73.68
06 Cantabria	Males	1990	73.32
06 Cantabria	Males	1989	73.13
06 Cantabria	Males	1988	73.27
06 Cantabria	Males	1987	73.35
06 Cantabria	Males	1986	73.40
06 Cantabria	Males	1985	72.67
06 Cantabria	Males	1984	73.02
06 Cantabria	Males	1983	72.51
06 Cantabria	Males	1982	72.78
06 Cantabria	Males	1981	71.87
06 Cantabria	Males	1980	71.17
06 Cantabria	Males	1979	71.02
06 Cantabria	Males	1978	71.92
06 Cantabria	Males	1977	70.74
06 Cantabria	Males	1976	70.34
06 Cantabria	Males	1975	69.43
06 Cantabria	Females	2024	86.62
06 Cantabria	Females	2023	86.91
06 Cantabria	Females	2022	85.57
06 Cantabria	Females	2021	86.50
06 Cantabria	Females	2020	85.61
06 Cantabria	Females	2019	86.13
06 Cantabria	Females	2018	86.28
06 Cantabria	Females	2017	86.21
06 Cantabria	Females	2016	86.10
06 Cantabria	Females	2015	85.59
06 Cantabria	Females	2014	85.89
06 Cantabria	Females	2013	85.80
06 Cantabria	Females	2012	85.68
06 Cantabria	Females	2011	85.71
06 Cantabria	Females	2010	85.60
06 Cantabria	Females	2009	85.37
06 Cantabria	Females	2008	84.98
06 Cantabria	Females	2007	84.58
06 Cantabria	Females	2006	84.47
06 Cantabria	Females	2005	84.75
06 Cantabria	Females	2004	84.67
06 Cantabria	Females	2003	84.13
06 Cantabria	Females	2002	84.02
06 Cantabria	Females	2001	84.01
06 Cantabria	Females	2000	83.04
06 Cantabria	Females	1999	83.07
06 Cantabria	Females	1998	83.70
06 Cantabria	Females	1997	82.74
06 Cantabria	Females	1996	82.60
06 Cantabria	Females	1995	82.27
06 Cantabria	Females	1994	82.25
06 Cantabria	Females	1993	81.67
06 Cantabria	Females	1992	81.96
06 Cantabria	Females	1991	81.59
06 Cantabria	Females	1990	80.68
06 Cantabria	Females	1989	80.82
06 Cantabria	Females	1988	80.80
06 Cantabria	Females	1987	80.42
06 Cantabria	Females	1986	80.31
06 Cantabria	Females	1985	80.22
06 Cantabria	Females	1984	80.29
06 Cantabria	Females	1983	79.23
06 Cantabria	Females	1982	79.27
06 Cantabria	Females	1981	79.49
06 Cantabria	Females	1980	78.97
06 Cantabria	Females	1979	78.47
06 Cantabria	Females	1978	78.45
06 Cantabria	Females	1977	77.42
06 Cantabria	Females	1976	76.90
06 Cantabria	Females	1975	76.63
07 Castilla y León	Both genders	2024	84.67
07 Castilla y León	Both genders	2023	84.54
07 Castilla y León	Both genders	2022	83.68
07 Castilla y León	Both genders	2021	83.94
07 Castilla y León	Both genders	2020	82.53
07 Castilla y León	Both genders	2019	84.20
07 Castilla y León	Both genders	2018	83.92
07 Castilla y León	Both genders	2017	83.82
07 Castilla y León	Both genders	2016	83.82
07 Castilla y León	Both genders	2015	83.58
07 Castilla y León	Both genders	2014	83.60
07 Castilla y León	Both genders	2013	83.48
07 Castilla y León	Both genders	2012	83.16
07 Castilla y León	Both genders	2011	83.17
07 Castilla y León	Both genders	2010	82.90
07 Castilla y León	Both genders	2009	82.67
07 Castilla y León	Both genders	2008	82.22
07 Castilla y León	Both genders	2007	81.87
07 Castilla y León	Both genders	2006	81.94
07 Castilla y León	Both genders	2005	81.29
07 Castilla y León	Both genders	2004	81.47
07 Castilla y León	Both genders	2003	80.94
07 Castilla y León	Both genders	2002	80.80
07 Castilla y León	Both genders	2001	81.07
07 Castilla y León	Both genders	2000	80.59
07 Castilla y León	Both genders	1999	80.20
07 Castilla y León	Both genders	1998	80.02
07 Castilla y León	Both genders	1997	80.03
07 Castilla y León	Both genders	1996	79.64
07 Castilla y León	Both genders	1995	79.60
07 Castilla y León	Both genders	1994	79.49
07 Castilla y León	Both genders	1993	79.04
07 Castilla y León	Both genders	1992	78.84
07 Castilla y León	Both genders	1991	78.44
07 Castilla y León	Both genders	1990	78.03
07 Castilla y León	Both genders	1989	77.96
07 Castilla y León	Both genders	1988	77.83
07 Castilla y León	Both genders	1987	77.74
07 Castilla y León	Both genders	1986	77.64
07 Castilla y León	Both genders	1985	77.32
07 Castilla y León	Both genders	1984	77.25
07 Castilla y León	Both genders	1983	77.14
07 Castilla y León	Both genders	1982	77.18
07 Castilla y León	Both genders	1981	76.37
07 Castilla y León	Both genders	1980	76.28
07 Castilla y León	Both genders	1979	75.53
07 Castilla y León	Both genders	1978	75.02
07 Castilla y León	Both genders	1977	74.46
07 Castilla y León	Both genders	1976	74.11
07 Castilla y León	Both genders	1975	73.84
07 Castilla y León	Males	2024	82.08
07 Castilla y León	Males	2023	81.95
07 Castilla y León	Males	2022	80.99
07 Castilla y León	Males	2021	81.06
07 Castilla y León	Males	2020	79.77
07 Castilla y León	Males	2019	81.52
07 Castilla y León	Males	2018	81.32
07 Castilla y León	Males	2017	81.17
07 Castilla y León	Males	2016	81.03
07 Castilla y León	Males	2015	80.82
07 Castilla y León	Males	2014	80.82
07 Castilla y León	Males	2013	80.73
07 Castilla y León	Males	2012	80.25
07 Castilla y León	Males	2011	80.29
07 Castilla y León	Males	2010	79.86
07 Castilla y León	Males	2009	79.70
07 Castilla y León	Males	2008	79.26
07 Castilla y León	Males	2007	78.82
07 Castilla y León	Males	2006	78.86
07 Castilla y León	Males	2005	78.03
07 Castilla y León	Males	2004	78.28
07 Castilla y León	Males	2003	77.69
07 Castilla y León	Males	2002	77.51
07 Castilla y León	Males	2001	77.76
07 Castilla y León	Males	2000	77.24
07 Castilla y León	Males	1999	76.76
07 Castilla y León	Males	1998	76.62
07 Castilla y León	Males	1997	76.64
07 Castilla y León	Males	1996	76.29
07 Castilla y León	Males	1995	76.22
07 Castilla y León	Males	1994	76.22
07 Castilla y León	Males	1993	75.59
07 Castilla y León	Males	1992	75.65
07 Castilla y León	Males	1991	75.16
07 Castilla y León	Males	1990	74.91
07 Castilla y León	Males	1989	74.94
07 Castilla y León	Males	1988	74.74
07 Castilla y León	Males	1987	74.64
07 Castilla y León	Males	1986	74.89
07 Castilla y León	Males	1985	74.40
07 Castilla y León	Males	1984	74.36
07 Castilla y León	Males	1983	74.45
07 Castilla y León	Males	1982	74.44
07 Castilla y León	Males	1981	73.69
07 Castilla y León	Males	1980	73.53
07 Castilla y León	Males	1979	72.69
07 Castilla y León	Males	1978	72.25
07 Castilla y León	Males	1977	71.77
07 Castilla y León	Males	1976	71.42
07 Castilla y León	Males	1975	71.30
07 Castilla y León	Females	2024	87.28
07 Castilla y León	Females	2023	87.15
07 Castilla y León	Females	2022	86.46
07 Castilla y León	Females	2021	86.93
07 Castilla y León	Females	2020	85.47
07 Castilla y León	Females	2019	86.94
07 Castilla y León	Females	2018	86.55
07 Castilla y León	Females	2017	86.51
07 Castilla y León	Females	2016	86.67
07 Castilla y León	Females	2015	86.40
07 Castilla y León	Females	2014	86.44
07 Castilla y León	Females	2013	86.26
07 Castilla y León	Females	2012	86.15
07 Castilla y León	Females	2011	86.10
07 Castilla y León	Females	2010	86.04
07 Castilla y León	Females	2009	85.72
07 Castilla y León	Females	2008	85.25
07 Castilla y León	Females	2007	85.02
07 Castilla y León	Females	2006	85.07
07 Castilla y León	Females	2005	84.67
07 Castilla y León	Females	2004	84.76
07 Castilla y León	Females	2003	84.29
07 Castilla y León	Females	2002	84.19
07 Castilla y León	Females	2001	84.46
07 Castilla y León	Females	2000	84.04
07 Castilla y León	Females	1999	83.76
07 Castilla y León	Females	1998	83.52
07 Castilla y León	Females	1997	83.53
07 Castilla y León	Females	1996	83.09
07 Castilla y León	Females	1995	83.08
07 Castilla y León	Females	1994	82.84
07 Castilla y León	Females	1993	82.61
07 Castilla y León	Females	1992	82.09
07 Castilla y León	Females	1991	81.79
07 Castilla y León	Females	1990	81.22
07 Castilla y León	Females	1989	81.04
07 Castilla y León	Females	1988	80.97
07 Castilla y León	Females	1987	80.89
07 Castilla y León	Females	1986	80.38
07 Castilla y León	Females	1985	80.29
07 Castilla y León	Females	1984	80.18
07 Castilla y León	Females	1983	79.82
07 Castilla y León	Females	1982	79.91
07 Castilla y León	Females	1981	79.04
07 Castilla y León	Females	1980	79.02
07 Castilla y León	Females	1979	78.40
07 Castilla y León	Females	1978	77.81
07 Castilla y León	Females	1977	77.17
07 Castilla y León	Females	1976	76.84
07 Castilla y León	Females	1975	76.40
08 Castilla - La Mancha	Both genders	2024	83.85
08 Castilla - La Mancha	Both genders	2023	83.78
08 Castilla - La Mancha	Both genders	2022	83.33
08 Castilla - La Mancha	Both genders	2021	83.02
08 Castilla - La Mancha	Both genders	2020	81.22
08 Castilla - La Mancha	Both genders	2019	83.57
08 Castilla - La Mancha	Both genders	2018	83.42
08 Castilla - La Mancha	Both genders	2017	83.00
08 Castilla - La Mancha	Both genders	2016	83.24
08 Castilla - La Mancha	Both genders	2015	82.83
08 Castilla - La Mancha	Both genders	2014	83.28
08 Castilla - La Mancha	Both genders	2013	83.08
08 Castilla - La Mancha	Both genders	2012	82.69
08 Castilla - La Mancha	Both genders	2011	82.77
08 Castilla - La Mancha	Both genders	2010	82.71
08 Castilla - La Mancha	Both genders	2009	82.29
08 Castilla - La Mancha	Both genders	2008	81.77
08 Castilla - La Mancha	Both genders	2007	81.42
08 Castilla - La Mancha	Both genders	2006	81.68
08 Castilla - La Mancha	Both genders	2005	80.83
08 Castilla - La Mancha	Both genders	2004	80.90
08 Castilla - La Mancha	Both genders	2003	80.52
08 Castilla - La Mancha	Both genders	2002	80.37
08 Castilla - La Mancha	Both genders	2001	80.15
08 Castilla - La Mancha	Both genders	2000	80.25
08 Castilla - La Mancha	Both genders	1999	79.74
08 Castilla - La Mancha	Both genders	1998	79.66
08 Castilla - La Mancha	Both genders	1997	79.74
08 Castilla - La Mancha	Both genders	1996	78.98
08 Castilla - La Mancha	Both genders	1995	79.03
08 Castilla - La Mancha	Both genders	1994	78.59
08 Castilla - La Mancha	Both genders	1993	78.29
08 Castilla - La Mancha	Both genders	1992	78.32
08 Castilla - La Mancha	Both genders	1991	77.81
08 Castilla - La Mancha	Both genders	1990	77.92
08 Castilla - La Mancha	Both genders	1989	77.57
08 Castilla - La Mancha	Both genders	1988	77.65
08 Castilla - La Mancha	Both genders	1987	77.38
08 Castilla - La Mancha	Both genders	1986	76.97
08 Castilla - La Mancha	Both genders	1985	76.74
08 Castilla - La Mancha	Both genders	1984	76.65
08 Castilla - La Mancha	Both genders	1983	76.38
08 Castilla - La Mancha	Both genders	1982	76.68
08 Castilla - La Mancha	Both genders	1981	75.87
08 Castilla - La Mancha	Both genders	1980	75.91
08 Castilla - La Mancha	Both genders	1979	75.25
08 Castilla - La Mancha	Both genders	1978	74.94
08 Castilla - La Mancha	Both genders	1977	74.82
08 Castilla - La Mancha	Both genders	1976	74.44
08 Castilla - La Mancha	Both genders	1975	73.89
08 Castilla - La Mancha	Males	2024	81.43
08 Castilla - La Mancha	Males	2023	81.36
08 Castilla - La Mancha	Males	2022	80.89
08 Castilla - La Mancha	Males	2021	80.34
08 Castilla - La Mancha	Males	2020	78.60
08 Castilla - La Mancha	Males	2019	81.16
08 Castilla - La Mancha	Males	2018	80.96
08 Castilla - La Mancha	Males	2017	80.51
08 Castilla - La Mancha	Males	2016	80.61
08 Castilla - La Mancha	Males	2015	80.25
08 Castilla - La Mancha	Males	2014	80.68
08 Castilla - La Mancha	Males	2013	80.51
08 Castilla - La Mancha	Males	2012	80.15
08 Castilla - La Mancha	Males	2011	80.38
08 Castilla - La Mancha	Males	2010	80.17
08 Castilla - La Mancha	Males	2009	79.66
08 Castilla - La Mancha	Males	2008	79.02
08 Castilla - La Mancha	Males	2007	78.83
08 Castilla - La Mancha	Males	2006	78.97
08 Castilla - La Mancha	Males	2005	78.12
08 Castilla - La Mancha	Males	2004	78.07
08 Castilla - La Mancha	Males	2003	77.70
08 Castilla - La Mancha	Males	2002	77.57
08 Castilla - La Mancha	Males	2001	77.24
08 Castilla - La Mancha	Males	2000	77.53
08 Castilla - La Mancha	Males	1999	76.80
08 Castilla - La Mancha	Males	1998	76.92
08 Castilla - La Mancha	Males	1997	76.94
08 Castilla - La Mancha	Males	1996	76.11
08 Castilla - La Mancha	Males	1995	76.31
08 Castilla - La Mancha	Males	1994	75.72
08 Castilla - La Mancha	Males	1993	75.59
08 Castilla - La Mancha	Males	1992	75.44
08 Castilla - La Mancha	Males	1991	75.05
08 Castilla - La Mancha	Males	1990	75.18
08 Castilla - La Mancha	Males	1989	74.98
08 Castilla - La Mancha	Males	1988	75.03
08 Castilla - La Mancha	Males	1987	74.94
08 Castilla - La Mancha	Males	1986	74.45
08 Castilla - La Mancha	Males	1985	74.16
08 Castilla - La Mancha	Males	1984	74.21
08 Castilla - La Mancha	Males	1983	73.98
08 Castilla - La Mancha	Males	1982	74.58
08 Castilla - La Mancha	Males	1981	73.32
08 Castilla - La Mancha	Males	1980	73.60
08 Castilla - La Mancha	Males	1979	73.11
08 Castilla - La Mancha	Males	1978	72.75
08 Castilla - La Mancha	Males	1977	72.61
08 Castilla - La Mancha	Males	1976	72.20
08 Castilla - La Mancha	Males	1975	71.75
08 Castilla - La Mancha	Females	2024	86.33
08 Castilla - La Mancha	Females	2023	86.27
08 Castilla - La Mancha	Females	2022	85.83
08 Castilla - La Mancha	Females	2021	85.82
08 Castilla - La Mancha	Females	2020	84.04
08 Castilla - La Mancha	Females	2019	86.04
08 Castilla - La Mancha	Females	2018	85.94
08 Castilla - La Mancha	Females	2017	85.57
08 Castilla - La Mancha	Females	2016	85.96
08 Castilla - La Mancha	Females	2015	85.52
08 Castilla - La Mancha	Females	2014	85.96
08 Castilla - La Mancha	Females	2013	85.74
08 Castilla - La Mancha	Females	2012	85.30
08 Castilla - La Mancha	Females	2011	85.20
08 Castilla - La Mancha	Females	2010	85.32
08 Castilla - La Mancha	Females	2009	84.99
08 Castilla - La Mancha	Females	2008	84.64
08 Castilla - La Mancha	Females	2007	84.09
08 Castilla - La Mancha	Females	2006	84.47
08 Castilla - La Mancha	Females	2005	83.63
08 Castilla - La Mancha	Females	2004	83.83
08 Castilla - La Mancha	Females	2003	83.42
08 Castilla - La Mancha	Females	2002	83.25
08 Castilla - La Mancha	Females	2001	83.13
08 Castilla - La Mancha	Females	2000	83.03
08 Castilla - La Mancha	Females	1999	82.79
08 Castilla - La Mancha	Females	1998	82.44
08 Castilla - La Mancha	Females	1997	82.58
08 Castilla - La Mancha	Females	1996	81.91
08 Castilla - La Mancha	Females	1995	81.78
08 Castilla - La Mancha	Females	1994	81.54
08 Castilla - La Mancha	Females	1993	81.02
08 Castilla - La Mancha	Females	1992	81.27
08 Castilla - La Mancha	Females	1991	80.62
08 Castilla - La Mancha	Females	1990	80.70
08 Castilla - La Mancha	Females	1989	80.19
08 Castilla - La Mancha	Females	1988	80.30
08 Castilla - La Mancha	Females	1987	79.80
08 Castilla - La Mancha	Females	1986	79.48
08 Castilla - La Mancha	Females	1985	79.33
08 Castilla - La Mancha	Females	1984	79.07
08 Castilla - La Mancha	Females	1983	78.77
08 Castilla - La Mancha	Females	1982	78.73
08 Castilla - La Mancha	Females	1981	78.42
08 Castilla - La Mancha	Females	1980	78.20
08 Castilla - La Mancha	Females	1979	77.35
08 Castilla - La Mancha	Females	1978	77.12
08 Castilla - La Mancha	Females	1977	77.00
08 Castilla - La Mancha	Females	1976	76.66
08 Castilla - La Mancha	Females	1975	76.02
09 Cataluña	Both genders	2024	84.24
09 Cataluña	Both genders	2023	83.96
09 Cataluña	Both genders	2022	83.49
09 Cataluña	Both genders	2021	83.34
09 Cataluña	Both genders	2020	82.25
09 Cataluña	Both genders	2019	83.82
09 Cataluña	Both genders	2018	83.40
09 Cataluña	Both genders	2017	83.32
09 Cataluña	Both genders	2016	83.42
09 Cataluña	Both genders	2015	83.08
09 Cataluña	Both genders	2014	83.17
09 Cataluña	Both genders	2013	82.97
09 Cataluña	Both genders	2012	82.49
09 Cataluña	Both genders	2011	82.57
09 Cataluña	Both genders	2010	82.26
09 Cataluña	Both genders	2009	81.89
09 Cataluña	Both genders	2008	81.63
09 Cataluña	Both genders	2007	81.34
09 Cataluña	Both genders	2006	81.28
09 Cataluña	Both genders	2005	80.47
09 Cataluña	Both genders	2004	80.63
09 Cataluña	Both genders	2003	79.99
09 Cataluña	Both genders	2002	80.03
09 Cataluña	Both genders	2001	79.87
09 Cataluña	Both genders	2000	79.66
09 Cataluña	Both genders	1999	78.99
09 Cataluña	Both genders	1998	79.19
09 Cataluña	Both genders	1997	78.91
09 Cataluña	Both genders	1996	78.66
09 Cataluña	Both genders	1995	78.30
09 Cataluña	Both genders	1994	78.27
09 Cataluña	Both genders	1993	77.85
09 Cataluña	Both genders	1992	77.53
09 Cataluña	Both genders	1991	77.30
09 Cataluña	Both genders	1990	76.86
09 Cataluña	Both genders	1989	76.82
09 Cataluña	Both genders	1988	77.01
09 Cataluña	Both genders	1987	77.06
09 Cataluña	Both genders	1986	76.95
09 Cataluña	Both genders	1985	76.93
09 Cataluña	Both genders	1984	77.03
09 Cataluña	Both genders	1983	76.66
09 Cataluña	Both genders	1982	77.17
09 Cataluña	Both genders	1981	76.66
09 Cataluña	Both genders	1980	76.30
09 Cataluña	Both genders	1979	75.61
09 Cataluña	Both genders	1978	75.03
09 Cataluña	Both genders	1977	74.89
09 Cataluña	Both genders	1976	74.20
09 Cataluña	Both genders	1975	73.58
09 Cataluña	Males	2024	81.64
09 Cataluña	Males	2023	81.29
09 Cataluña	Males	2022	80.78
09 Cataluña	Males	2021	80.52
09 Cataluña	Males	2020	79.51
09 Cataluña	Males	2019	81.02
09 Cataluña	Males	2018	80.59
09 Cataluña	Males	2017	80.53
09 Cataluña	Males	2016	80.62
09 Cataluña	Males	2015	80.30
09 Cataluña	Males	2014	80.35
09 Cataluña	Males	2013	80.04
09 Cataluña	Males	2012	79.60
09 Cataluña	Males	2011	79.59
09 Cataluña	Males	2010	79.22
09 Cataluña	Males	2009	78.90
09 Cataluña	Males	2008	78.61
09 Cataluña	Males	2007	78.13
09 Cataluña	Males	2006	78.04
09 Cataluña	Males	2005	77.17
09 Cataluña	Males	2004	77.27
09 Cataluña	Males	2003	76.72
09 Cataluña	Males	2002	76.70
09 Cataluña	Males	2001	76.45
09 Cataluña	Males	2000	76.20
09 Cataluña	Males	1999	75.50
09 Cataluña	Males	1998	75.76
09 Cataluña	Males	1997	75.52
09 Cataluña	Males	1996	74.94
09 Cataluña	Males	1995	74.61
09 Cataluña	Males	1994	74.65
09 Cataluña	Males	1993	74.17
09 Cataluña	Males	1992	73.78
09 Cataluña	Males	1991	73.72
09 Cataluña	Males	1990	73.38
09 Cataluña	Males	1989	73.37
09 Cataluña	Males	1988	73.76
09 Cataluña	Males	1987	73.99
09 Cataluña	Males	1986	73.87
09 Cataluña	Males	1985	73.98
09 Cataluña	Males	1984	74.07
09 Cataluña	Males	1983	73.76
09 Cataluña	Males	1982	74.34
09 Cataluña	Males	1981	73.88
09 Cataluña	Males	1980	73.49
09 Cataluña	Males	1979	72.65
09 Cataluña	Males	1978	72.24
09 Cataluña	Males	1977	72.18
09 Cataluña	Males	1976	71.49
09 Cataluña	Males	1975	70.91
09 Cataluña	Females	2024	86.69
09 Cataluña	Females	2023	86.49
09 Cataluña	Females	2022	86.09
09 Cataluña	Females	2021	86.08
09 Cataluña	Females	2020	84.96
09 Cataluña	Females	2019	86.50
09 Cataluña	Females	2018	86.10
09 Cataluña	Females	2017	86.00
09 Cataluña	Females	2016	86.10
09 Cataluña	Females	2015	85.74
09 Cataluña	Females	2014	85.85
09 Cataluña	Females	2013	85.78
09 Cataluña	Females	2012	85.27
09 Cataluña	Females	2011	85.44
09 Cataluña	Females	2010	85.21
09 Cataluña	Females	2009	84.80
09 Cataluña	Females	2008	84.56
09 Cataluña	Females	2007	84.49
09 Cataluña	Females	2006	84.47
09 Cataluña	Females	2005	83.75
09 Cataluña	Females	2004	83.94
09 Cataluña	Females	2003	83.23
09 Cataluña	Females	2002	83.33
09 Cataluña	Females	2001	83.26
09 Cataluña	Females	2000	83.10
09 Cataluña	Females	1999	82.47
09 Cataluña	Females	1998	82.57
09 Cataluña	Females	1997	82.24
09 Cataluña	Females	1996	82.37
09 Cataluña	Females	1995	81.98
09 Cataluña	Females	1994	81.87
09 Cataluña	Females	1993	81.51
09 Cataluña	Females	1992	81.29
09 Cataluña	Females	1991	80.84
09 Cataluña	Females	1990	80.33
09 Cataluña	Females	1989	80.25
09 Cataluña	Females	1988	80.18
09 Cataluña	Females	1987	80.02
09 Cataluña	Females	1986	79.91
09 Cataluña	Females	1985	79.75
09 Cataluña	Females	1984	79.86
09 Cataluña	Females	1983	79.39
09 Cataluña	Females	1982	79.82
09 Cataluña	Females	1981	79.27
09 Cataluña	Females	1980	78.94
09 Cataluña	Females	1979	78.41
09 Cataluña	Females	1978	77.65
09 Cataluña	Females	1977	77.42
09 Cataluña	Females	1976	76.76
09 Cataluña	Females	1975	76.09
10 Comunitat Valenciana	Both genders	2024	83.40
10 Comunitat Valenciana	Both genders	2023	83.10
10 Comunitat Valenciana	Both genders	2022	82.47
10 Comunitat Valenciana	Both genders	2021	82.21
10 Comunitat Valenciana	Both genders	2020	82.32
10 Comunitat Valenciana	Both genders	2019	82.95
10 Comunitat Valenciana	Both genders	2018	82.53
10 Comunitat Valenciana	Both genders	2017	82.47
10 Comunitat Valenciana	Both genders	2016	82.55
10 Comunitat Valenciana	Both genders	2015	82.20
10 Comunitat Valenciana	Both genders	2014	82.39
10 Comunitat Valenciana	Both genders	2013	82.35
10 Comunitat Valenciana	Both genders	2012	81.85
10 Comunitat Valenciana	Both genders	2011	81.76
10 Comunitat Valenciana	Both genders	2010	81.55
10 Comunitat Valenciana	Both genders	2009	81.27
10 Comunitat Valenciana	Both genders	2008	80.85
10 Comunitat Valenciana	Both genders	2007	80.48
10 Comunitat Valenciana	Both genders	2006	80.44
10 Comunitat Valenciana	Both genders	2005	79.65
10 Comunitat Valenciana	Both genders	2004	79.80
10 Comunitat Valenciana	Both genders	2003	79.04
10 Comunitat Valenciana	Both genders	2002	79.01
10 Comunitat Valenciana	Both genders	2001	78.93
10 Comunitat Valenciana	Both genders	2000	78.76
10 Comunitat Valenciana	Both genders	1999	78.12
10 Comunitat Valenciana	Both genders	1998	78.42
10 Comunitat Valenciana	Both genders	1997	77.94
10 Comunitat Valenciana	Both genders	1996	77.66
10 Comunitat Valenciana	Both genders	1995	77.64
10 Comunitat Valenciana	Both genders	1994	77.25
10 Comunitat Valenciana	Both genders	1993	77.15
10 Comunitat Valenciana	Both genders	1992	76.81
10 Comunitat Valenciana	Both genders	1991	76.53
10 Comunitat Valenciana	Both genders	1990	76.27
10 Comunitat Valenciana	Both genders	1989	76.03
10 Comunitat Valenciana	Both genders	1988	75.97
10 Comunitat Valenciana	Both genders	1987	76.06
10 Comunitat Valenciana	Both genders	1986	76.00
10 Comunitat Valenciana	Both genders	1985	75.81
10 Comunitat Valenciana	Both genders	1984	75.90
10 Comunitat Valenciana	Both genders	1983	75.47
10 Comunitat Valenciana	Both genders	1982	75.35
10 Comunitat Valenciana	Both genders	1981	74.91
10 Comunitat Valenciana	Both genders	1980	74.60
10 Comunitat Valenciana	Both genders	1979	73.99
10 Comunitat Valenciana	Both genders	1978	73.50
10 Comunitat Valenciana	Both genders	1977	73.47
10 Comunitat Valenciana	Both genders	1976	73.27
10 Comunitat Valenciana	Both genders	1975	72.92
10 Comunitat Valenciana	Males	2024	80.89
10 Comunitat Valenciana	Males	2023	80.49
10 Comunitat Valenciana	Males	2022	79.84
10 Comunitat Valenciana	Males	2021	79.44
10 Comunitat Valenciana	Males	2020	79.70
10 Comunitat Valenciana	Males	2019	80.26
10 Comunitat Valenciana	Males	2018	79.91
10 Comunitat Valenciana	Males	2017	79.84
10 Comunitat Valenciana	Males	2016	79.91
10 Comunitat Valenciana	Males	2015	79.51
10 Comunitat Valenciana	Males	2014	79.82
10 Comunitat Valenciana	Males	2013	79.79
10 Comunitat Valenciana	Males	2012	79.11
10 Comunitat Valenciana	Males	2011	78.98
10 Comunitat Valenciana	Males	2010	78.76
10 Comunitat Valenciana	Males	2009	78.38
10 Comunitat Valenciana	Males	2008	77.97
10 Comunitat Valenciana	Males	2007	77.49
10 Comunitat Valenciana	Males	2006	77.42
10 Comunitat Valenciana	Males	2005	76.62
10 Comunitat Valenciana	Males	2004	76.69
10 Comunitat Valenciana	Males	2003	75.87
10 Comunitat Valenciana	Males	2002	75.73
10 Comunitat Valenciana	Males	2001	75.72
10 Comunitat Valenciana	Males	2000	75.47
10 Comunitat Valenciana	Males	1999	74.77
10 Comunitat Valenciana	Males	1998	75.14
10 Comunitat Valenciana	Males	1997	74.53
10 Comunitat Valenciana	Males	1996	74.16
10 Comunitat Valenciana	Males	1995	74.34
10 Comunitat Valenciana	Males	1994	73.94
10 Comunitat Valenciana	Males	1993	73.94
10 Comunitat Valenciana	Males	1992	73.33
10 Comunitat Valenciana	Males	1991	73.12
10 Comunitat Valenciana	Males	1990	72.97
10 Comunitat Valenciana	Males	1989	72.81
10 Comunitat Valenciana	Males	1988	72.80
10 Comunitat Valenciana	Males	1987	73.00
10 Comunitat Valenciana	Males	1986	73.13
10 Comunitat Valenciana	Males	1985	72.74
10 Comunitat Valenciana	Males	1984	73.01
10 Comunitat Valenciana	Males	1983	72.65
10 Comunitat Valenciana	Males	1982	72.60
10 Comunitat Valenciana	Males	1981	72.19
10 Comunitat Valenciana	Males	1980	71.72
10 Comunitat Valenciana	Males	1979	71.13
10 Comunitat Valenciana	Males	1978	70.76
10 Comunitat Valenciana	Males	1977	70.78
10 Comunitat Valenciana	Males	1976	70.41
10 Comunitat Valenciana	Males	1975	70.25
10 Comunitat Valenciana	Females	2024	85.84
10 Comunitat Valenciana	Females	2023	85.65
10 Comunitat Valenciana	Females	2022	85.08
10 Comunitat Valenciana	Females	2021	84.98
10 Comunitat Valenciana	Females	2020	84.92
10 Comunitat Valenciana	Females	2019	85.61
10 Comunitat Valenciana	Females	2018	85.13
10 Comunitat Valenciana	Females	2017	85.06
10 Comunitat Valenciana	Females	2016	85.16
10 Comunitat Valenciana	Females	2015	84.89
10 Comunitat Valenciana	Females	2014	84.93
10 Comunitat Valenciana	Females	2013	84.87
10 Comunitat Valenciana	Females	2012	84.59
10 Comunitat Valenciana	Females	2011	84.51
10 Comunitat Valenciana	Females	2010	84.32
10 Comunitat Valenciana	Females	2009	84.18
10 Comunitat Valenciana	Females	2008	83.74
10 Comunitat Valenciana	Females	2007	83.50
10 Comunitat Valenciana	Females	2006	83.47
10 Comunitat Valenciana	Females	2005	82.70
10 Comunitat Valenciana	Females	2004	82.92
10 Comunitat Valenciana	Females	2003	82.26
10 Comunitat Valenciana	Females	2002	82.34
10 Comunitat Valenciana	Females	2001	82.16
10 Comunitat Valenciana	Females	2000	82.09
10 Comunitat Valenciana	Females	1999	81.51
10 Comunitat Valenciana	Females	1998	81.69
10 Comunitat Valenciana	Females	1997	81.40
10 Comunitat Valenciana	Females	1996	81.20
10 Comunitat Valenciana	Females	1995	80.96
10 Comunitat Valenciana	Females	1994	80.58
10 Comunitat Valenciana	Females	1993	80.36
10 Comunitat Valenciana	Females	1992	80.32
10 Comunitat Valenciana	Females	1991	79.95
10 Comunitat Valenciana	Females	1990	79.59
10 Comunitat Valenciana	Females	1989	79.24
10 Comunitat Valenciana	Females	1988	79.13
10 Comunitat Valenciana	Females	1987	79.08
10 Comunitat Valenciana	Females	1986	78.80
10 Comunitat Valenciana	Females	1985	78.85
10 Comunitat Valenciana	Females	1984	78.72
10 Comunitat Valenciana	Females	1983	78.22
10 Comunitat Valenciana	Females	1982	78.00
10 Comunitat Valenciana	Females	1981	77.54
10 Comunitat Valenciana	Females	1980	77.43
10 Comunitat Valenciana	Females	1979	76.81
10 Comunitat Valenciana	Females	1978	76.18
10 Comunitat Valenciana	Females	1977	76.09
10 Comunitat Valenciana	Females	1976	76.10
10 Comunitat Valenciana	Females	1975	75.54
11 Extremadura	Both genders	2024	83.13
11 Extremadura	Both genders	2023	83.06
11 Extremadura	Both genders	2022	82.40
11 Extremadura	Both genders	2021	82.19
11 Extremadura	Both genders	2020	81.83
11 Extremadura	Both genders	2019	82.84
11 Extremadura	Both genders	2018	82.53
11 Extremadura	Both genders	2017	82.27
11 Extremadura	Both genders	2016	82.31
11 Extremadura	Both genders	2015	82.04
11 Extremadura	Both genders	2014	82.35
11 Extremadura	Both genders	2013	81.85
11 Extremadura	Both genders	2012	81.43
11 Extremadura	Both genders	2011	81.74
11 Extremadura	Both genders	2010	81.21
11 Extremadura	Both genders	2009	81.05
11 Extremadura	Both genders	2008	81.03
11 Extremadura	Both genders	2007	80.48
11 Extremadura	Both genders	2006	80.43
11 Extremadura	Both genders	2005	79.60
11 Extremadura	Both genders	2004	79.82
11 Extremadura	Both genders	2003	79.03
11 Extremadura	Both genders	2002	79.38
11 Extremadura	Both genders	2001	79.25
11 Extremadura	Both genders	2000	78.83
11 Extremadura	Both genders	1999	78.56
11 Extremadura	Both genders	1998	78.60
11 Extremadura	Both genders	1997	78.45
11 Extremadura	Both genders	1996	77.94
11 Extremadura	Both genders	1995	78.05
11 Extremadura	Both genders	1994	77.80
11 Extremadura	Both genders	1993	77.24
11 Extremadura	Both genders	1992	77.26
11 Extremadura	Both genders	1991	76.84
11 Extremadura	Both genders	1990	76.46
11 Extremadura	Both genders	1989	76.47
11 Extremadura	Both genders	1988	76.42
11 Extremadura	Both genders	1987	76.29
11 Extremadura	Both genders	1986	75.69
11 Extremadura	Both genders	1985	75.91
11 Extremadura	Both genders	1984	75.72
11 Extremadura	Both genders	1983	75.11
11 Extremadura	Both genders	1982	75.80
11 Extremadura	Both genders	1981	74.98
11 Extremadura	Both genders	1980	74.66
11 Extremadura	Both genders	1979	74.13
11 Extremadura	Both genders	1978	73.78
11 Extremadura	Both genders	1977	73.70
11 Extremadura	Both genders	1976	73.41
11 Extremadura	Both genders	1975	73.12
11 Extremadura	Males	2024	80.36
11 Extremadura	Males	2023	80.53
11 Extremadura	Males	2022	79.77
11 Extremadura	Males	2021	79.38
11 Extremadura	Males	2020	79.13
11 Extremadura	Males	2019	79.93
11 Extremadura	Males	2018	79.71
11 Extremadura	Males	2017	79.54
11 Extremadura	Males	2016	79.58
11 Extremadura	Males	2015	79.11
11 Extremadura	Males	2014	79.54
11 Extremadura	Males	2013	79.02
11 Extremadura	Males	2012	78.49
11 Extremadura	Males	2011	78.63
11 Extremadura	Males	2010	78.21
11 Extremadura	Males	2009	77.87
11 Extremadura	Males	2008	78.05
11 Extremadura	Males	2007	77.41
11 Extremadura	Males	2006	77.15
11 Extremadura	Males	2005	76.34
11 Extremadura	Males	2004	76.46
11 Extremadura	Males	2003	75.94
11 Extremadura	Males	2002	75.97
11 Extremadura	Males	2001	76.00
11 Extremadura	Males	2000	75.53
11 Extremadura	Males	1999	75.24
11 Extremadura	Males	1998	75.30
11 Extremadura	Males	1997	74.95
11 Extremadura	Males	1996	74.60
11 Extremadura	Males	1995	74.62
11 Extremadura	Males	1994	74.38
11 Extremadura	Males	1993	74.03
11 Extremadura	Males	1992	73.98
11 Extremadura	Males	1991	73.49
11 Extremadura	Males	1990	73.38
11 Extremadura	Males	1989	73.24
11 Extremadura	Males	1988	73.19
11 Extremadura	Males	1987	73.22
11 Extremadura	Males	1986	72.48
11 Extremadura	Males	1985	72.89
11 Extremadura	Males	1984	72.57
11 Extremadura	Males	1983	72.03
11 Extremadura	Males	1982	72.85
11 Extremadura	Males	1981	71.88
11 Extremadura	Males	1980	71.45
11 Extremadura	Males	1979	71.15
11 Extremadura	Males	1978	70.70
11 Extremadura	Males	1977	70.62
11 Extremadura	Males	1976	70.57
11 Extremadura	Males	1975	70.23
11 Extremadura	Females	2024	85.99
11 Extremadura	Females	2023	85.64
11 Extremadura	Females	2022	85.14
11 Extremadura	Females	2021	85.15
11 Extremadura	Females	2020	84.67
11 Extremadura	Females	2019	85.86
11 Extremadura	Females	2018	85.47
11 Extremadura	Females	2017	85.08
11 Extremadura	Females	2016	85.12
11 Extremadura	Females	2015	85.06
11 Extremadura	Females	2014	85.25
11 Extremadura	Females	2013	84.78
11 Extremadura	Females	2012	84.49
11 Extremadura	Females	2011	84.97
11 Extremadura	Females	2010	84.31
11 Extremadura	Females	2009	84.37
11 Extremadura	Females	2008	84.10
11 Extremadura	Females	2007	83.67
11 Extremadura	Females	2006	83.82
11 Extremadura	Females	2005	83.03
11 Extremadura	Females	2004	83.31
11 Extremadura	Females	2003	82.22
11 Extremadura	Females	2002	82.92
11 Extremadura	Females	2001	82.64
11 Extremadura	Females	2000	82.24
11 Extremadura	Females	1999	82.00
11 Extremadura	Females	1998	82.00
11 Extremadura	Females	1997	82.08
11 Extremadura	Females	1996	81.38
11 Extremadura	Females	1995	81.57
11 Extremadura	Females	1994	81.31
11 Extremadura	Females	1993	80.50
11 Extremadura	Females	1992	80.60
11 Extremadura	Females	1991	80.27
11 Extremadura	Females	1990	79.56
11 Extremadura	Females	1989	79.73
11 Extremadura	Females	1988	79.66
11 Extremadura	Females	1987	79.35
11 Extremadura	Females	1986	78.89
11 Extremadura	Females	1985	78.89
11 Extremadura	Females	1984	78.82
11 Extremadura	Females	1983	78.18
11 Extremadura	Females	1982	78.68
11 Extremadura	Females	1981	78.04
11 Extremadura	Females	1980	77.86
11 Extremadura	Females	1979	77.10
11 Extremadura	Females	1978	76.85
11 Extremadura	Females	1977	76.79
11 Extremadura	Females	1976	76.21
11 Extremadura	Females	1975	75.98
12 Galicia	Both genders	2024	84.09
12 Galicia	Both genders	2023	83.62
12 Galicia	Both genders	2022	83.23
12 Galicia	Both genders	2021	83.41
12 Galicia	Both genders	2020	83.33
12 Galicia	Both genders	2019	83.51
12 Galicia	Both genders	2018	83.09
12 Galicia	Both genders	2017	83.06
12 Galicia	Both genders	2016	82.65
12 Galicia	Both genders	2015	82.61
12 Galicia	Both genders	2014	82.91
12 Galicia	Both genders	2013	82.60
12 Galicia	Both genders	2012	82.23
12 Galicia	Both genders	2011	82.11
12 Galicia	Both genders	2010	81.93
12 Galicia	Both genders	2009	81.46
12 Galicia	Both genders	2008	81.31
12 Galicia	Both genders	2007	80.89
12 Galicia	Both genders	2006	80.81
12 Galicia	Both genders	2005	80.51
12 Galicia	Both genders	2004	80.63
12 Galicia	Both genders	2003	79.87
12 Galicia	Both genders	2002	80.00
12 Galicia	Both genders	2001	79.87
12 Galicia	Both genders	2000	79.29
12 Galicia	Both genders	1999	79.14
12 Galicia	Both genders	1998	78.91
12 Galicia	Both genders	1997	78.61
12 Galicia	Both genders	1996	77.85
12 Galicia	Both genders	1995	77.92
12 Galicia	Both genders	1994	77.86
12 Galicia	Both genders	1993	77.52
12 Galicia	Both genders	1992	77.32
12 Galicia	Both genders	1991	76.83
12 Galicia	Both genders	1990	76.37
12 Galicia	Both genders	1989	76.59
12 Galicia	Both genders	1988	76.54
12 Galicia	Both genders	1987	76.48
12 Galicia	Both genders	1986	75.85
12 Galicia	Both genders	1985	75.96
12 Galicia	Both genders	1984	76.05
12 Galicia	Both genders	1983	75.73
12 Galicia	Both genders	1982	75.63
12 Galicia	Both genders	1981	75.18
12 Galicia	Both genders	1980	75.06
12 Galicia	Both genders	1979	74.27
12 Galicia	Both genders	1978	73.83
12 Galicia	Both genders	1977	73.38
12 Galicia	Both genders	1976	73.17
12 Galicia	Both genders	1975	72.85
12 Galicia	Males	2024	81.23
12 Galicia	Males	2023	80.61
12 Galicia	Males	2022	80.38
12 Galicia	Males	2021	80.41
12 Galicia	Males	2020	80.35
12 Galicia	Males	2019	80.60
12 Galicia	Males	2018	80.10
12 Galicia	Males	2017	80.13
12 Galicia	Males	2016	79.43
12 Galicia	Males	2015	79.58
12 Galicia	Males	2014	79.77
12 Galicia	Males	2013	79.57
12 Galicia	Males	2012	79.08
12 Galicia	Males	2011	78.83
12 Galicia	Males	2010	78.61
12 Galicia	Males	2009	78.12
12 Galicia	Males	2008	77.85
12 Galicia	Males	2007	77.33
12 Galicia	Males	2006	77.23
12 Galicia	Males	2005	76.90
12 Galicia	Males	2004	77.02
12 Galicia	Males	2003	76.33
12 Galicia	Males	2002	76.40
12 Galicia	Males	2001	76.38
12 Galicia	Males	2000	75.61
12 Galicia	Males	1999	75.41
12 Galicia	Males	1998	75.15
12 Galicia	Males	1997	74.85
12 Galicia	Males	1996	73.89
12 Galicia	Males	1995	74.04
12 Galicia	Males	1994	73.99
12 Galicia	Males	1993	73.74
12 Galicia	Males	1992	73.50
12 Galicia	Males	1991	73.06
12 Galicia	Males	1990	72.85
12 Galicia	Males	1989	73.07
12 Galicia	Males	1988	73.04
12 Galicia	Males	1987	72.99
12 Galicia	Males	1986	72.36
12 Galicia	Males	1985	72.49
12 Galicia	Males	1984	72.73
12 Galicia	Males	1983	72.59
12 Galicia	Males	1982	72.32
12 Galicia	Males	1981	72.09
12 Galicia	Males	1980	71.89
12 Galicia	Males	1979	71.03
12 Galicia	Males	1978	70.61
12 Galicia	Males	1977	70.29
12 Galicia	Males	1976	69.96
12 Galicia	Males	1975	69.76
12 Galicia	Females	2024	86.86
12 Galicia	Females	2023	86.56
12 Galicia	Females	2022	86.01
12 Galicia	Females	2021	86.33
12 Galicia	Females	2020	86.25
12 Galicia	Females	2019	86.33
12 Galicia	Females	2018	86.00
12 Galicia	Females	2017	85.91
12 Galicia	Females	2016	85.84
12 Galicia	Females	2015	85.56
12 Galicia	Females	2014	85.99
12 Galicia	Females	2013	85.54
12 Galicia	Females	2012	85.33
12 Galicia	Females	2011	85.32
12 Galicia	Females	2010	85.21
12 Galicia	Females	2009	84.74
12 Galicia	Females	2008	84.72
12 Galicia	Females	2007	84.41
12 Galicia	Females	2006	84.34
12 Galicia	Females	2005	84.07
12 Galicia	Females	2004	84.17
12 Galicia	Females	2003	83.34
12 Galicia	Females	2002	83.52
12 Galicia	Females	2001	83.24
12 Galicia	Females	2000	82.88
12 Galicia	Females	1999	82.83
12 Galicia	Females	1998	82.60
12 Galicia	Females	1997	82.29
12 Galicia	Females	1996	81.80
12 Galicia	Females	1995	81.76
12 Galicia	Females	1994	81.69
12 Galicia	Females	1993	81.25
12 Galicia	Females	1992	81.09
12 Galicia	Females	1991	80.55
12 Galicia	Females	1990	79.80
12 Galicia	Females	1989	80.02
12 Galicia	Females	1988	79.96
12 Galicia	Females	1987	79.84
12 Galicia	Females	1986	79.24
12 Galicia	Females	1985	79.33
12 Galicia	Females	1984	79.23
12 Galicia	Females	1983	78.69
12 Galicia	Females	1982	78.77
12 Galicia	Females	1981	78.10
12 Galicia	Females	1980	78.07
12 Galicia	Females	1979	77.37
12 Galicia	Females	1978	76.91
12 Galicia	Females	1977	76.29
12 Galicia	Females	1976	76.23
12 Galicia	Females	1975	75.78
13 Madrid, Comunidad de	Both genders	2024	85.58
13 Madrid, Comunidad de	Both genders	2023	85.39
13 Madrid, Comunidad de	Both genders	2022	84.76
13 Madrid, Comunidad de	Both genders	2021	84.56
13 Madrid, Comunidad de	Both genders	2020	82.27
13 Madrid, Comunidad de	Both genders	2019	84.93
13 Madrid, Comunidad de	Both genders	2018	84.73
13 Madrid, Comunidad de	Both genders	2017	84.48
13 Madrid, Comunidad de	Both genders	2016	84.50
13 Madrid, Comunidad de	Both genders	2015	83.97
13 Madrid, Comunidad de	Both genders	2014	84.20
13 Madrid, Comunidad de	Both genders	2013	84.13
13 Madrid, Comunidad de	Both genders	2012	83.64
13 Madrid, Comunidad de	Both genders	2011	83.63
13 Madrid, Comunidad de	Both genders	2010	83.39
13 Madrid, Comunidad de	Both genders	2009	82.93
13 Madrid, Comunidad de	Both genders	2008	82.58
13 Madrid, Comunidad de	Both genders	2007	82.08
13 Madrid, Comunidad de	Both genders	2006	82.06
13 Madrid, Comunidad de	Both genders	2005	81.50
13 Madrid, Comunidad de	Both genders	2004	81.24
13 Madrid, Comunidad de	Both genders	2003	80.63
13 Madrid, Comunidad de	Both genders	2002	80.81
13 Madrid, Comunidad de	Both genders	2001	80.58
13 Madrid, Comunidad de	Both genders	2000	80.36
13 Madrid, Comunidad de	Both genders	1999	80.19
13 Madrid, Comunidad de	Both genders	1998	79.93
13 Madrid, Comunidad de	Both genders	1997	79.97
13 Madrid, Comunidad de	Both genders	1996	79.18
13 Madrid, Comunidad de	Both genders	1995	78.81
13 Madrid, Comunidad de	Both genders	1994	78.75
13 Madrid, Comunidad de	Both genders	1993	78.32
13 Madrid, Comunidad de	Both genders	1992	78.10
13 Madrid, Comunidad de	Both genders	1991	77.58
13 Madrid, Comunidad de	Both genders	1990	77.24
13 Madrid, Comunidad de	Both genders	1989	77.43
13 Madrid, Comunidad de	Both genders	1988	77.25
13 Madrid, Comunidad de	Both genders	1987	77.32
13 Madrid, Comunidad de	Both genders	1986	77.48
13 Madrid, Comunidad de	Both genders	1985	76.77
13 Madrid, Comunidad de	Both genders	1984	76.74
13 Madrid, Comunidad de	Both genders	1983	76.21
13 Madrid, Comunidad de	Both genders	1982	76.61
13 Madrid, Comunidad de	Both genders	1981	75.65
13 Madrid, Comunidad de	Both genders	1980	76.09
13 Madrid, Comunidad de	Both genders	1979	75.71
13 Madrid, Comunidad de	Both genders	1978	75.26
13 Madrid, Comunidad de	Both genders	1977	74.98
13 Madrid, Comunidad de	Both genders	1976	74.60
13 Madrid, Comunidad de	Both genders	1975	74.46
13 Madrid, Comunidad de	Males	2024	83.07
13 Madrid, Comunidad de	Males	2023	82.92
13 Madrid, Comunidad de	Males	2022	82.08
13 Madrid, Comunidad de	Males	2021	81.72
13 Madrid, Comunidad de	Males	2020	79.37
13 Madrid, Comunidad de	Males	2019	82.33
13 Madrid, Comunidad de	Males	2018	82.00
13 Madrid, Comunidad de	Males	2017	81.85
13 Madrid, Comunidad de	Males	2016	81.74
13 Madrid, Comunidad de	Males	2015	81.15
13 Madrid, Comunidad de	Males	2014	81.44
13 Madrid, Comunidad de	Males	2013	81.23
13 Madrid, Comunidad de	Males	2012	80.80
13 Madrid, Comunidad de	Males	2011	80.68
13 Madrid, Comunidad de	Males	2010	80.37
13 Madrid, Comunidad de	Males	2009	79.82
13 Madrid, Comunidad de	Males	2008	79.36
13 Madrid, Comunidad de	Males	2007	78.78
13 Madrid, Comunidad de	Males	2006	78.72
13 Madrid, Comunidad de	Males	2005	78.15
13 Madrid, Comunidad de	Males	2004	77.89
13 Madrid, Comunidad de	Males	2003	77.15
13 Madrid, Comunidad de	Males	2002	77.25
13 Madrid, Comunidad de	Males	2001	76.96
13 Madrid, Comunidad de	Males	2000	76.88
13 Madrid, Comunidad de	Males	1999	76.70
13 Madrid, Comunidad de	Males	1998	76.23
13 Madrid, Comunidad de	Males	1997	76.28
13 Madrid, Comunidad de	Males	1996	75.32
13 Madrid, Comunidad de	Males	1995	74.81
13 Madrid, Comunidad de	Males	1994	74.76
13 Madrid, Comunidad de	Males	1993	74.21
13 Madrid, Comunidad de	Males	1992	73.99
13 Madrid, Comunidad de	Males	1991	73.50
13 Madrid, Comunidad de	Males	1990	73.39
13 Madrid, Comunidad de	Males	1989	73.66
13 Madrid, Comunidad de	Males	1988	73.58
13 Madrid, Comunidad de	Males	1987	73.67
13 Madrid, Comunidad de	Males	1986	74.04
13 Madrid, Comunidad de	Males	1985	73.26
13 Madrid, Comunidad de	Males	1984	73.28
13 Madrid, Comunidad de	Males	1983	72.65
13 Madrid, Comunidad de	Males	1982	73.19
13 Madrid, Comunidad de	Males	1981	72.21
13 Madrid, Comunidad de	Males	1980	72.64
13 Madrid, Comunidad de	Males	1979	72.32
13 Madrid, Comunidad de	Males	1978	71.90
13 Madrid, Comunidad de	Males	1977	71.50
13 Madrid, Comunidad de	Males	1976	71.26
13 Madrid, Comunidad de	Males	1975	71.11
13 Madrid, Comunidad de	Females	2024	87.74
13 Madrid, Comunidad de	Females	2023	87.51
13 Madrid, Comunidad de	Females	2022	87.11
13 Madrid, Comunidad de	Females	2021	87.08
13 Madrid, Comunidad de	Females	2020	84.99
13 Madrid, Comunidad de	Females	2019	87.19
13 Madrid, Comunidad de	Females	2018	87.11
13 Madrid, Comunidad de	Females	2017	86.77
13 Madrid, Comunidad de	Females	2016	86.92
13 Madrid, Comunidad de	Females	2015	86.47
13 Madrid, Comunidad de	Females	2014	86.59
13 Madrid, Comunidad de	Females	2013	86.66
13 Madrid, Comunidad de	Females	2012	86.12
13 Madrid, Comunidad de	Females	2011	86.21
13 Madrid, Comunidad de	Females	2010	86.06
13 Madrid, Comunidad de	Females	2009	85.68
13 Madrid, Comunidad de	Females	2008	85.45
13 Madrid, Comunidad de	Females	2007	85.06
13 Madrid, Comunidad de	Females	2006	85.08
13 Madrid, Comunidad de	Females	2005	84.53
13 Madrid, Comunidad de	Females	2004	84.28
13 Madrid, Comunidad de	Females	2003	83.81
13 Madrid, Comunidad de	Females	2002	84.09
13 Madrid, Comunidad de	Females	2001	83.92
13 Madrid, Comunidad de	Females	2000	83.54
13 Madrid, Comunidad de	Females	1999	83.37
13 Madrid, Comunidad de	Females	1998	83.33
13 Madrid, Comunidad de	Females	1997	83.34
13 Madrid, Comunidad de	Females	1996	82.74
13 Madrid, Comunidad de	Females	1995	82.54
13 Madrid, Comunidad de	Females	1994	82.45
13 Madrid, Comunidad de	Females	1993	82.18
13 Madrid, Comunidad de	Females	1992	81.95
13 Madrid, Comunidad de	Females	1991	81.41
13 Madrid, Comunidad de	Females	1990	80.83
13 Madrid, Comunidad de	Females	1989	80.91
13 Madrid, Comunidad de	Females	1988	80.63
13 Madrid, Comunidad de	Females	1987	80.66
13 Madrid, Comunidad de	Females	1986	80.59
13 Madrid, Comunidad de	Females	1985	79.98
13 Madrid, Comunidad de	Females	1984	79.86
13 Madrid, Comunidad de	Females	1983	79.45
13 Madrid, Comunidad de	Females	1982	79.67
13 Madrid, Comunidad de	Females	1981	78.77
13 Madrid, Comunidad de	Females	1980	79.18
13 Madrid, Comunidad de	Females	1979	78.73
13 Madrid, Comunidad de	Females	1978	78.26
13 Madrid, Comunidad de	Females	1977	78.12
13 Madrid, Comunidad de	Females	1976	77.57
13 Madrid, Comunidad de	Females	1975	77.44
14 Murcia, Región de	Both genders	2024	83.39
14 Murcia, Región de	Both genders	2023	82.82
14 Murcia, Región de	Both genders	2022	82.05
14 Murcia, Región de	Both genders	2021	82.21
14 Murcia, Región de	Both genders	2020	82.26
14 Murcia, Región de	Both genders	2019	82.62
14 Murcia, Región de	Both genders	2018	82.64
14 Murcia, Región de	Both genders	2017	82.40
14 Murcia, Región de	Both genders	2016	82.51
14 Murcia, Región de	Both genders	2015	82.21
14 Murcia, Región de	Both genders	2014	82.47
14 Murcia, Región de	Both genders	2013	82.27
14 Murcia, Región de	Both genders	2012	81.72
14 Murcia, Región de	Both genders	2011	81.71
14 Murcia, Región de	Both genders	2010	81.62
14 Murcia, Región de	Both genders	2009	80.90
14 Murcia, Región de	Both genders	2008	80.43
14 Murcia, Región de	Both genders	2007	80.30
14 Murcia, Región de	Both genders	2006	80.27
14 Murcia, Región de	Both genders	2005	79.71
14 Murcia, Región de	Both genders	2004	79.54
14 Murcia, Región de	Both genders	2003	79.11
14 Murcia, Región de	Both genders	2002	78.96
14 Murcia, Región de	Both genders	2001	78.95
14 Murcia, Región de	Both genders	2000	78.42
14 Murcia, Región de	Both genders	1999	77.90
14 Murcia, Región de	Both genders	1998	78.22
14 Murcia, Región de	Both genders	1997	78.06
14 Murcia, Región de	Both genders	1996	78.05
14 Murcia, Región de	Both genders	1995	78.04
14 Murcia, Región de	Both genders	1994	77.61
14 Murcia, Región de	Both genders	1993	77.46
14 Murcia, Región de	Both genders	1992	77.07
14 Murcia, Región de	Both genders	1991	76.49
14 Murcia, Región de	Both genders	1990	76.09
14 Murcia, Región de	Both genders	1989	75.95
14 Murcia, Región de	Both genders	1988	76.51
14 Murcia, Región de	Both genders	1987	76.67
14 Murcia, Región de	Both genders	1986	76.16
14 Murcia, Región de	Both genders	1985	75.70
14 Murcia, Región de	Both genders	1984	75.64
14 Murcia, Región de	Both genders	1983	75.16
14 Murcia, Región de	Both genders	1982	75.45
14 Murcia, Región de	Both genders	1981	74.90
14 Murcia, Región de	Both genders	1980	74.30
14 Murcia, Región de	Both genders	1979	74.49
14 Murcia, Región de	Both genders	1978	74.06
14 Murcia, Región de	Both genders	1977	73.92
14 Murcia, Región de	Both genders	1976	73.39
14 Murcia, Región de	Both genders	1975	72.95
14 Murcia, Región de	Males	2024	80.88
14 Murcia, Región de	Males	2023	80.36
14 Murcia, Región de	Males	2022	79.32
14 Murcia, Región de	Males	2021	79.60
14 Murcia, Región de	Males	2020	79.56
14 Murcia, Región de	Males	2019	80.08
14 Murcia, Región de	Males	2018	80.10
14 Murcia, Región de	Males	2017	79.78
14 Murcia, Región de	Males	2016	80.12
14 Murcia, Región de	Males	2015	79.73
14 Murcia, Región de	Males	2014	80.01
14 Murcia, Región de	Males	2013	79.76
14 Murcia, Región de	Males	2012	78.88
14 Murcia, Región de	Males	2011	78.98
14 Murcia, Región de	Males	2010	78.95
14 Murcia, Región de	Males	2009	78.22
14 Murcia, Región de	Males	2008	77.84
14 Murcia, Región de	Males	2007	77.28
14 Murcia, Región de	Males	2006	77.27
14 Murcia, Región de	Males	2005	76.63
14 Murcia, Región de	Males	2004	76.50
14 Murcia, Región de	Males	2003	76.21
14 Murcia, Región de	Males	2002	75.91
14 Murcia, Región de	Males	2001	75.63
14 Murcia, Región de	Males	2000	75.24
14 Murcia, Región de	Males	1999	74.80
14 Murcia, Región de	Males	1998	74.98
14 Murcia, Región de	Males	1997	74.80
14 Murcia, Región de	Males	1996	74.94
14 Murcia, Región de	Males	1995	74.92
14 Murcia, Región de	Males	1994	74.27
14 Murcia, Región de	Males	1993	74.26
14 Murcia, Región de	Males	1992	73.80
14 Murcia, Región de	Males	1991	73.38
14 Murcia, Región de	Males	1990	72.84
14 Murcia, Región de	Males	1989	72.75
14 Murcia, Región de	Males	1988	73.50
14 Murcia, Región de	Males	1987	73.72
14 Murcia, Región de	Males	1986	73.07
14 Murcia, Región de	Males	1985	72.76
14 Murcia, Región de	Males	1984	72.81
14 Murcia, Región de	Males	1983	72.01
14 Murcia, Región de	Males	1982	72.58
14 Murcia, Región de	Males	1981	71.82
14 Murcia, Región de	Males	1980	71.34
14 Murcia, Región de	Males	1979	71.74
14 Murcia, Región de	Males	1978	71.26
14 Murcia, Región de	Males	1977	71.25
14 Murcia, Región de	Males	1976	70.62
14 Murcia, Región de	Males	1975	70.02
14 Murcia, Región de	Females	2024	85.87
14 Murcia, Región de	Females	2023	85.28
14 Murcia, Región de	Females	2022	84.85
14 Murcia, Región de	Females	2021	84.85
14 Murcia, Región de	Females	2020	85.02
14 Murcia, Región de	Females	2019	85.17
14 Murcia, Región de	Females	2018	85.18
14 Murcia, Región de	Females	2017	85.04
14 Murcia, Región de	Females	2016	84.87
14 Murcia, Región de	Females	2015	84.69
14 Murcia, Región de	Females	2014	84.88
14 Murcia, Región de	Females	2013	84.77
14 Murcia, Región de	Females	2012	84.60
14 Murcia, Región de	Females	2011	84.44
14 Murcia, Región de	Females	2010	84.30
14 Murcia, Región de	Females	2009	83.58
14 Murcia, Región de	Females	2008	83.05
14 Murcia, Región de	Females	2007	83.41
14 Murcia, Región de	Females	2006	83.34
14 Murcia, Región de	Females	2005	82.89
14 Murcia, Región de	Females	2004	82.62
14 Murcia, Región de	Females	2003	82.05
14 Murcia, Región de	Females	2002	82.04
14 Murcia, Región de	Females	2001	82.34
14 Murcia, Región de	Females	2000	81.63
14 Murcia, Región de	Females	1999	81.06
14 Murcia, Región de	Females	1998	81.51
14 Murcia, Región de	Females	1997	81.35
14 Murcia, Región de	Females	1996	81.16
14 Murcia, Región de	Females	1995	81.14
14 Murcia, Región de	Females	1994	80.98
14 Murcia, Región de	Females	1993	80.67
14 Murcia, Región de	Females	1992	80.34
14 Murcia, Región de	Females	1991	79.59
14 Murcia, Región de	Females	1990	79.38
14 Murcia, Región de	Females	1989	79.16
14 Murcia, Región de	Females	1988	79.48
14 Murcia, Región de	Females	1987	79.57
14 Murcia, Región de	Females	1986	79.21
14 Murcia, Región de	Females	1985	78.59
14 Murcia, Región de	Females	1984	78.35
14 Murcia, Región de	Females	1983	78.28
14 Murcia, Región de	Females	1982	78.22
14 Murcia, Región de	Females	1981	77.94
14 Murcia, Región de	Females	1980	77.21
14 Murcia, Región de	Females	1979	77.14
14 Murcia, Región de	Females	1978	76.76
14 Murcia, Región de	Females	1977	76.49
14 Murcia, Región de	Females	1976	76.07
14 Murcia, Región de	Females	1975	75.80
15 Navarra, Comunidad Foral de	Both genders	2024	84.66
15 Navarra, Comunidad Foral de	Both genders	2023	84.79
15 Navarra, Comunidad Foral de	Both genders	2022	83.85
15 Navarra, Comunidad Foral de	Both genders	2021	84.26
15 Navarra, Comunidad Foral de	Both genders	2020	83.33
15 Navarra, Comunidad Foral de	Both genders	2019	84.55
15 Navarra, Comunidad Foral de	Both genders	2018	84.14
15 Navarra, Comunidad Foral de	Both genders	2017	83.80
15 Navarra, Comunidad Foral de	Both genders	2016	83.81
15 Navarra, Comunidad Foral de	Both genders	2015	83.75
15 Navarra, Comunidad Foral de	Both genders	2014	83.45
15 Navarra, Comunidad Foral de	Both genders	2013	83.49
15 Navarra, Comunidad Foral de	Both genders	2012	83.42
15 Navarra, Comunidad Foral de	Both genders	2011	83.47
15 Navarra, Comunidad Foral de	Both genders	2010	83.68
15 Navarra, Comunidad Foral de	Both genders	2009	82.90
15 Navarra, Comunidad Foral de	Both genders	2008	82.29
15 Navarra, Comunidad Foral de	Both genders	2007	82.20
15 Navarra, Comunidad Foral de	Both genders	2006	82.02
15 Navarra, Comunidad Foral de	Both genders	2005	81.62
15 Navarra, Comunidad Foral de	Both genders	2004	81.46
15 Navarra, Comunidad Foral de	Both genders	2003	80.91
15 Navarra, Comunidad Foral de	Both genders	2002	80.83
15 Navarra, Comunidad Foral de	Both genders	2001	81.01
15 Navarra, Comunidad Foral de	Both genders	2000	80.40
15 Navarra, Comunidad Foral de	Both genders	1999	80.15
15 Navarra, Comunidad Foral de	Both genders	1998	79.97
15 Navarra, Comunidad Foral de	Both genders	1997	80.06
15 Navarra, Comunidad Foral de	Both genders	1996	79.44
15 Navarra, Comunidad Foral de	Both genders	1995	79.31
15 Navarra, Comunidad Foral de	Both genders	1994	79.32
15 Navarra, Comunidad Foral de	Both genders	1993	78.92
15 Navarra, Comunidad Foral de	Both genders	1992	78.92
15 Navarra, Comunidad Foral de	Both genders	1991	78.08
15 Navarra, Comunidad Foral de	Both genders	1990	77.97
15 Navarra, Comunidad Foral de	Both genders	1989	77.72
15 Navarra, Comunidad Foral de	Both genders	1988	77.55
15 Navarra, Comunidad Foral de	Both genders	1987	77.26
15 Navarra, Comunidad Foral de	Both genders	1986	76.82
15 Navarra, Comunidad Foral de	Both genders	1985	76.45
15 Navarra, Comunidad Foral de	Both genders	1984	76.73
15 Navarra, Comunidad Foral de	Both genders	1983	75.98
15 Navarra, Comunidad Foral de	Both genders	1982	75.72
15 Navarra, Comunidad Foral de	Both genders	1981	75.74
15 Navarra, Comunidad Foral de	Both genders	1980	75.07
15 Navarra, Comunidad Foral de	Both genders	1979	75.08
15 Navarra, Comunidad Foral de	Both genders	1978	74.24
15 Navarra, Comunidad Foral de	Both genders	1977	74.44
15 Navarra, Comunidad Foral de	Both genders	1976	73.74
15 Navarra, Comunidad Foral de	Both genders	1975	72.97
15 Navarra, Comunidad Foral de	Males	2024	81.96
15 Navarra, Comunidad Foral de	Males	2023	82.27
15 Navarra, Comunidad Foral de	Males	2022	81.05
15 Navarra, Comunidad Foral de	Males	2021	81.62
15 Navarra, Comunidad Foral de	Males	2020	80.70
15 Navarra, Comunidad Foral de	Males	2019	82.10
15 Navarra, Comunidad Foral de	Males	2018	81.44
15 Navarra, Comunidad Foral de	Males	2017	81.05
15 Navarra, Comunidad Foral de	Males	2016	81.09
15 Navarra, Comunidad Foral de	Males	2015	80.94
15 Navarra, Comunidad Foral de	Males	2014	80.63
15 Navarra, Comunidad Foral de	Males	2013	80.61
15 Navarra, Comunidad Foral de	Males	2012	80.35
15 Navarra, Comunidad Foral de	Males	2011	80.81
15 Navarra, Comunidad Foral de	Males	2010	80.75
15 Navarra, Comunidad Foral de	Males	2009	79.76
15 Navarra, Comunidad Foral de	Males	2008	79.24
15 Navarra, Comunidad Foral de	Males	2007	79.00
15 Navarra, Comunidad Foral de	Males	2006	78.59
15 Navarra, Comunidad Foral de	Males	2005	78.63
15 Navarra, Comunidad Foral de	Males	2004	78.32
15 Navarra, Comunidad Foral de	Males	2003	77.69
15 Navarra, Comunidad Foral de	Males	2002	76.99
15 Navarra, Comunidad Foral de	Males	2001	77.67
15 Navarra, Comunidad Foral de	Males	2000	77.02
15 Navarra, Comunidad Foral de	Males	1999	76.71
15 Navarra, Comunidad Foral de	Males	1998	76.40
15 Navarra, Comunidad Foral de	Males	1997	76.69
15 Navarra, Comunidad Foral de	Males	1996	75.92
15 Navarra, Comunidad Foral de	Males	1995	75.81
15 Navarra, Comunidad Foral de	Males	1994	76.02
15 Navarra, Comunidad Foral de	Males	1993	75.56
15 Navarra, Comunidad Foral de	Males	1992	75.29
15 Navarra, Comunidad Foral de	Males	1991	74.70
15 Navarra, Comunidad Foral de	Males	1990	74.86
15 Navarra, Comunidad Foral de	Males	1989	74.33
15 Navarra, Comunidad Foral de	Males	1988	74.54
15 Navarra, Comunidad Foral de	Males	1987	74.17
15 Navarra, Comunidad Foral de	Males	1986	73.95
15 Navarra, Comunidad Foral de	Males	1985	72.91
15 Navarra, Comunidad Foral de	Males	1984	73.52
15 Navarra, Comunidad Foral de	Males	1983	72.64
15 Navarra, Comunidad Foral de	Males	1982	72.63
15 Navarra, Comunidad Foral de	Males	1981	72.14
15 Navarra, Comunidad Foral de	Males	1980	71.80
15 Navarra, Comunidad Foral de	Males	1979	71.92
15 Navarra, Comunidad Foral de	Males	1978	71.12
15 Navarra, Comunidad Foral de	Males	1977	71.72
15 Navarra, Comunidad Foral de	Males	1976	70.53
15 Navarra, Comunidad Foral de	Males	1975	69.96
15 Navarra, Comunidad Foral de	Females	2024	87.33
15 Navarra, Comunidad Foral de	Females	2023	87.24
15 Navarra, Comunidad Foral de	Females	2022	86.67
15 Navarra, Comunidad Foral de	Females	2021	86.87
15 Navarra, Comunidad Foral de	Females	2020	85.99
15 Navarra, Comunidad Foral de	Females	2019	86.92
15 Navarra, Comunidad Foral de	Females	2018	86.81
15 Navarra, Comunidad Foral de	Females	2017	86.53
15 Navarra, Comunidad Foral de	Females	2016	86.51
15 Navarra, Comunidad Foral de	Females	2015	86.54
15 Navarra, Comunidad Foral de	Females	2014	86.26
15 Navarra, Comunidad Foral de	Females	2013	86.35
15 Navarra, Comunidad Foral de	Females	2012	86.52
15 Navarra, Comunidad Foral de	Females	2011	86.05
15 Navarra, Comunidad Foral de	Females	2010	86.52
15 Navarra, Comunidad Foral de	Females	2009	86.02
15 Navarra, Comunidad Foral de	Females	2008	85.36
15 Navarra, Comunidad Foral de	Females	2007	85.41
15 Navarra, Comunidad Foral de	Females	2006	85.49
15 Navarra, Comunidad Foral de	Females	2005	84.58
15 Navarra, Comunidad Foral de	Females	2004	84.59
15 Navarra, Comunidad Foral de	Females	2003	84.18
15 Navarra, Comunidad Foral de	Females	2002	84.85
15 Navarra, Comunidad Foral de	Females	2001	84.39
15 Navarra, Comunidad Foral de	Females	2000	83.87
15 Navarra, Comunidad Foral de	Females	1999	83.70
15 Navarra, Comunidad Foral de	Females	1998	83.63
15 Navarra, Comunidad Foral de	Females	1997	83.49
15 Navarra, Comunidad Foral de	Females	1996	83.04
15 Navarra, Comunidad Foral de	Females	1995	82.86
15 Navarra, Comunidad Foral de	Females	1994	82.65
15 Navarra, Comunidad Foral de	Females	1993	82.32
15 Navarra, Comunidad Foral de	Females	1992	82.63
15 Navarra, Comunidad Foral de	Females	1991	81.54
15 Navarra, Comunidad Foral de	Females	1990	81.11
15 Navarra, Comunidad Foral de	Females	1989	81.19
15 Navarra, Comunidad Foral de	Females	1988	80.59
15 Navarra, Comunidad Foral de	Females	1987	80.38
15 Navarra, Comunidad Foral de	Females	1986	79.70
15 Navarra, Comunidad Foral de	Females	1985	80.15
15 Navarra, Comunidad Foral de	Females	1984	80.03
15 Navarra, Comunidad Foral de	Females	1983	79.44
15 Navarra, Comunidad Foral de	Females	1982	78.86
15 Navarra, Comunidad Foral de	Females	1981	79.48
15 Navarra, Comunidad Foral de	Females	1980	78.49
15 Navarra, Comunidad Foral de	Females	1979	78.36
15 Navarra, Comunidad Foral de	Females	1978	77.49
15 Navarra, Comunidad Foral de	Females	1977	77.21
15 Navarra, Comunidad Foral de	Females	1976	77.11
15 Navarra, Comunidad Foral de	Females	1975	76.07
16 País Vasco	Both genders	2024	84.64
16 País Vasco	Both genders	2023	84.42
16 País Vasco	Both genders	2022	83.49
16 País Vasco	Both genders	2021	83.70
16 País Vasco	Both genders	2020	83.18
16 País Vasco	Both genders	2019	83.98
16 País Vasco	Both genders	2018	83.65
16 País Vasco	Both genders	2017	83.55
16 País Vasco	Both genders	2016	83.43
16 País Vasco	Both genders	2015	83.09
16 País Vasco	Both genders	2014	83.35
16 País Vasco	Both genders	2013	83.13
16 País Vasco	Both genders	2012	82.75
16 País Vasco	Both genders	2011	82.46
16 País Vasco	Both genders	2010	82.42
16 País Vasco	Both genders	2009	81.98
16 País Vasco	Both genders	2008	81.74
16 País Vasco	Both genders	2007	81.34
16 País Vasco	Both genders	2006	81.49
16 País Vasco	Both genders	2005	80.86
16 País Vasco	Both genders	2004	80.78
16 País Vasco	Both genders	2003	80.26
16 País Vasco	Both genders	2002	80.16
16 País Vasco	Both genders	2001	80.18
16 País Vasco	Both genders	2000	79.61
16 País Vasco	Both genders	1999	79.40
16 País Vasco	Both genders	1998	79.00
16 País Vasco	Both genders	1997	79.04
16 País Vasco	Both genders	1996	78.19
16 País Vasco	Both genders	1995	78.16
16 País Vasco	Both genders	1994	78.35
16 País Vasco	Both genders	1993	78.04
16 País Vasco	Both genders	1992	77.66
16 País Vasco	Both genders	1991	77.11
16 País Vasco	Both genders	1990	76.83
16 País Vasco	Both genders	1989	77.05
16 País Vasco	Both genders	1988	76.61
16 País Vasco	Both genders	1987	76.54
16 País Vasco	Both genders	1986	76.01
16 País Vasco	Both genders	1985	76.01
16 País Vasco	Both genders	1984	75.90
16 País Vasco	Both genders	1983	75.60
16 País Vasco	Both genders	1982	75.74
16 País Vasco	Both genders	1981	74.93
16 País Vasco	Both genders	1980	74.64
16 País Vasco	Both genders	1979	74.32
16 País Vasco	Both genders	1978	73.83
16 País Vasco	Both genders	1977	73.49
16 País Vasco	Both genders	1976	73.07
16 País Vasco	Both genders	1975	72.65
16 País Vasco	Males	2024	81.91
16 País Vasco	Males	2023	81.65
16 País Vasco	Males	2022	80.72
16 País Vasco	Males	2021	80.88
16 País Vasco	Males	2020	80.30
16 País Vasco	Males	2019	81.05
16 País Vasco	Males	2018	80.84
16 País Vasco	Males	2017	80.59
16 País Vasco	Males	2016	80.39
16 País Vasco	Males	2015	80.11
16 País Vasco	Males	2014	80.38
16 País Vasco	Males	2013	79.87
16 País Vasco	Males	2012	79.55
16 País Vasco	Males	2011	79.22
16 País Vasco	Males	2010	79.18
16 País Vasco	Males	2009	78.61
16 País Vasco	Males	2008	78.35
16 País Vasco	Males	2007	77.92
16 País Vasco	Males	2006	77.93
16 País Vasco	Males	2005	77.16
16 País Vasco	Males	2004	77.27
16 País Vasco	Males	2003	76.74
16 País Vasco	Males	2002	76.56
16 País Vasco	Males	2001	76.41
16 País Vasco	Males	2000	75.88
16 País Vasco	Males	1999	75.68
16 País Vasco	Males	1998	75.33
16 País Vasco	Males	1997	75.12
16 País Vasco	Males	1996	74.21
16 País Vasco	Males	1995	74.10
16 País Vasco	Males	1994	74.19
16 País Vasco	Males	1993	73.85
16 País Vasco	Males	1992	73.47
16 País Vasco	Males	1991	72.88
16 País Vasco	Males	1990	73.01
16 País Vasco	Males	1989	73.11
16 País Vasco	Males	1988	73.06
16 País Vasco	Males	1987	72.74
16 País Vasco	Males	1986	72.40
16 País Vasco	Males	1985	72.39
16 País Vasco	Males	1984	72.10
16 País Vasco	Males	1983	72.07
16 País Vasco	Males	1982	72.09
16 País Vasco	Males	1981	71.24
16 País Vasco	Males	1980	70.89
16 País Vasco	Males	1979	70.70
16 País Vasco	Males	1978	70.20
16 País Vasco	Males	1977	69.90
16 País Vasco	Males	1976	69.52
16 País Vasco	Males	1975	69.22
16 País Vasco	Females	2024	87.20
16 País Vasco	Females	2023	87.02
16 País Vasco	Females	2022	86.12
16 País Vasco	Females	2021	86.39
16 País Vasco	Females	2020	85.97
16 País Vasco	Females	2019	86.76
16 País Vasco	Females	2018	86.30
16 País Vasco	Females	2017	86.34
16 País Vasco	Females	2016	86.33
16 País Vasco	Females	2015	85.93
16 País Vasco	Females	2014	86.12
16 País Vasco	Females	2013	86.25
16 País Vasco	Females	2012	85.84
16 País Vasco	Females	2011	85.58
16 País Vasco	Females	2010	85.53
16 País Vasco	Females	2009	85.25
16 País Vasco	Females	2008	85.04
16 País Vasco	Females	2007	84.68
16 País Vasco	Females	2006	84.96
16 País Vasco	Females	2005	84.53
16 País Vasco	Females	2004	84.24
16 País Vasco	Females	2003	83.73
16 País Vasco	Females	2002	83.69
16 País Vasco	Females	2001	83.92
16 País Vasco	Females	2000	83.31
16 País Vasco	Females	1999	83.08
16 País Vasco	Females	1998	82.64
16 País Vasco	Females	1997	82.94
16 País Vasco	Females	1996	82.20
16 País Vasco	Females	1995	82.25
16 País Vasco	Females	1994	82.54
16 País Vasco	Females	1993	82.29
16 País Vasco	Females	1992	81.89
16 País Vasco	Females	1991	81.43
16 País Vasco	Females	1990	80.65
16 País Vasco	Females	1989	81.02
16 País Vasco	Females	1988	80.15
16 País Vasco	Females	1987	80.37
16 País Vasco	Females	1986	79.63
16 País Vasco	Females	1985	79.62
16 País Vasco	Females	1984	79.74
16 País Vasco	Females	1983	79.11
16 País Vasco	Females	1982	79.38
16 País Vasco	Females	1981	78.65
16 País Vasco	Females	1980	78.43
16 País Vasco	Females	1979	77.95
16 País Vasco	Females	1978	77.47
16 País Vasco	Females	1977	77.13
16 País Vasco	Females	1976	76.69
16 País Vasco	Females	1975	76.10
17 Rioja, La	Both genders	2024	83.90
17 Rioja, La	Both genders	2023	84.17
17 Rioja, La	Both genders	2022	83.20
17 Rioja, La	Both genders	2021	83.27
17 Rioja, La	Both genders	2020	82.50
17 Rioja, La	Both genders	2019	83.83
17 Rioja, La	Both genders	2018	83.63
17 Rioja, La	Both genders	2017	83.61
17 Rioja, La	Both genders	2016	83.80
17 Rioja, La	Both genders	2015	83.37
17 Rioja, La	Both genders	2014	83.78
17 Rioja, La	Both genders	2013	83.61
17 Rioja, La	Both genders	2012	82.66
17 Rioja, La	Both genders	2011	82.85
17 Rioja, La	Both genders	2010	82.95
17 Rioja, La	Both genders	2009	82.52
17 Rioja, La	Both genders	2008	81.93
17 Rioja, La	Both genders	2007	81.49
17 Rioja, La	Both genders	2006	81.88
17 Rioja, La	Both genders	2005	80.97
17 Rioja, La	Both genders	2004	81.35
17 Rioja, La	Both genders	2003	80.60
17 Rioja, La	Both genders	2002	80.48
17 Rioja, La	Both genders	2001	80.55
17 Rioja, La	Both genders	2000	80.43
17 Rioja, La	Both genders	1999	79.45
17 Rioja, La	Both genders	1998	79.66
17 Rioja, La	Both genders	1997	79.85
17 Rioja, La	Both genders	1996	79.16
17 Rioja, La	Both genders	1995	79.10
17 Rioja, La	Both genders	1994	79.01
17 Rioja, La	Both genders	1993	78.47
17 Rioja, La	Both genders	1992	77.94
17 Rioja, La	Both genders	1991	77.76
17 Rioja, La	Both genders	1990	76.68
17 Rioja, La	Both genders	1989	77.18
17 Rioja, La	Both genders	1988	77.11
17 Rioja, La	Both genders	1987	76.37
17 Rioja, La	Both genders	1986	76.81
17 Rioja, La	Both genders	1985	75.95
17 Rioja, La	Both genders	1984	76.95
17 Rioja, La	Both genders	1983	76.14
17 Rioja, La	Both genders	1982	76.22
17 Rioja, La	Both genders	1981	74.97
17 Rioja, La	Both genders	1980	74.98
17 Rioja, La	Both genders	1979	74.71
17 Rioja, La	Both genders	1978	74.61
17 Rioja, La	Both genders	1977	74.10
17 Rioja, La	Both genders	1976	73.88
17 Rioja, La	Both genders	1975	73.11
17 Rioja, La	Males	2024	81.30
17 Rioja, La	Males	2023	81.44
17 Rioja, La	Males	2022	80.46
17 Rioja, La	Males	2021	80.46
17 Rioja, La	Males	2020	79.64
17 Rioja, La	Males	2019	81.09
17 Rioja, La	Males	2018	80.90
17 Rioja, La	Males	2017	80.91
17 Rioja, La	Males	2016	81.18
17 Rioja, La	Males	2015	80.64
17 Rioja, La	Males	2014	80.69
17 Rioja, La	Males	2013	80.85
17 Rioja, La	Males	2012	79.63
17 Rioja, La	Males	2011	79.85
17 Rioja, La	Males	2010	80.18
17 Rioja, La	Males	2009	79.55
17 Rioja, La	Males	2008	79.02
17 Rioja, La	Males	2007	77.95
17 Rioja, La	Males	2006	78.53
17 Rioja, La	Males	2005	77.67
17 Rioja, La	Males	2004	78.40
17 Rioja, La	Males	2003	77.28
17 Rioja, La	Males	2002	77.13
17 Rioja, La	Males	2001	76.77
17 Rioja, La	Males	2000	76.93
17 Rioja, La	Males	1999	76.17
17 Rioja, La	Males	1998	76.65
17 Rioja, La	Males	1997	76.40
17 Rioja, La	Males	1996	75.93
17 Rioja, La	Males	1995	75.96
17 Rioja, La	Males	1994	75.84
17 Rioja, La	Males	1993	75.21
17 Rioja, La	Males	1992	74.66
17 Rioja, La	Males	1991	74.30
17 Rioja, La	Males	1990	73.13
17 Rioja, La	Males	1989	74.03
17 Rioja, La	Males	1988	74.34
17 Rioja, La	Males	1987	73.16
17 Rioja, La	Males	1986	73.90
17 Rioja, La	Males	1985	72.85
17 Rioja, La	Males	1984	74.31
17 Rioja, La	Males	1983	73.12
17 Rioja, La	Males	1982	72.89
17 Rioja, La	Males	1981	71.58
17 Rioja, La	Males	1980	72.14
17 Rioja, La	Males	1979	72.09
17 Rioja, La	Males	1978	71.61
17 Rioja, La	Males	1977	71.39
17 Rioja, La	Males	1976	71.23
17 Rioja, La	Males	1975	70.59
17 Rioja, La	Females	2024	86.51
17 Rioja, La	Females	2023	86.94
17 Rioja, La	Females	2022	86.00
17 Rioja, La	Females	2021	86.15
17 Rioja, La	Females	2020	85.48
17 Rioja, La	Females	2019	86.62
17 Rioja, La	Females	2018	86.42
17 Rioja, La	Females	2017	86.34
17 Rioja, La	Females	2016	86.42
17 Rioja, La	Females	2015	86.13
17 Rioja, La	Females	2014	86.95
17 Rioja, La	Females	2013	86.37
17 Rioja, La	Females	2012	85.83
17 Rioja, La	Females	2011	86.00
17 Rioja, La	Females	2010	85.79
17 Rioja, La	Females	2009	85.58
17 Rioja, La	Females	2008	84.90
17 Rioja, La	Females	2007	85.28
17 Rioja, La	Females	2006	85.35
17 Rioja, La	Females	2005	84.43
17 Rioja, La	Females	2004	84.33
17 Rioja, La	Females	2003	84.09
17 Rioja, La	Females	2002	84.02
17 Rioja, La	Females	2001	84.52
17 Rioja, La	Females	2000	84.10
17 Rioja, La	Females	1999	82.89
17 Rioja, La	Females	1998	82.77
17 Rioja, La	Females	1997	83.46
17 Rioja, La	Females	1996	82.50
17 Rioja, La	Females	1995	82.34
17 Rioja, La	Females	1994	82.25
17 Rioja, La	Females	1993	81.82
17 Rioja, La	Females	1992	81.33
17 Rioja, La	Females	1991	81.34
17 Rioja, La	Females	1990	80.42
17 Rioja, La	Females	1989	80.43
17 Rioja, La	Females	1988	79.92
17 Rioja, La	Females	1987	79.71
17 Rioja, La	Females	1986	79.77
17 Rioja, La	Females	1985	79.18
17 Rioja, La	Females	1984	79.53
17 Rioja, La	Females	1983	79.22
17 Rioja, La	Females	1982	79.68
17 Rioja, La	Females	1981	78.49
17 Rioja, La	Females	1980	77.85
17 Rioja, La	Females	1979	77.33
17 Rioja, La	Females	1978	77.66
17 Rioja, La	Females	1977	76.84
17 Rioja, La	Females	1976	76.58
17 Rioja, La	Females	1975	75.64
18 Ceuta	Both genders	2024	81.60
18 Ceuta	Both genders	2023	81.11
18 Ceuta	Both genders	2022	79.71
18 Ceuta	Both genders	2021	78.30
18 Ceuta	Both genders	2020	79.14
18 Ceuta	Both genders	2019	80.42
18 Ceuta	Both genders	2018	80.39
18 Ceuta	Both genders	2017	79.19
18 Ceuta	Both genders	2016	80.63
18 Ceuta	Both genders	2015	80.18
18 Ceuta	Both genders	2014	79.82
18 Ceuta	Both genders	2013	79.35
18 Ceuta	Both genders	2012	80.17
18 Ceuta	Both genders	2011	79.43
18 Ceuta	Both genders	2010	78.52
18 Ceuta	Both genders	2009	78.09
18 Ceuta	Both genders	2008	78.76
18 Ceuta	Both genders	2007	77.92
18 Ceuta	Both genders	2006	78.16
18 Ceuta	Both genders	2005	77.95
18 Ceuta	Both genders	2004	77.89
18 Ceuta	Both genders	2003	77.58
18 Ceuta	Both genders	2002	76.77
18 Ceuta	Both genders	2001	77.95
18 Ceuta	Both genders	2000	78.08
18 Ceuta	Both genders	1999	76.21
18 Ceuta	Both genders	1998	75.76
18 Ceuta	Both genders	1997	76.04
18 Ceuta	Both genders	1996	74.97
18 Ceuta	Both genders	1995	75.88
18 Ceuta	Both genders	1994	75.98
18 Ceuta	Both genders	1993	75.74
18 Ceuta	Both genders	1992	75.97
18 Ceuta	Both genders	1991	74.80
18 Ceuta	Both genders	1990	73.23
18 Ceuta	Both genders	1989	74.50
18 Ceuta	Both genders	1988	74.43
18 Ceuta	Both genders	1987	74.41
18 Ceuta	Both genders	1986	73.51
18 Ceuta	Both genders	1985	72.30
18 Ceuta	Both genders	1984	73.59
18 Ceuta	Both genders	1983	73.17
18 Ceuta	Both genders	1982	72.35
18 Ceuta	Both genders	1981	72.85
18 Ceuta	Both genders	1980	71.43
18 Ceuta	Both genders	1979	70.95
18 Ceuta	Both genders	1978	69.91
18 Ceuta	Both genders	1977	71.60
18 Ceuta	Both genders	1976	70.59
18 Ceuta	Both genders	1975	70.35
18 Ceuta	Males	2024	79.63
18 Ceuta	Males	2023	78.78
18 Ceuta	Males	2022	77.95
18 Ceuta	Males	2021	75.74
18 Ceuta	Males	2020	77.27
18 Ceuta	Males	2019	78.36
18 Ceuta	Males	2018	78.46
18 Ceuta	Males	2017	76.51
18 Ceuta	Males	2016	77.72
18 Ceuta	Males	2015	77.02
18 Ceuta	Males	2014	76.62
18 Ceuta	Males	2013	77.47
18 Ceuta	Males	2012	78.63
18 Ceuta	Males	2011	76.67
18 Ceuta	Males	2010	75.81
18 Ceuta	Males	2009	75.58
18 Ceuta	Males	2008	76.50
18 Ceuta	Males	2007	75.18
18 Ceuta	Males	2006	75.13
18 Ceuta	Males	2005	75.44
18 Ceuta	Males	2004	74.61
18 Ceuta	Males	2003	74.63
18 Ceuta	Males	2002	73.25
18 Ceuta	Males	2001	75.30
18 Ceuta	Males	2000	75.12
18 Ceuta	Males	1999	72.13
18 Ceuta	Males	1998	73.34
18 Ceuta	Males	1997	72.33
18 Ceuta	Males	1996	72.10
18 Ceuta	Males	1995	72.35
18 Ceuta	Males	1994	73.12
18 Ceuta	Males	1993	72.09
18 Ceuta	Males	1992	72.25
18 Ceuta	Males	1991	71.25
18 Ceuta	Males	1990	69.46
18 Ceuta	Males	1989	71.07
18 Ceuta	Males	1988	70.60
18 Ceuta	Males	1987	70.27
18 Ceuta	Males	1986	68.85
18 Ceuta	Males	1985	70.27
18 Ceuta	Males	1984	69.32
18 Ceuta	Males	1983	70.73
18 Ceuta	Males	1982	69.03
18 Ceuta	Males	1981	69.04
18 Ceuta	Males	1980	67.47
18 Ceuta	Males	1979	67.79
18 Ceuta	Males	1978	65.73
18 Ceuta	Males	1977	67.99
18 Ceuta	Males	1976	67.61
18 Ceuta	Males	1975	66.35
18 Ceuta	Females	2024	83.51
18 Ceuta	Females	2023	83.43
18 Ceuta	Females	2022	81.45
18 Ceuta	Females	2021	81.12
18 Ceuta	Females	2020	81.15
18 Ceuta	Females	2019	82.57
18 Ceuta	Females	2018	82.27
18 Ceuta	Females	2017	82.02
18 Ceuta	Females	2016	83.73
18 Ceuta	Females	2015	83.54
18 Ceuta	Females	2014	83.32
18 Ceuta	Females	2013	81.26
18 Ceuta	Females	2012	81.83
18 Ceuta	Females	2011	82.31
18 Ceuta	Females	2010	81.44
18 Ceuta	Females	2009	80.68
18 Ceuta	Females	2008	81.07
18 Ceuta	Females	2007	80.61
18 Ceuta	Females	2006	81.23
18 Ceuta	Females	2005	80.43
18 Ceuta	Females	2004	81.25
18 Ceuta	Females	2003	80.60
18 Ceuta	Females	2002	80.38
18 Ceuta	Females	2001	80.54
18 Ceuta	Females	2000	81.06
18 Ceuta	Females	1999	80.52
18 Ceuta	Females	1998	78.10
18 Ceuta	Females	1997	79.89
18 Ceuta	Females	1996	77.84
18 Ceuta	Females	1995	79.34
18 Ceuta	Females	1994	78.87
18 Ceuta	Females	1993	79.31
18 Ceuta	Females	1992	79.68
18 Ceuta	Females	1991	78.39
18 Ceuta	Females	1990	77.16
18 Ceuta	Females	1989	77.83
18 Ceuta	Females	1988	78.25
18 Ceuta	Females	1987	78.77
18 Ceuta	Females	1986	78.29
18 Ceuta	Females	1985	74.12
18 Ceuta	Females	1984	78.03
18 Ceuta	Females	1983	75.38
18 Ceuta	Females	1982	75.51
18 Ceuta	Females	1981	76.55
18 Ceuta	Females	1980	75.57
18 Ceuta	Females	1979	73.98
18 Ceuta	Females	1978	74.14
18 Ceuta	Females	1977	75.17
18 Ceuta	Females	1976	73.28
18 Ceuta	Females	1975	74.18
19 Melilla	Both genders	2024	82.66
19 Melilla	Both genders	2023	81.61
19 Melilla	Both genders	2022	81.55
19 Melilla	Both genders	2021	79.72
19 Melilla	Both genders	2020	78.82
19 Melilla	Both genders	2019	80.67
19 Melilla	Both genders	2018	80.18
19 Melilla	Both genders	2017	80.21
19 Melilla	Both genders	2016	80.43
19 Melilla	Both genders	2015	79.88
19 Melilla	Both genders	2014	80.03
19 Melilla	Both genders	2013	80.33
19 Melilla	Both genders	2012	80.29
19 Melilla	Both genders	2011	79.93
19 Melilla	Both genders	2010	81.13
19 Melilla	Both genders	2009	80.56
19 Melilla	Both genders	2008	78.41
19 Melilla	Both genders	2007	78.78
19 Melilla	Both genders	2006	78.21
19 Melilla	Both genders	2005	78.53
19 Melilla	Both genders	2004	77.66
19 Melilla	Both genders	2003	77.18
19 Melilla	Both genders	2002	77.31
19 Melilla	Both genders	2001	77.40
19 Melilla	Both genders	2000	76.87
19 Melilla	Both genders	1999	77.14
19 Melilla	Both genders	1998	75.27
19 Melilla	Both genders	1997	76.16
19 Melilla	Both genders	1996	77.22
19 Melilla	Both genders	1995	76.25
19 Melilla	Both genders	1994	75.20
19 Melilla	Both genders	1993	76.24
19 Melilla	Both genders	1992	78.14
19 Melilla	Both genders	1991	76.12
19 Melilla	Both genders	1990	74.57
19 Melilla	Both genders	1989	74.94
19 Melilla	Both genders	1988	73.68
19 Melilla	Both genders	1987	75.54
19 Melilla	Both genders	1986	74.62
19 Melilla	Both genders	1985	74.69
19 Melilla	Both genders	1984	74.53
19 Melilla	Both genders	1983	74.71
19 Melilla	Both genders	1982	74.55
19 Melilla	Both genders	1981	74.54
19 Melilla	Both genders	1980	73.90
19 Melilla	Both genders	1979	72.63
19 Melilla	Both genders	1978	71.93
19 Melilla	Both genders	1977	73.33
19 Melilla	Both genders	1976	73.08
19 Melilla	Both genders	1975	73.38
19 Melilla	Males	2024	80.07
19 Melilla	Males	2023	79.73
19 Melilla	Males	2022	79.22
19 Melilla	Males	2021	77.31
19 Melilla	Males	2020	77.10
19 Melilla	Males	2019	78.17
19 Melilla	Males	2018	78.21
19 Melilla	Males	2017	77.75
19 Melilla	Males	2016	78.70
19 Melilla	Males	2015	78.13
19 Melilla	Males	2014	77.67
19 Melilla	Males	2013	78.24
19 Melilla	Males	2012	78.11
19 Melilla	Males	2011	77.01
19 Melilla	Males	2010	78.47
19 Melilla	Males	2009	78.15
19 Melilla	Males	2008	75.20
19 Melilla	Males	2007	76.54
19 Melilla	Males	2006	75.49
19 Melilla	Males	2005	76.12
19 Melilla	Males	2004	75.05
19 Melilla	Males	2003	74.41
19 Melilla	Males	2002	73.96
19 Melilla	Males	2001	73.82
19 Melilla	Males	2000	73.45
19 Melilla	Males	1999	72.76
19 Melilla	Males	1998	72.43
19 Melilla	Males	1997	72.69
19 Melilla	Males	1996	73.39
19 Melilla	Males	1995	73.54
19 Melilla	Males	1994	72.34
19 Melilla	Males	1993	72.07
19 Melilla	Males	1992	74.50
19 Melilla	Males	1991	73.80
19 Melilla	Males	1990	71.58
19 Melilla	Males	1989	70.84
19 Melilla	Males	1988	69.51
19 Melilla	Males	1987	70.79
19 Melilla	Males	1986	71.63
19 Melilla	Males	1985	70.30
19 Melilla	Males	1984	70.85
19 Melilla	Males	1983	71.78
19 Melilla	Males	1982	70.63
19 Melilla	Males	1981	71.10
19 Melilla	Males	1980	69.81
19 Melilla	Males	1979	69.48
19 Melilla	Males	1978	68.75
19 Melilla	Males	1977	70.28
19 Melilla	Males	1976	68.51
19 Melilla	Males	1975	69.42
19 Melilla	Females	2024	85.20
19 Melilla	Females	2023	83.45
19 Melilla	Females	2022	83.84
19 Melilla	Females	2021	82.27
19 Melilla	Females	2020	80.46
19 Melilla	Females	2019	83.14
19 Melilla	Females	2018	82.08
19 Melilla	Females	2017	82.72
19 Melilla	Females	2016	82.09
19 Melilla	Females	2015	81.47
19 Melilla	Females	2014	82.41
19 Melilla	Females	2013	82.13
19 Melilla	Females	2012	82.59
19 Melilla	Females	2011	83.07
19 Melilla	Females	2010	83.67
19 Melilla	Females	2009	82.90
19 Melilla	Females	2008	81.79
19 Melilla	Females	2007	80.90
19 Melilla	Females	2006	80.87
19 Melilla	Females	2005	80.80
19 Melilla	Females	2004	80.17
19 Melilla	Females	2003	79.75
19 Melilla	Females	2002	80.55
19 Melilla	Females	2001	80.97
19 Melilla	Females	2000	80.26
19 Melilla	Females	1999	81.63
19 Melilla	Females	1998	78.07
19 Melilla	Females	1997	79.50
19 Melilla	Females	1996	80.97
19 Melilla	Females	1995	78.93
19 Melilla	Females	1994	77.85
19 Melilla	Females	1993	80.35
19 Melilla	Females	1992	81.32
19 Melilla	Females	1991	78.42
19 Melilla	Females	1990	77.32
19 Melilla	Females	1989	79.00
19 Melilla	Females	1988	78.03
19 Melilla	Females	1987	80.37
19 Melilla	Females	1986	77.44
19 Melilla	Females	1985	78.94
19 Melilla	Females	1984	77.89
19 Melilla	Females	1983	77.39
19 Melilla	Females	1982	78.33
19 Melilla	Females	1981	77.91
19 Melilla	Females	1980	77.89
19 Melilla	Females	1979	75.54
19 Melilla	Females	1978	74.93
19 Melilla	Females	1977	76.10
19 Melilla	Females	1976	77.49
19 Melilla	Females	1975	77.23
